# callgrind format
version: 1
creator: callgrind-3.22.0
pid: 7343
cmd:  /home/runner/work/broken-app/broken-app/target/release/deps/criterion-256fa2044db235a1 --bench --test
part: 1


desc: I1 cache: 
desc: D1 cache: 
desc: LL cache: 

desc: Timerange: Basic block 0 - 1220817271
desc: Trigger: Program termination

positions: line
events: Ir
summary: 3492735821


ob=(3) /usr/lib/x86_64-linux-gnu/libm.so.6
fl=(183) ???
fn=(3380) 0x0000000000010430
0 5

fn=(3370) 0x00000000000104a0
0 9
cob=(4) ???
cfi=(175) ???
cfn=(3376) 0x0000000004889220
calls=1 0 
0 80
0 1
cfn=(3380)
calls=1 0 
0 5
0 3

fn=(606) 0x00000000000104e0
0 12

fl=(151) ./math/../sysdeps/x86_64/fpu/multiarch/e_pow.c
fn=(472) __pow_finite@GLIBC_2.15
27 1
fi=(152) ./math/../sysdeps/x86_64/fpu/multiarch/ifunc-fma4.h
+4 4
+1 2
fe=(151)
-5 1

fl=(146) ./math/../sysdeps/x86_64/fpu/multiarch/s_sin.c
fn=(452) cos
34 1
fi=(144) ./math/../sysdeps/x86_64/fpu/multiarch/ifunc-avx-fma4.h
-2 5
+1 2
fe=(146)
+1 1

fn=(514) sin
27 1
fi=(144)
+5 5
+1 2
fe=(146)
-6 1

fl=(145) ./math/../sysdeps/x86_64/fpu/multiarch/e_expf.c
fn=(448) expf@@GLIBC_2.27
27 1
fi=(142) ./math/../sysdeps/x86_64/fpu/multiarch/ifunc-fma.h
+2 4
+1 3
fe=(145)
-3 1

fl=(157) ./math/../sysdeps/x86_64/fpu/multiarch/s_sinf.c
fn=(492) sinf
26 1
fi=(142)
+3 4
+1 3
fe=(157)
-4 1

fl=(143) ./math/../sysdeps/x86_64/fpu/multiarch/e_exp.c
fn=(444) __exp_finite@GLIBC_2.15
27 1
fi=(144)
+5 5
+1 2
fe=(143)
-6 1

fl=(150) ./math/../sysdeps/x86_64/fpu/multiarch/e_powf.c
fn=(468) powf@@GLIBC_2.27
30 1
fi=(142)
-1 4
+1 4
fe=(150)

fl=(161) ./math/../sysdeps/x86_64/fpu/multiarch/e_atan2.c
fn=(510) __atan2_finite@GLIBC_2.15
26 1
fi=(144)
+6 5
+1 2
fe=(161)
-7 1

fl=(156) ./math/../sysdeps/x86_64/fpu/multiarch/e_asin.c
fn=(498) __asin_finite@GLIBC_2.15
27 1
fi=(152)
+4 4
+1 2
fe=(156)
-5 1

fn=(488) __acos_finite@GLIBC_2.15
35 1
fi=(152)
-4 4
+1 2
+3 1
fe=(156)

fl=(159) ./math/../sysdeps/x86_64/fpu/multiarch/s_expm1.c
fn=(502) expm1
26 1
fi=(142)
+3 4
+1 3
fe=(159)
-4 1

fl=(154) ./math/../sysdeps/x86_64/fpu/multiarch/s_log1p.c
fn=(480) __log1p
26 1
fi=(142)
+3 4
+1 3
fe=(154)
-4 1

fl=(149) ./math/../sysdeps/x86_64/fpu/multiarch/s_sincosf.c
fn=(464) sincosf
26 1
fi=(142)
+3 4
+1 3
fe=(149)
-4 1

fl=(141) ./math/../sysdeps/x86_64/fpu/multiarch/s_cosf.c
fn=(440) cosf
26 1
fi=(142)
+3 4
+1 3
fe=(141)
-4 1

fl=(148) ./math/../sysdeps/x86_64/fpu/multiarch/e_log2.c
fn=(460) log2@@GLIBC_2.29
27 1
fi=(142)
+2 4
+1 3
fe=(148)
-3 1

fl=(147) ./math/../sysdeps/x86_64/fpu/multiarch/e_logf.c
fn=(456) logf@@GLIBC_2.27
27 1
fi=(142)
+2 4
+1 3
fe=(147)
-3 1

fl=(160) ./math/../sysdeps/x86_64/fpu/multiarch/e_exp2f.c
fn=(506) exp2f@@GLIBC_2.27
27 1
fi=(142)
+2 4
+1 3
fe=(160)
-3 1

fl=(162) ./math/../sysdeps/x86_64/fpu/multiarch/s_sincos.c
fn=(518) sincos
26 1
fi=(152)
+5 4
+1 2
fe=(162)
-6 1

fl=(155) ./math/../sysdeps/x86_64/fpu/multiarch/e_log.c
fn=(484) __log_finite@GLIBC_2.15
27 1
fi=(144)
+5 5
+1 2
fe=(155)
-6 1

fl=(153) ./math/../sysdeps/x86_64/fpu/multiarch/e_log2f.c
fn=(476) log2f@@GLIBC_2.27
27 1
fi=(142)
+2 4
+1 3
fe=(153)
-3 1

fl=(158) ./math/../sysdeps/x86_64/fpu/multiarch/s_fma.c
fn=(496) fma
49 6

ob=(1) /usr/lib/x86_64-linux-gnu/ld-linux-x86-64.so.2
fl=(71) ./malloc/./malloc/scratch_buffer_set_array_size.c
fn=(228) __libc_scratch_buffer_set_array_size
30 52
+4 4
+1 8
+10 8
+18 4
-17 4
+17 20

fl=(20) ./elf/../sysdeps/x86/dl-cacheinfo.h
fn=(52) intel_check_word.constprop.0
123 48
-4 72
+10 24
-10 96
+10 48
-10 24
+10 24
-10 24
+10 24
+2 48
+71 48
fi=(21) ./elf/../bits/stdlib-bsearch.h
32 24
fe=(20)
202 120
-71 96
+2 60
+2 120
+8 120
+51 96
+22 48
fi=(21)
28 48
-1 96
+2 216
+2 168
+1 84
fe=(20)
+78 168
+3 324
fi=(21)
-78 264
-6 528
+2 480
+1 240
fe=(20)
+78 480
+15 12
246 144
fi=(21)
37 120
fe=(20)
155 36
+3 36
-6 12
+3 39
+9 18
+23 21
-32 63
+3 63
+4 58
+2 116
+3 84
+1 48
+1 48
+1 30
+2 11
+2 22
+6 14
+3 8
+1 12
-20 15
+12 4
+2 4
+1 4
-2 4
-1 4
+2 8
-2 4
+3 4
-2 12
+2 12
+11 2
-9 12

fn=(56) get_common_cache_info.constprop.0
571 11
+17 1
+1 1
+9 1
-12 1
+2 1
+2 1
+8 1
-11 1
+3 1
+11 2
-5 3
+17 1
+5 3
+4 2
770 5
+1 5
+4 2
+8 1
-1 1
+1 1
+1 1
+1 7
627 5
+3 6
-32 5
+75 4
+8 5
+2 2
-2 1
+6 3
+3 1
+1 5
-4 4
+21 2
-21 4
+2 1
+2 4
-4 1
+6 4
+3 2
+5 1
+2 2
+1 1
+1 1
-2 2
+1 1
-19 4
+46 2
+1 1
+1 2
+1 1
+25 3
630 3
+10 6
+14 2
+4 1
+3 1
+1 1
-4 2
+3 3
+6 4
-37 12
+7 6
-7 3
+7 2
+3 20
+5 2
+4 1
+1 1
-1 2
+1 1
+61 2
+7 1
+2 2
-16 1
+22 1
-6 2
+1 1
+5 1
-30 5

fn=(50) handle_intel.constprop.0
255 24
-5 12
+17 12
-17 96
+11 12
+1 12
+5 36
+4 24
+34 96
-29 12
+3 24
-3 12
+3 36
cfn=(52)
calls=12 123 
* 4092
+2 24
+3 60
cfn=(52)
calls=12 123 
* 1272
+2 24

fl=(16) ./elf/../sysdeps/x86/cpu-features.c
fn=(36) init_cpu_features.constprop.0
682 1
+17 1
-17 7
+3 1
+1 1
+1 1
+3 1
+9 2
+3 6
1001 3
+1 2
+3 2
+1 2
+6 1
+1 1
+1 1
+1 1
fi=(20)
792 1
+1 1
+2 1
+14 2
+85 1
+1 1
+15 1
-5 1
+5 1
-10 1
-6 1
+2 1
+14 1
-15 1
+2 1
-1 1
+2 1
-1 1
+2 1
-1 1
+1 1
+2 1
+1 1
+1 1
+1 1
+35 2
-15 3
+8 2
+27 6
+9 2
+19 2
+8 6
cfi=(11) ./elf/./elf/dl-tunables.c
cfn=(28) __tunable_get_val
calls=1 387 
* 23
* 1
+2 2
+3 4
cfi=(11)
cfn=(28)
calls=1 387 
* 23
* 1
+2 2
+3 4
cfi=(11)
cfn=(28)
calls=1 387 
* 23
* 1
+1 5
+16 2
-12 5
cfi=(11)
cfn=(28)
calls=1 387 
* 23
* 1
+1 3
+6 3
+3 1
-3 2
cfi=(11)
cfn=(28)
calls=1 387 
* 23
* 1
+3 5
-3 1
+3 5
cfi=(11)
cfn=(58) __GI___tunable_set_val
calls=1 153 
* 62
+1 10
cfi=(11)
cfn=(58)
calls=1 153 
* 62
+1 11
cfi=(11)
cfn=(58)
calls=1 153 
* 62
+3 10
cfi=(11)
cfn=(58)
calls=1 153 
* 62
+2 10
cfi=(11)
cfn=(58)
calls=1 153 
* 62
+13 1
+2 1
fe=(16)
-23 1
fi=(20)
+21 1
+3 1
fe=(16)
-24 1
fi=(20)
+26 1
-5 1
+2 1
-2 1
+3 1
fe=(16)
-24 1
fi=(20)
+25 1
+3 1
-1 1
fe=(16)
-27 1
cfi=(11)
cfn=(28)
calls=1 387 
* 22
+3 4
cfi=(11)
cfn=(28)
calls=1 387 
* 24
+6 3
+54 1
-1 1
+1 1
+45 4
cfi=(11)
cfn=(28)
calls=1 387 
* 22
+2 4
cfi=(11)
cfn=(28)
calls=1 387 
* 22
+6 4
cfi=(11)
cfn=(28)
calls=1 387 
* 24
+7 8
fi=(20)
974 12
fe=(16)
+68 1
-1 2
+1 3
+44 3
+27 2
-10 2
+1 2
+2 3
+1 2
+2 3
+1 2
fi=(20)
811 2
cfn=(50)
calls=1 255 
* 455
+1 1
-1 1
+1 1
cfn=(50)
calls=1 255 
* 503
+1 1
-1 1
+1 1
cfn=(50)
calls=1 255 
* 530
+4 1
-4 1
+1 2
+3 1
cfn=(50)
calls=1 255 
* 476
+2 1
-2 1
+2 1
cfn=(50)
calls=1 255 
* 468
+3 1
-3 1
+1 2
+2 1
cfn=(50)
calls=1 255 
* 446
+2 1
-2 1
+2 1
cfn=(50)
calls=1 255 
* 447
+3 1
-2 1
-1 1
+3 1
cfn=(50)
calls=1 255 
* 494
+2 1
-2 1
+2 1
cfn=(50)
calls=1 255 
* 495
+1 1
+2 1
-3 1
+1 1
+2 1
cfn=(50)
calls=1 255 
* 521
+2 1
-2 1
+2 1
cfn=(50)
calls=1 255 
* 522
+2 1
-2 1
+2 1
cfn=(50)
calls=1 255 
* 523
+2 4
-2 1
+2 1
cfn=(56)
calls=1 571 
* 223
+93 1
-6 3
+6 1
-6 2
+6 2
-6 2
+6 2
-1 2
fe=(16)
708 6
cfn=(38) get_common_indices.constprop.0
calls=1 398 
* 74
376 3
+1 2
+1 6
+5 2
713 1
cfn=(42) update_active.constprop.0
calls=1 72 
* 222
+2 1
+2 1
1015 1
715 2
878 2
+7 2
+2 2
+4 2
+6 2
+2 1
706 2
-3 1
384 6
+5 2
+1 7
717 1
fi=(20)
987 1
-48 1
fe=(16)
717 1
fi=(20)
987 2
fe=(16)
717 6
+4 7
+78 1
-25 3
+92 2
+3 2
fi=(20)
+38 1
fe=(16)
-37 1
-89 2
+51 2

fn=(42)
72 8
+4 1
+10 1
+9 1
+9 1
-19 1
-1 1
+29 1
-4 1
-24 1
+9 1
+9 1
+9 1
-28 2
+25 1
-15 1
-9 1
+9 1
+9 1
+9 1
-3 1
+7 1
-13 1
+9 1
+4 2
-22 1
+22 2
-13 1
+6 1
+3 1
+5 1
+12 1
-8 1
-4 1
+7 1
-3 4
+1 1
+2 1
-2 2
+1 3
+5 1
+2 1
-2 4
+1 1
+1 1
-1 2
+1 1
-1 1
+3 2
+1 4
+14 2
356 2
+4 3
fi=(18) ./elf/../sysdeps/unix/sysv/linux/x86/dl-hwcap2.h
25 2
fi=(19) ./elf/../sysdeps/x86/get-isa-level.h
+5 1
-2 1
+2 3
fe=(16)
369 1
+1 8
151 2
+1 2
-1 5
+1 2
+2 3
+90 1
+1 1
-1 2
+17 4
+16 2
+5 1
-1 2
+4 4
+4 2
+4 3
+1 2
+3 1
-1 1
+9 1
-5 1
+2 1
-2 1
+5 1
+51 1
fi=(19)
31 1
fe=(16)
356 2
fi=(19)
32 3
+4 3
fe=(16)
158 4
+3 1
+3 2
+14 1
+2 1
+10 3
-12 1
+12 1
-12 1
+2 2
-2 1
+2 1
+8 1
-8 1
+6 3
+2 1
-2 1
+2 3
+7 5
fi=(19)
39 2
+1 4
-2 1
+7 4
+2 1
+1 2
+3 5
+2 4
+1 2
+1 2
+3 1
-1 1
+1 3
fe=(16)
171 1
-5 2
+4 1

fn=(38)
398 3
+4 4
+3 3
+5 2
-5 1
+5 1
-5 1
+4 1
+1 1
+1 4
+1 4
+1 3
+1 2
+7 2
+2 5
+5 1
-5 1
+5 1
-5 1
+5 1
-5 2
+5 1
+7 1
-7 4
+7 1
+1 3
+6 1
-6 4
+6 1
fi=(17) ./elf/../sysdeps/unix/sysv/linux/x86/dl-minsigstacksize.h
24 2
+3 2
+1 2
+37 3
+7 1
+2 1
fe=(16)
457 3

fl=(14) ./elf/../sysdeps/unix/sysv/linux/brk.c
fn=(30) brk
36 1
fi=(481) ./elf/../sysdeps/unix/sysv/linux/brk_call.h
-12 2
fe=(14)
+13 1
+1 2
+6 1
+1 1

fl=(164) ./elf/./dl-find_object.h
fn=(526) _dl_find_object_from_map
95 12
+1 12
+1 6
+6 30
+1 171
+1 118
+2 18
+5 6

fl=(168) ./elf/./elf/dl-lookup-direct.c
fn=(542) _dl_lookup_direct
74 30
+2 3
-2 6
+4 3
-4 3
+2 3
+2 9
+37 3
-37 9
+1 6
+2 12
+3 25
+2 6
-54 3
+54 3
-54 3
+54 3
-54 9
+1 9
+2 6
+1 6
+12 9
+3 3
+2 6
-2 3
+2 9
cfi=(31) ./string/../sysdeps/x86_64/multiarch/../multiarch/strcmp-sse2.S
cfn=(90) strcmp
calls=3 +45 
* 209
* 6
+4 6
+1 3
-1 3
+1 18
+1 9
cfi=(31)
cfn=(90)
calls=3 +39 
* 198
* 6
+57 27
-23 6

fl=(13) ./elf/./elf/dl-sort-maps.c
fn=(26) _dl_sort_maps_init
289 2
+1 2
-1 2
+1 2
cfi=(11)
cfn=(28)
calls=1 +97 
* 24
+2 3
-1 1
+2 2

fn=(234) dfs_traversal.part.0
135 108
+10 12
-2 12
+2 24
+2 36
-7 48
+7 96
+9 24
+15 36
+1 12
+1 72
-17 18

fn=(232) _dl_sort_maps
298 24
+8 2
-8 2
+8 4
+4 16
-99 2
-28 2
-2 2
+1 4
+29 2
-28 8
+1 2
-1 2
+1 2
-1 4
+1 10
-1 10
+1 10
-1 20
+28 30
+8 6
-3 2
+2 2
+1 4
-3 2
+5 38
+2 12
-83 60
cfn=(234)
calls=12 -5 
* 498
+86 36
+18 8
+32 8
+7 2
+27 2
-47 6
cfi=(29) ./string/../sysdeps/x86_64/multiarch/memmove-vec-unaligned-erms.S
cfn=(82) memcpy
calls=2 -53 
* 38
* 2

fl=(25) ./elf/./elf/dl-environ.c
fn=(70) _dl_next_ld_env_entry
28 3
+1 3
+3 132
+13 122
-13 244
+2 248
+1 12
+5 2
-3 2
+3 2
+2 2

fl=(22) ./string/../sysdeps/x86_64/multiarch/../multiarch/strlen-sse2.S
fn=(62) strlen
57 25
+44 25
+1 25
+1 25
+1 25
+1 25
+1 25
+1 25
+2 25
+2 25
+31 23
+1 23
+1 23
+1 23
+1 23
+1 13
+2 13
+4 10
+1 10
+1 10
+1 10
+1 10
+1 10
+1 10
+1 10
+1 10
+1 10
+1 10
+1 10
+5 80
+4 2
+1 28
+1 14
+15 1
+1 1
+1 2
+51 1
+1 1
+1 1
+1 1
+1 1
+1 1
+1 1
+1 1
+16 1
+2 1
+1 14
+2 1
+1 1
+1 1
+2 1

fl=(2) ./elf/./elf/rtld.c
fn=(246) init_tls
734 1
+6 1
-6 3
+2 2
+4 2
+11 1
fi=(28) ./elf/../include/rtld-malloc.h
44 1
fe=(2)
746 1
+4 1
fi=(28)
44 1
cfi=(27) ./elf/./elf/dl-minimal-malloc.c
cfn=(74) __minimal_calloc
calls=1 +36 
* 41
fe=(2)
761 1
-12 1
+6 1
-9 1
+11 1
+4 1
+2 3
-1 2
+3 12
+4 3
+2 3
-2 6
-5 3
-1 6
+10 3
+3 2
cfi=(46) ./elf/../elf/dl-tls.c
cfn=(248) _dl_tls_static_surplus_init
calls=1 97 
* 86
+3 1
cfi=(46)
cfn=(250) _dl_determine_tlsoffset
calls=1 216 
* 147
+7 1
cfi=(46)
cfn=(252) _dl_allocate_tls_storage
calls=1 417 
* 414
* 1
+1 2
+6 1
fi=(74) ./elf/../sysdeps/generic/dl-call_tls_init_tp.h
31 2
fe=(2)
793 1
fi=(74)
31 6
+2 1
cfi=(24) ./elf/../sysdeps/nptl/dl-tls_init_tp.c
cfn=(256) __tls_init_tp
calls=1 +35 
* 79
fe=(2)
800 1
-3 1
+3 4
-36 3
-1 7

fn=(150) handle_preload_list
869 11
+5 1
-5 2
+5 2
-4 3
+7 3
cfi=(49) ./string/../string/strcspn.c
cfn=(152) strcspn
calls=1 32 
* 240
* 1
+1 3
+9 1
183 1
889 2
183 2
891 2
-80 1
+5 1
-6 1
-4 1
+10 2
-6 1
+4 1
+2 2
-5 1
+1 1
+4 1
cfi=(50) ./elf/./elf/dl-catch.c
cfn=(154) _dl_catch_error
calls=1 254 
* 2754
+1 3
+8 3
+67 1
-18 2
+21 9
-15 4
cfi=(29)
cfn=(82)
calls=1 210 
* 19
+1 2

fn=(2) _dl_start
517 16
85 1
547 4
85 1
543 1
fi=(6) ./elf/../sysdeps/x86_64/dl-machine.h
55 1
fe=(2)
+30 1
546 1
85 1
fi=(3) ./elf/./get-dynamic-info.h
-40 1
fe=(2)
546 1
fi=(3)
45 2
+23 18
-23 72
+4 36
+3 5
-1 10
+3 20
+1 16
+1 5
fi=(4) ./elf/../sysdeps/generic/ldsodefs.h
+23 1
fi=(3)
+31 1
-38 3
+12 4
+1 3
+1 4
+1 4
+1 5
+1 3
+1 4
+1 4
+12 7
+7 2
-51 4
+64 3
+6 3
+1 3
+3 2
+1 3
+5 5
+3 5
fe=(2)
563 154
fi=(4)
79 1
fe=(2)
563 1
fi=(4)
79 2
fe=(2)
563 27
fi=(6)
287 3
fi=(5) ./elf/./elf/do-rel.h
49 1
fe=(2)
563 1
fi=(5)
50 1
-1 2
+4 1
-3 1
+3 4
+3 2
-7 1
fe=(2)
563 1
fi=(5)
50 1
-1 2
+4 1
-3 1
+3 4
+3 2
+7 3
+2 3
-2 6
fi=(6)
278 3
fi=(5)
64 6
fi=(6)
278 6
+9 24
+3 6
+1 6
+26 8
+6 2
fi=(5)
61 13
fe=(2)
563 6
fi=(5)
51 1
fi=(4)
+28 2
fi=(3)
-17 4
+2 4
fe=(2)
565 1
+13 1
cfi=(7) ./elf/./elf/dl-minimal.c
cfn=(12) __rtld_malloc_init_stubs
calls=1 42 
* 10
458 2
85 1
476 2
85 3
476 1
cfi=(8) ./elf/./elf/dl-setup_hash.c
cfn=(14) _dl_setup_hash
calls=1 25 
* 27
+2 1
+16 2
-17 1
+11 1
-10 1
+16 1
cfi=(9) ./elf/../sysdeps/unix/sysv/linux/dl-sysdep.c
cfn=(16) _dl_sysdep_start
calls=1 102 
* 391618
* 1
+2 2
+89 9
fi=(3)
103 3
fe=(2)

fn=(66) dl_main
1346 2
197 1
1346 11
199 1
302 1
+1 1
197 1
+99 3
1357 1
cfi=(24)
cfn=(68) __tls_pre_init_tp
calls=1 53 
* 17
2749 1
2538 1
2749 2
2598 1
+2 2
+15 1
-13 2
cfi=(25)
cfn=(70)
calls=1 28 
* 87
* 4
cfi=(25)
cfn=(70)
calls=2 28 
* 685
* 9
+4 6
-2 2
+2 6
+1 2
-1 6
+1 17
-1 89
+9 12
2727 3
1373 1
+1 2
-1 2
+1 2
2687 3
-47 2
+10 2
1637 9
cfi=(26) ./elf/./elf/dl-object.c
cfn=(72) _dl_new_object
calls=1 59 
* 210
* 1
+2 2
+1 3
+6 1
-5 2
+1 3
+4 1
cfi=(26)
cfn=(84) _dl_add_to_namespace_list
calls=1 31 
* 42
+1 2
1116 1
-1 1
1351 1
1143 1
-21 2
+21 2
-19 1
+1 1
-3 1
+21 2
+57 1
-82 1
+25 1
-3 1
+4 1
+19 1
+37 4
-56 99
+56 4
-1 4
+1 8
-1 4
+2 8
+1 1
+2 12
+1 14
+4 8
+1 8
+1 4
+4 12
-72 21
1253 2
+1 22
-1 24
+1 12
+6 12
-6 24
fi=(30) ./elf/../sysdeps/x86/dl-prop.h
235 2
+1 1
-87 4
fe=(2)
1221 3
+7 1
-1 2
+6 1
-6 2
-79 1
+85 3
-90 2
+91 1
+1 1
-1 1
+4 2
-95 2
+5 1
-5 1
+5 2
-5 2
+30 1
-9 2
+2 1
-3 1
+10 2
+18 2
-38 2
-10 1
+10 1
+1 9
-11 2
+1 10
1247 1
1143 1
1247 2
1143 2
1266 4
+2 3
+1 3
+2 3
1672 3
+2 2
-1 1
+1 1
+1 3
-2 2
cfi=(31)
cfn=(90)
calls=1 98 
* 25
* 2
+7 1
+3 1
-5 1
+3 1
+2 1
+1 2
+4 2
+2 2
fi=(3)
39 4
+4 1
+2 1
+9 1
+1 1
-10 2
+23 29
-23 116
+4 58
+3 6
-1 12
+3 24
+1 20
fe=(2)
1243 1
1143 1
1243 1
1143 2
fi=(3)
72 4
+43 2
+7 3
+1 4
+6 3
+18 4
+5 2
+2 2
+2 2
+2 2
+1 2
+3 4
+2 3
+1 2
+9 2
+6 2
+1 3
+3 3
fe=(2)
1698 4
+7 2
cfi=(8)
cfn=(14)
calls=1 25 
* 27
+3 2
fi=(32) ./elf/./setup-vdso.h
24 2
fi=(35) ./elf/./dl-main.h
+85 2
fi=(34) ./elf/../sysdeps/unix/sysv/linux/dl-vdso-setup.h
-64 1
fi=(35)
+64 3
cfi=(36) ./elf/./elf/dl-load.c
cfn=(102) _dl_init_paths
calls=1 706 
* 2322
fe=(2)
1733 3
cfi=(45) ./elf/./elf/dl-debug.c
cfn=(140) _dl_debug_initialize
calls=1 56 
* 34
+7 1
-5 1
-2 1
+7 1
+4 1
+1 1
+2 1
-3 3
+1 2
+3 1
+11 1
-13 1
+13 1
+1 2
+5 1
-3 2
+2 1
+1 2
+5 3
+1 5
-1 2
224 1
+1 1
-1 1
+1 3
+1 2
1788 2
+5 1
-1 1
1352 1
1793 1
+24 1
cfi=(46)
cfn=(142) _dl_count_modids
calls=1 192 
* 6
* 1
fi=(47) ./elf/../sysdeps/generic/dl-debug.h
29 4
+1 1
fe=(2)
1823 1
+1 1
cfi=(45)
cfn=(146) _dl_debug_state
calls=1 116 
* 2
+1 1
+4 3
cfi=(48) ./elf/./elf/dl-audit.c
cfn=(148) _dl_audit_activity_map
calls=1 29 
* 17
+5 3
+2 1
+2 2
+9 2
+16 4
cfi=(63) ./io/../sysdeps/unix/sysv/linux/access.c
cfn=(200) access
calls=1 25 
* 9
* 2
+76 4
+16 3
85 1
1965 1
85 2
1965 1
85 1
1965 5
85 1
1965 2
cfi=(64) ./elf/./elf/dl-deps.c
cfn=(202) _dl_map_object_deps
calls=1 143 
* 21142
92 1
+9 1
1971 1
92 2
+9 2
1971 2
+1 6
-1 4
+1 10
-1 20
+4 3
+1 2
+1 1
+2 22
+1 10
+46 1
-42 2
+8 3
+1 2
+2 1
+2 3
+2 1
-4 1
+5 1
-1 2
+14 2
+1 2
+1 3
-25 1
+36 2
+2 1
-2 1
+2 2
-2 1
+1 2
+1 1
-1 2
+1 1
cfi=(50)
cfn=(236) _dl_receive_error
calls=1 186 
* 18488
+10 1
+1 1
-1 1
+1 1
+3 2
837 1
fi=(482) ./elf/../sysdeps/unix/sysv/linux/dl-osinfo.h
39 2
fe=(2)
839 1
fi=(482)
52 1
fe=(2)
848 1
+7 1
-5 1
2047 3
2246 2
+4 1
-4 1
+10 1
-6 1
+6 1
-6 1
+9 2
+8 2
fi=(30)
36 2
+1 3
+3 3
+13 8
-13 5
+9 10
-9 1
+9 24
+4 20
-16 18
+34 1
fe=(2)
2279 1
fi=(30)
71 1
cfi=(76) ./elf/../sysdeps/x86_64/dl-cet.c
cfn=(260) _dl_cet_check
calls=1 361 
* 33
fe=(2)
2282 1
-3 2
+5 1
-2 2
+2 2
+1 6
cfi=(77) ./elf/./elf/dl-reloc.c
cfn=(262) _dl_relocate_object
calls=1 207 
* 74925
85 2
2292 1
85 2
2292 1
+1 17
+2 12
+5 12
+2 12
+6 6
+2 12
+1 40
cfi=(77)
cfn=(262)
calls=5 207 
* 174361
+4 18
+1 6
-23 3
+23 3
cfi=(46)
cfn=(438) _dl_add_to_slotinfo
calls=3 1017 
* 84
-23 7
92 3
+1 1
2325 1
93 1
2325 1
+4 4
+2 1
+7 4
cfi=(46)
cfn=(522) _dl_allocate_tls_init
calls=1 523 
* 335
+3 2
+4 3
+2 2
+33 3
cfi=(169) ./elf/./elf/dl-call-libc-early-init.c
cfn=(546) _dl_call_libc_early_init
calls=1 27 
* 603
+7 1
cfi=(9)
cfn=(562) _dl_sysdep_start_cleanup
calls=1 147 
* 2
+3 3
cfi=(48)
cfn=(564) _dl_audit_activity_nsid
calls=1 41 
* 11
+4 2
cfi=(45)
cfn=(196) _dl_debug_update
calls=1 38 
* 7
+1 1
-1 1
+2 1
cfi=(45)
cfn=(146)
calls=1 116 
* 2
+1 1
+4 1
cfi=(67) ./elf/./elf/dl-cache.c
cfn=(566) _dl_unload_cache
calls=1 525 
* 19
+5 8
2304 1
+1 1
-3 2
226 2
-2 1
+1 1
1773 1
+6 1
-6 2
+6 1
fi=(3)
56 5
+3 4
fi=(33) ./elf/../sysdeps/unix/sysv/linux/dl-vdso.h
-19 2
+1 5
fi=(34)
-11 1
+3 1
+3 1
+3 1
fi=(33)
+16 2
fi=(3)
+17 3
+12 3
+1 5
+1 5
+1 5
+1 4
+1 5
+1 5
+1 5
+12 2
+7 1
-7 7
+7 2
fe=(2)
1743 4
2357 1
cfi=(163) ./elf/./elf/dl-find_object.c
cfn=(524) _dl_find_object_init
calls=1 561 
* 873
+5 3
cfi=(7)
cfn=(532) __rtld_malloc_init_real
calls=1 76 
* 2823
+3 1
cfi=(167) ./elf/../sysdeps/nptl/dl-mutex.c
cfn=(540) __rtld_mutex_init
calls=1 30 
* 503
85 1
2371 1
+1 3
85 3
2372 2
cfi=(77)
cfn=(262)
calls=1 207 
* 1785
92 3
+9 3
2687 2
+2 1
+1 1
-1 1
+1 1
+1 1
2040 2
cfn=(246)
calls=1 734 
* 862
* 2
2650 2
+2 2
+1 1
fi=(3)
62 4
+2 4
fe=(2)
1943 10
85 1
1842 2
85 3
1842 2
cfn=(150)
calls=1 869 
* 3084
* 1
92 3
+9 3
1943 6
+1 1
-1 1
+4 3
+1 1
+1 2
+1 2
-7 2

fn=(238) version_check_doit
674 2
+2 1
-2 4
+2 3
cfi=(73) ./elf/./elf/dl-version.c
cfn=(240) _dl_check_all_versions
calls=1 392 
* 18451
* 2
+4 3

fn=(160) map_doit
641 2
+2 1
-2 4
+2 1
+1 2
-1 2
+1 3
cfi=(36)
cfn=(162) _dl_map_object
calls=1 1967 
* 2643
* 1
+2 3

fl=(23) ./elf/../misc/sbrk.c
fn=(64) sbrk
37 4
+3 1
-3 2
+21 2
+4 2
+16 5

fl=(66) ./io/../sysdeps/unix/sysv/linux/fstatat64.c
fn=(212) fstatat
146 6
-55 6
+70 7
+1 1
-2 4
+1 4

fl=(9)
fn=(18) _dl_sysdep_parse_arguments
78 1
+2 1
-2 6
+1 1
+1 1
-1 1
+2 2
+2 1
-2 1
+2 2
-1 1
+1 2
-1 123
+1 246
+7 56
fi=(10) ./elf/../sysdeps/unix/sysv/linux/dl-parse_auxv.h
-49 1
fe=(9)
+45 1
fi=(10)
-54 1
fe=(9)
+54 1
fi=(10)
-54 1
+1 1
+1 1
+7 3
+1 44
+1 22
-2 22
+2 22
-2 67
fe=(9)
+52 3
+1 1
+1 2
fi=(10)
-49 1
+1 1
fe=(9)
+46 1
fi=(10)
-45 1
+3 1
+1 1
+1 1
+1 1
+2 1
-5 1
-4 1
+1 1
+4 1
+1 1
+3 1
-7 1
-4 1
+1 1
+8 1
fe=(9)
+40 1
-1 1
+2 1
+1 6

fn=(16)
102 5
+4 1
-4 1
+1 1
+3 1
cfn=(18)
calls=1 -28 
* 666
+4 2
cfi=(11)
cfn=(22) __GI___tunables_init
calls=1 261 
* 78310
+3 1
cfi=(13)
cfn=(26)
calls=1 289 
* 38
+2 2
cfi=(14)
cfn=(30)
calls=1 -79 
* 8
fi=(6)
220 1
cfi=(15) ./elf/../sysdeps/x86/dl-get-cpu-features.c
cfn=(34) _dl_x86_init_cpu_features
calls=1 37 
* 7349
fe=(9)
-98 3
+1 1
cfi=(22)
cfn=(62)
calls=1 -66 
* 17
* 1
+2 2
cfi=(23)
cfn=(64)
calls=1 -88 
* 16
* 3
+12 3
+3 5
cfi=(2)
cfn=(66)
calls=1 1346 
* 305177
+3 4

fn=(562)
147 1
+1 1

fl=(53) ./io/../sysdeps/unix/sysv/linux/open64_nocancel.c
fn=(168) __open_nocancel
28 20
+3 10
-3 20
+3 60
+8 70
+2 10
-2 15
+2 10

fl=(24)
fn=(86) rtld_mutex_dummy
42 12
+2 24

fn=(256)
68 2
fi=(483) ./elf/../include/list.h
-24 1
fe=(24)
+24 3
fi=(483)
-25 1
fe=(24)
+26 1
+3 1
fi=(483)
-29 1
+1 1
+1 1
+2 1
fe=(24)
+28 4
+1 2
+1 1
+5 2
+5 1
+6 1
-3 1
+3 1
-6 3
+6 1
+12 4
cfi=(11)
cfn=(28)
calls=1 387 
* 24
fi=(75) ./elf/../sysdeps/unix/sysv/linux/rseq-internal.h
-73 3
+8 1
fe=(24)
+81 3
+7 2
+1 3
fi=(75)
-95 7
+3 2
fe=(24)

fn=(68)
53 3
+3 8
+5 1
-5 1
+5 1
+1 1
-6 1
+8 1

fl=(169)
fn=(546)
27 1
+2 2
-2 1
+6 3
-6 3
+6 1
-6 2
+6 1
cfi=(168)
cfn=(542)
calls=1 +41 
* 225
+4 2
+2 3
+2 1
-1 1
-1 1
+2 2
-1 1
cob=(2) /usr/lib/x86_64-linux-gnu/libc.so.6
cfi=(170) ./elf/./elf/libc_early_init.c
cfn=(548) __libc_early_init
calls=1 -7 
* 353

fl=(51) ./setjmp/../sysdeps/x86_64/setjmp.S
fn=(158) __sigsetjmp
31 10
+2 10
+9 10
+1 20
+1 10
+4 10
+1 10
+1 10
+1 10
+1 10
+2 20
+2 10
+1 10
+1 10
+2 20
+2 10
+8 10
+3 10
+1 10
+7 10
+1 10

fl=(177) ./elf/./elf/dl-init.c
fn=(580) call_init.part.0
26 72
+17 6
+3 6
-3 12
+3 12
+5 10
+8 15
+1 18
cob=(4)
cfi=(175)
cfn=(612) 0x000000000484f000
calls=1 -60 
* 7
cob=(4)
cfi=(175)
cfn=(602) 0x0000000004889000
calls=1 -60 
* 7
cob=(4)
cfi=(175)
cfn=(582) 0x000000000483d000
calls=1 -60 
* 7
+3 5
+1 10
+6 8
+2 8
-2 4
+3 26
+1 8
cob=(6) /usr/lib/x86_64-linux-gnu/libgcc_s.so.1
cfi=(184) ???
cfn=(618) 0x0000000000005b10
calls=1 -74 
* 12
cob=(2)
cfi=(182) ./libio/./libio/vtables.c
cfn=(600) check_stdfiles_vtables
calls=1 545 
* 12
* 16
cob=(6)
cfi=(184)
cfn=(616) __cpu_indicator_init
calls=1 -74 
* 364
cob=(3)
cfi=(183)
cfn=(606)
calls=1 -74 
* 12
cob=(2)
cfi=(179) ./csu/./csu/init-first.c
cfn=(592) _init_first
calls=1 -28 
* 112
cob=(5) /usr/libexec/valgrind/vgpreload_core-amd64-linux.so
cfi=(178) ???
cfn=(586) 0x0000000000001110
calls=1 -74 
* 12
-1 18
+3 48
-29 2

fn=(578) _dl_init
81 13
+1 1
+1 1
+3 3
+8 2
+25 1
+1 8
+1 12
-92 12
+6 18
+2 27
+83 10
cfn=(580)
calls=5 -94 
* 772
* 10
+7 8
-98 2
+60 2
-54 3
+2 7
cfn=(580)
calls=1 -11 
* 77
* 2

fl=(38) ./elf/../sysdeps/x86_64/dl-hwcaps-subdirs.c
fn=(106) _dl_hwcaps_subdirs_active
29 1
fi=(19)
+2 1
fe=(38)
+7 1
fi=(19)
-8 4
fe=(38)
+22 1
fi=(19)
-20 3
+4 1
fe=(38)
+2 1
fi=(19)
-2 2
+3 4
+1 4
+5 1
fe=(38)
-7 1
fi=(19)
+7 3
fe=(38)
-2 1
fi=(19)
+5 2
+3 5
+2 4
+1 2
+1 2
+3 1
fe=(38)
-10 1
fi=(19)
+10 3
fe=(38)

fl=(76)
fn=(574) _dl_cet_setup_features
331 1
+3 2
+16 1

fn=(260)
361 8
-76 1
-10 2
+2 2
-1 1
+6 1
+3 1
+8 1
-11 1
+1 1
-1 1
+1 1
-1 1
+1 1
+10 4
+70 6

fl=(167)
fn=(540)
30 2
+10 3
-10 3
+10 1
-10 1
+10 1
-10 1
+7 1
+3 2
cfi=(168)
cfn=(542)
calls=1 +34 
* 233
+4 2
+1 8
+2 3
-2 1
+2 3
cfi=(168)
cfn=(542)
calls=1 +27 
* 223
+4 2
+1 7
+1 6

fl=(42) ./string/../sysdeps/x86_64/multiarch/../multiarch/memcmp-sse2.S
fn=(118) bcmp
59 1
+12 1
+1 1
+22 1
+1 1
+45 1
+1 1
+2 1
+1 1
+2 1
+1 1
+2 1
+1 1
+47 1
+1 1
+1 1
+1 1
+1 1
+1 1

fl=(46)
fn=(522)
523 11
+1 2
+4 1
+6 1
-6 1
+6 1
cfi=(24)
cfn=(86)
calls=1 42 
* 3
+3 3
+12 1
-18 1
+42 3
-19 12
+9 9
+1 6
+6 9
+3 3
-2 3
+2 3
-2 3
+2 12
+4 3
-4 3
+4 3
-1 6
+4 6
+1 12
+2 6
+1 6
+17 3
-8 3
+8 3
+2 12
cfi=(29)
cfn=(122) mempcpy
calls=3 197 
* 39
* 18
cfi=(43) ./string/../sysdeps/x86_64/multiarch/../multiarch/memset-vec-unaligned-erms.S
cfn=(126) memset
calls=3 132 
* 81
-49 3
+55 3
-55 12
+6 9
+55 2
cfi=(24)
cfn=(86)
calls=1 42 
* 3
+3 2
+3 9

fn=(224) _dl_assign_tls_modid
125 2
+16 2
-13 2
-3 6
+3 2
+55 2
-2 2
+5 2
+1 4

fn=(438)
1017 24
+9 3
-9 3
+6 3
+4 3
+4 9
+34 6
+3 6
+1 9
+3 18

fn=(248)
97 2
+3 1
-3 3
+3 1
-3 1
+3 1
-3 1
+3 1
-3 1
+3 1
cfi=(11)
cfn=(28)
calls=1 387 
* 23
* 1
+1 4
cfi=(11)
cfn=(28)
calls=1 387 
* 23
+1 1
+2 1
-3 1
+1 2
+2 3
+3 1
+2 1
-26 3
+28 3
+1 6

fn=(250)
216 9
+6 4
+3 2
+36 3
+2 1
-2 1
-2 1
-40 1
-1 1
-1 1
+46 2
+23 9
+3 3
-3 15
+2 6
+6 3
-33 6
+20 3
-20 15
+2 6
+3 3
-1 3
+5 6
-5 3
+1 3
-1 3
+3 6
+2 9
+32 2
-1 1
+53 1
-52 5
+2 2
+51 8

fn=(142)
192 1
+2 2
+1 1
+15 2

fn=(252)
417 7
+2 1
+11 1
+1 1
fi=(28)
56 1
cfi=(27)
cfn=(78) __minimal_malloc
calls=1 -20 
* 30
fe=(46)
432 2
+8 3
fi=(28)
44 1
fe=(46)
440 2
+5 1
-5 1
+1 1
+4 304
+19 1
-99 1
+4 1
+1 1
fi=(28)
44 1
cfi=(27)
cfn=(74)
calls=1 +36 
* 41
fe=(46)
371 2
+3 1
+6 2
+90 7

fl=(27)
fn=(138) __minimal_free
97 1
+2 4

fn=(78)
36 272
+1 102
+11 99
+3 33
-3 33
+3 66
-3 2
+3 1
-3 1
+3 130
+19 34
+1 34
+2 204
-17 8
+1 4
+2 2
+1 14
cfi=(57) ./misc/../sysdeps/unix/sysv/linux/mmap64.c
cfn=(178) mmap
calls=2 -13 
* 52
* 2
+2 4
+2 8
cfi=(58) ./misc/../sysdeps/unix/sysv/linux/setvmaname.c
cfn=(180) __set_vma_name
calls=2 -31 
* 56
+1 6
+2 2
+4 2
-4 4
-24 1
-1 1
+1 1
+1 2
-2 2

fn=(74)
80 12
+4 12
-4 48
+7 12
+1 36
fi=(28)
-32 12
cfi=(27)
cfn=(78)
calls=12 -20 
* 522
fe=(27)

fl=(39) ./elf/./elf/dl-hwcaps_split.c
fn=(116) _dl_hwcaps_split
25 5
+1 3
+21 1
-20 1
+20 3

fn=(110) _dl_hwcaps_split_masked
51 110
-25 44
+36 5
-7 5
+7 35
-26 24
+5 27
cfi=(41) ./string/../sysdeps/x86_64/multiarch/../multiarch/strchr-sse2.S
cfn=(114) index
calls=9 -9 
* 216
* 9
+1 18
+3 6
+11 12
+1 18
+1 12
-2 6
+1 9
+1 6
-28 24
+4 48
+1 12
-1 30
+24 6
+9 12
-5 6
-2 6
+2 42
-19 6
cfi=(22)
cfn=(62)
calls=3 +14 
* 51
* 6

fl=(41)
fn=(114)
32 24
+1 24
+1 24
+1 24
+1 24
+1 24
+1 24
+1 24
+1 24
+1 24
+1 24
+1 24
+1 24
+1 24
+1 24
+1 24
+1 24
+1 24
+1 19
+4 19
+1 19
+1 19
+1 19
+2 19
+4 5
+1 5
+1 5
+1 5
+1 5
+1 5
+1 5
+1 5
+1 5
+1 5
+1 5
+1 5
+1 5
+1 5
+1 5
+1 5
+1 5
+1 5
+1 5
+1 5
+1 5
+1 5
+1 5
+1 5
+52 5
+4 5
+1 5
+1 5
+1 5
+2 5

fl=(57)
fn=(178)
47 20
+3 40
-3 120
+6 40
+5 120
+2 80
-7 43

fl=(15)
fn=(544) __x86_cpu_features
71 1
-32 3
+32 2

fn=(34)
37 1
+2 3
+2 1
cfi=(16)
cfn=(36)
calls=1 682 
* 7344

fl=(55) ./io/../sysdeps/unix/sysv/linux/fstat64.c
fn=(174) fstat
30 5
+9 20
+33 5

fl=(473) ./elf/./elf/dl-fini.c
fn=(3288) _dl_fini
26 5
+17 1
-17 6
+20 13
+3 2
cob=(2)
cfi=(474) ./nptl/./nptl/pthread_mutex_lock.c
cfn=(3290) pthread_mutex_lock@@GLIBC_2.2.5
calls=1 +28 
* 44
+2 1
+3 2
+2 5
+7 3
-2 1
+2 1
cfi=(48)
cfn=(564)
calls=1 -22 
* 11
+5 15
+5 1
-5 1
+5 3
+2 12
+2 12
+2 12
+1 6
+1 6
+4 6
-12 18
+14 6
+1 4
+6 6
cfi=(13)
cfn=(232)
calls=1 298 
* 471
+9 2
cob=(2)
cfi=(475) ./nptl/./nptl/pthread_mutex_unlock.c
cfn=(3292) pthread_mutex_unlock@@GLIBC_2.2.5
calls=1 367 
* 34
+5 6
+2 1
+2 2
-2 5
+2 10
+2 24
cfi=(476) ./elf/./elf/dl-call_fini.c
cfn=(3294) _dl_call_fini
calls=6 -90 
* 656
+3 12
cfi=(48)
cfn=(3320) _dl_audit_objclose
calls=6 -20 
* 30
-9 12
+14 6
-14 18
+18 3
cfi=(48)
cfn=(564)
calls=1 -85 
* 11
* 2
+6 4
+2 1
-2 2
+6 2
+7 8
-77 2

fl=(36)
fn=(128) fillin_rpath.isra.0
468 9
+4 1
-4 8
+6 3
cfi=(7)
cfn=(130) strsep
calls=1 239 
* 240
* 3
cfi=(7)
cfn=(130)
calls=1 239 
* 8
* 6
+7 2
+2 3
cfn=(132) expand_dynamic_string_token
calls=1 -98 
* 125
* 1
+4 2
+5 2
cfi=(22)
cfn=(62)
calls=1 57 
* 17
* 1
+1 2
+7 5
+9 15
+1 8
fi=(28)
50 2
cfi=(27)
cfn=(138)
calls=1 +47 
* 5
+1 1
fe=(36)
528 4
+4 4
fi=(28)
56 1
cfi=(27)
cfn=(78)
calls=1 -20 
* 30
* 1
fe=(36)
534 2
+5 1
+1 2
-1 1
-1 1
+2 1
cfi=(29)
cfn=(122)
calls=1 197 
* 13
+3 1
-3 1
+1 1
+2 1
+6 1
+1 1
-1 3
+1 5
+1 1
-1 1
+1 1
-1 3
+1 1
-1 2
+1 1
+2 2
+1 3
+1 1
+6 2
+1 1
+3 3
-60 2
-22 2
+88 1
+3 8
-24 2

fn=(188) _dl_process_pt_gnu_property
868 4
+8 4
-8 8
+8 4
-6 4
+12 8
-13 4
+13 4
-13 4
+13 8
+3 12
+1 8
+1 8
+3 12
+1 12
+4 4
+1 8
+22 4
+2 4
-2 8
+2 12
-20 12
+1 6
+3 12
+3 6
+1 24
fi=(30)
95 24
+7 12
+16 6
-3 12
254 8
+1 4
+2 16
+3 4
-8 4
+5 2
-4 2
+4 6
+3 2
-2 2
fe=(36)

fn=(204) _dl_dst_count
238 18
+3 9
-3 45
+7 9
-7 18
+3 9
cfi=(41)
cfn=(114)
calls=9 32 
* 312
+3 18
+20 81

fn=(172) _dl_map_object_from_fd
944 40
+15 4
-15 8
+15 4
-15 8
+15 8
+77 16
+10 8
+7 28
cfi=(26)
cfn=(72)
calls=4 59 
* 1529
* 4
+1 8
+11 4
+5 4
-4 4
-1 4
+2 4
+2 4
-2 4
+2 8
+1 12
+1 6
+19 6
-2 3
+2 32
-2 1
+2 46
+10 4
-10 4
+10 12
+27 4
-33 4
-3 4
+2 4
-1 4
+35 4
+9 4
-50 4
+41 4
+9 4
-36 4
+63 20
-62 162
+26 112
+8 32
+1 16
-1 16
+1 64
+1 16
-1 16
+1 16
+2 16
-2 16
+2 16
+2 16
-4 16
+1 16
+3 16
-4 16
+4 80
+2 32
+13 32
+1 60
+5 12
+1 108
-28 24
-35 36
+62 4
+1 36
-28 8
-35 96
+1 246
1213 4
1100 4
1213 8
1100 12
1218 28
+10 12
+1 4
-1 4
+1 4
-1 12
+1 12
-1 12
+1 12
-1 36
1066 8
1235 8
+10 16
+7 16
fi=(59) ./elf/./dl-map-segments.h
28 4
fe=(36)
1252 12
fi=(59)
28 8
+1 32
cfi=(57)
cfn=(178)
calls=4 +18 
* 112
+73 8
-1 4
-72 4
+73 4
+3 8
+1 4
+2 4
-3 4
+1 4
+2 4
+17 4
-44 4
fi=(60) ./elf/./dl-load.h
+10 32
fi=(59)
+58 64
+6 4
+2 4
-2 4
+1 4
+2 8
-1 8
+3 8
+5 8
+3 12
+8 24
cfi=(43)
cfn=(126)
calls=4 -44 
* 371
* 4
+6 8
+12 16
-59 96
+2 48
+2 96
cfi=(57)
cfn=(178)
calls=12 -92 
* 252
* 24
fe=(36)
1264 4
fi=(56) ./elf/../sysdeps/posix/dl-fileid.h
37 8
cfi=(55)
cfn=(174)
calls=4 -7 
* 24
* 8
fe=(36)
989 8
fi=(56)
40 12
fe=(36)
989 4
fi=(56)
40 4
fe=(36)
989 58
+1 28
fi=(56)
49 40
fe=(36)
1519 36
1074 13
+1 2
-1 1
+1 1
-1 1
+1 1
cfi=(70) ./io/../sysdeps/unix/sysv/linux/pread64_nocancel.c
cfn=(226) __pread64_nocancel
calls=1 25 
* 7
* 2
+46 2
+1 1
-15 8
+7 4
+2 4
-2 4
+1 4
+1 4
-1 8
+1 32
+60 6
+5 2
-1 4
+5 2
-5 4
-66 2
+71 8
+1 2
+3 2
-3 2
+8 8
+15 8
+1 4
1008 8
1268 16
+1 12
fi=(61) ./elf/./elf/get-dynamic-info.h
39 8
+6 4
-2 4
+11 4
+1 4
-10 8
+8 6
+15 6
-23 24
+23 103
-23 412
+4 218
+3 30
-1 60
+3 96
+1 80
+1 20
+16 16
+12 14
+1 16
+1 16
+1 16
+1 14
+1 15
+1 15
+1 16
+12 4
+7 4
-7 28
+7 9
+5 6
+7 6
+1 12
+6 12
+1 6
+17 12
+5 4
+2 4
+2 4
+2 4
+4 12
+2 9
+1 6
+9 6
+6 6
+4 8
fe=(36)
1275 8
+1 8
+2 8
+10 12
+19 12
+2 24
+52 12
+1 4
+6 36
+1 80
+6 16
cfn=(188)
calls=4 868 
* 308
-7 100
+1 48
+6 48
-6 96
fi=(30)
149 16
fe=(36)
1380 8
cfi=(62) ./io/../sysdeps/unix/sysv/linux/close_nocancel.c
cfn=(194) __GI___close_nocancel
calls=4 25 
* 24
* 8
+13 8
+2 16
+2 8
+16 8
cfi=(8)
cfn=(14)
calls=4 25 
* 108
+4 8
+1 8
+17 8
+1 1
+3 1
+5 1
-5 1
+5 1
-5 3
+5 3
-5 3
+5 3
+5 8
+12 32
+10 8
+1 8
+5 4
cfi=(46)
cfn=(224)
calls=2 125 
* 24
+7 12
cfi=(26)
cfn=(84)
calls=4 31 
* 228
+3 8
+4 8
cfi=(45)
cfn=(196)
calls=4 38 
* 28
* 4
+1 12
+22 28
+1 12
cfi=(48)
cfn=(198) _dl_audit_objopen
calls=4 77 
* 20
* 4
fi=(60)
92 12
+2 3
-1 3
+1 3
-1 3
+1 3
-1 3
+1 3
-1 6
+3 12
fi=(61)
-37 16
+3 16
+2 16
181 6
-22 4
fe=(36)
1510 8
1074 2
fi=(59)
186 8
cfi=(57)
cfn=(178)
calls=1 47 
* 21
+3 2
fe=(36)
1462 12
+2 3
-1 15
+1 3
-1 3
+1 3
-1 3
cfi=(31)
cfn=(90)
calls=3 98 
* 95
* 6
+2 5
1275 2

fn=(102)
706 11
+14 1
-14 2
+14 2
cfi=(37) ./elf/./elf/dl-hwcaps.c
cfn=(104) _dl_important_hwcaps
calls=1 172 
* 1244
fi=(28)
56 1
fe=(36)
720 1
fi=(28)
56 1
cfi=(27)
cfn=(78)
calls=1 -20 
* 30
fe=(36)
725 1
+2 3
+8 2
-1 3
+5 3
fi=(28)
56 1
cfi=(27)
cfn=(78)
calls=1 -20 
* 30
fe=(36)
739 1
+2 4
+7 1
+8 1
+2 1
+12 2
-23 1
+9 1
+11 1
-4 1
-5 1
+3 2
+7 2
+2 2
-11 1
+11 3
-8 1
+4 1
+1 3
+1 16
cfi=(43)
cfn=(126)
calls=4 132 
* 56
+2 15
-14 3
+10 3
+4 9
-12 3
-2 3
+2 3
+4 3
-3 3
+3 3
+1 3
-2 3
+5 9
+1 6
+3 1
+15 1
-8 1
+5 1
-6 1
+9 2
+2 4
+2 3
+36 5
+2 2
cfi=(22)
cfn=(62)
calls=1 57 
* 17
* 9
-19 1
-2 1
+2 2
+19 9
cfi=(29)
cfn=(82)
calls=1 210 
* 11
* 1
+5 4
-1 2
+2 1
+1 2
-2 4
+1 13
+1 26
-2 52
+5 1
fi=(28)
56 1
cfi=(27)
cfn=(78)
calls=1 -20 
* 30
fe=(36)
836 1
fi=(28)
56 1
fe=(36)
838 2
+6 6
cfn=(128)
calls=1 468 
* 581
+3 3
+6 1
+4 8
-35 2
+5 2

fn=(162)
1967 120
+8 20
+1 40
+3 194
+5 238
+2 102
cfi=(52) ./elf/./elf/dl-misc.c
cfn=(164) _dl_name_match_p
calls=34 68 
* 3510
* 68
+4 56
+1 84
+4 13
-1 65
+1 13
+1 13
-1 13
+1 26
cfi=(31)
cfn=(90)
calls=13 98 
* 394
* 26
2270 94
2011 12
-1 8
+9 4
-50 4
+50 8
+17 8
-2 4
+2 4
cfi=(41)
cfn=(114)
calls=4 32 
* 96
* 8
2202 2
-1 3
cfn=(132)
calls=1 385 
* 175
+6 1
-7 1
+1 1
+2 2
+4 7
cfn=(166) open_verify.constprop.0
calls=1 1572 
* 106
+3 2
-3 1
+3 1
+12 4
+45 1
+1 5
-1 1
+1 8
cfn=(172)
calls=1 944 
* 1940
-1 3
+1 15
-1 3
+1 24
cfn=(172)
calls=3 944 
* 6457
* 12
2040 6
cfi=(22)
cfn=(62)
calls=3 57 
* 51
* 6
+2 6
+7 12
+51 39
cfn=(208) open_path
calls=3 1812 
* 1068
+6 3
-6 3
+6 6
2222 12
+46 6
682 3
2107 3
682 6
2135 6
cfi=(67)
cfn=(214) _dl_load_cache_lookup
calls=3 403 
* 3920
* 3
+2 6
+4 6
+31 3
-23 6
+23 21
cfn=(166)
calls=3 1572 
* 352
+4 6
-4 3
+4 3
+1 3
+17 6
2074 15
682 3
2075 3
682 9
2099 6
+1 6
-47 3
+1 3
696 15
2058 9
682 3
2059 3
682 6
2073 15
+1 6
+41 3
+14 6
+2 9
-47 6

fn=(166)
1572 90
+32 9
-32 18
+32 18
+19 36
cfi=(53)
cfn=(168)
calls=9 28 
* 195
* 9
+2 18
+8 4
+1 8
+5 4
-5 4
+5 20
cfi=(54) ./io/../sysdeps/unix/sysv/linux/read_nocancel.c
cfn=(170) __read_nocancel
calls=4 25 
* 24
+2 8
+2 8
+2 8
+6 8
+17 52
+81 8
+5 8
+6 16
+6 8
+6 4
+1 4
-1 12
+1 12
+26 81
-22 13
+1 2
-1 1
+1 1
cfi=(70)
cfn=(226)
calls=1 25 
* 7
* 2
1668 6
-59 10
1777 2

fn=(132)
385 18
241 4
385 2
241 2
cfi=(41)
cfn=(114)
calls=2 32 
* 72
+3 4
410 2
-11 2
+11 12
-11 2
cfi=(44) ./string/./string/strdup.c
cfn=(134) strdup
calls=2 40 
* 180

fn=(208)
1812 24
+1 3
-1 9
+1 3
+6 6
+5 51
+67 6
-74 3
+7 9
+57 3
-65 3
+65 3
+10 6
-64 6
+8 18
+7 6
-11 3
+12 3
-1 12
cfi=(29)
cfn=(122)
calls=3 197 
* 39
+1 30
+50 4
-2 8
-48 33
+3 18
+5 35
cfi=(29)
cfn=(122)
calls=5 197 
* 65
* 20
cfi=(29)
cfn=(122)
calls=5 197 
* 65
+3 10
+6 15
+3 35
cfn=(166)
calls=5 1572 
* 280
* 5
+2 15
+2 6
+93 27
-88 6
+1 21
+6 3
+2 6
-2 6
+2 3
cfi=(65) ./io/../sysdeps/unix/sysv/linux/stat64.c
cfn=(210) stat
calls=3 28 
* 46
* 3
+3 3
-3 6
+1 2
+9 8
+2 1
-2 2
+2 5
+44 24
+6 6
-2 3
+2 6
+3 9
1822 6
+2 6

fl=(49)
fn=(152)
32 6
+1 3
+1 2
+5 6
+1 4
+1 4
+1 4
+2 1
+3 3
+1 2
-1 6
+1 4
+3 4
+1 4
+1 4
+1 4
+2 3
+6 1
-1 1
+1 1
+2 2
-1 2
+2 1
+2 6
-5 11
-1 11
+1 11
+2 22
-1 22
+2 11
+2 66
+2 1
+1 3
+1 2
-1 1
+1 1

fl=(52)
fn=(164)
68 560
+1 160
cfi=(31)
cfn=(90)
calls=80 +29 
* 2522
* 160
+3 80
+2 160
+6 79
-6 158
+1 282
cfi=(31)
cfn=(90)
calls=94 +23 
* 3132
* 188
+8 15
-13 15
+13 110
-1 65
+1 195

fn=(216) _dl_sysdep_read_whole_file
36 2
+3 1
-3 7
+3 1
-3 2
+3 1
cfi=(53)
cfn=(168)
calls=1 -11 
* 20
+1 2
+23 8
-21 4
cfi=(55)
cfn=(174)
calls=1 -12 
* 6
* 2
+2 2
+3 2
+13 2
cfi=(62)
cfn=(194)
calls=1 -35 
* 6
* 1
-11 6
cfi=(57)
cfn=(178)
calls=1 -2 
* 26
* 2

fl=(31)
fn=(90)
98 665
+33 665
+1 665
+2 665
+1 665
+21 665
+1 665
+1 557
+1 557
+1 499
+1 499
+1 499
+1 499
+17 499
+1 499
+1 499
+1 499
+1 499
+1 499
+1 499
+5 36
+1 108
+9 36
+1 36
+1 36
+1 36
+1 36
+1 36
+1 36
+1 36
-7 166
+1 166
+1 166
+1 166
+1 166
+1 166
+1 166
+1 166
+1 194
+1 96
+1 96
+1 96
+2 96
+1 96
+1 96
+1 96
+1 96
+1 96
-5 98
+1 98
+1 98
+1 98
+1 98
+1 98
+10 8
+1 8
+1 8
+2 8
+6 8
+1 8
+1 8
+1 8
+1 8
+5 8
+2 2
+1 2
+1 4
+8 2
+1 2
+3 2
+1 2
+1 2
+1 2
+1 2
+1 2
+31 6
+1 6
+1 6
+1 6
+1 6
+2 6
+1 6
+1 6
+1 6
+1 6
+1 6
+1 6
+1 6
+3 6
+1 6
+1 6
+6 6
+1 6
+1 12
+4 6
+1 6
+3 6
+1 6
+1 6
+2 6
+1 6
+1 6
+4 6
+1 6
+1 6
+1 6
+1 6
+1 6
661 5
+1 5
+1 5
+1 5
+1 5
+2 5
+1 5
+1 5
+1 5
+1 5
+1 5
+1 5
+1 3
+4 3
+1 3
+1 3
+6 3
+1 3
+1 6
+4 3
+1 3
+3 3
+1 3
+1 3
+2 3
+1 3
+1 3
+4 3
+1 3
+1 3
+1 3
+1 3
+1 3
+69 6
+1 6
+1 6
+1 6
+1 6
+2 6
+1 6
+1 6
+1 6
+1 6
+1 6
+1 6
+1 5
+4 5
+1 5
+1 5
+6 5
+1 5
+1 10
+4 5
+1 5
-1 1
+1 1
+3 6
+1 6
+1 6
+2 6
+1 6
+1 6
+4 6
+1 6
+1 6
+1 6
+1 6
+1 6
+7 1
+1 1
+2 1
+1 1
+2 1
+1 1
+1 1
+2 1
+1 1
+1 1
+4 1
+1 1
+1 1
+1 1
+1 1
+1 1
+7 1
+1 1
+1 1
+32 8
+1 8
+1 8
+1 8
+1 8
+2 8
+1 8
+1 8
+1 8
+1 8
+1 8
+1 8
+1 7
+4 7
+1 7
+1 7
+6 7
+1 7
+1 14
+4 7
+1 7
+3 7
+1 7
+1 7
+2 7
+1 7
+1 7
+4 7
+1 7
+1 7
+1 7
+1 7
+1 7
+7 1
+1 1
+2 1
+1 1
+2 1
+1 1
+1 1
+2 1
+1 1
+1 1
+4 1
+1 1
+1 1
+1 1
+1 1
+1 1
+41 7
+1 7
+1 7
+1 7
+1 7
+2 7
+1 7
+1 7
+1 7
+1 7
+1 7
+1 7
+1 4
+4 4
+1 4
+1 4
+6 4
+1 4
+1 8
+4 4
+1 4
+3 4
+1 4
+1 4
+2 4
+1 4
+1 4
+4 4
+1 4
+1 4
+1 4
+1 4
+1 4
+7 1
+1 1
+2 1
+1 1
+2 1
+1 1
+1 1
+2 1
+1 1
+1 1
+4 1
+1 1
+1 1
+1 1
+1 1
+1 1
+41 6
+1 6
+1 6
+1 6
+1 6
+2 6
+1 6
+1 6
+1 6
+1 6
+1 6
+1 6
+1 3
+4 3
+1 3
+1 3
+6 3
+1 3
+1 6
+4 3
+1 3
+3 3
+1 3
+1 3
+2 3
+1 3
+1 3
+4 3
+1 3
+1 3
+1 3
+1 3
+1 3
+69 16
+1 16
+1 16
+1 16
+1 16
+2 16
+1 16
+1 16
+1 16
+1 16
+1 16
+1 16
+1 7
+4 7
+1 7
+1 7
+6 7
+1 7
+1 14
+4 7
+1 7
+3 7
+1 7
+1 7
+2 7
+1 7
+1 7
+4 7
+1 7
+1 7
+1 7
+1 7
+1 7
+69 19
+1 19
+1 19
+1 19
+1 19
+2 19
+1 19
+1 19
+1 19
+1 19
+1 19
+1 19
+1 12
+4 12
+1 12
+1 12
+6 12
+1 12
+1 24
+4 12
+1 12
+3 12
+1 12
+1 12
+2 12
+1 12
+1 12
+4 12
+1 12
+1 12
+1 12
+1 12
+1 12
+7 1
+1 1
+2 1
+1 1
+2 1
+1 1
+1 1
+2 1
+1 1
+1 1
+4 1
+1 1
+1 1
+1 1
+1 1
+1 1
+41 26
+1 26
+1 26
+1 26
+1 26
+2 26
+1 26
+1 26
+1 26
+1 26
+1 26
+1 26
+1 13
+4 13
+1 13
+1 13
+6 13
+1 13
+1 26
+4 13
+1 13
+3 13
+1 13
+1 13
+2 13
+1 13
+1 13
+4 13
+1 13
+1 13
+1 13
+1 13
+1 13
+7 1
+1 1
+2 1
+1 1
+2 1
+1 1
+1 1
+2 1
+1 1
+1 1
+4 1
+1 1
+1 1
+1 1
+1 1
+1 1
+41 14
+1 14
+1 14
+1 14
+1 14
+2 14
+1 14
+1 14
+1 14
+1 14
+1 14
+1 14
+1 9
+4 9
+1 9
+1 9
+6 9
+1 9
+1 18
+4 9
+1 9
+3 9
+1 9
+1 9
+2 9
+1 9
+1 9
+4 9
+1 9
+1 9
+1 9
+1 9
+1 9
+7 2
+1 2
+2 2
+1 2
+2 2
+1 2
+1 2
+2 2
+1 2
+1 2
+4 2
+1 2
+1 2
+1 2
+1 2
+1 2
+41 27
+1 27
+1 27
+1 27
+1 27
+2 27
+1 27
+1 27
+1 27
+1 27
+1 27
+1 27
+1 14
+4 14
+1 14
+1 14
+6 14
+1 14
+1 28
+4 14
+1 14
+3 14
+1 14
+1 14
+2 14
+1 14
+1 14
+4 14
+1 14
+1 14
+1 14
+1 14
+1 14
+7 2
+1 2
+2 2
+1 2
+2 2
+1 2
+1 2
+2 2
+1 2
+1 2
+4 2
+1 2
+1 2
+1 2
+1 2
+1 2
+41 18
+1 18
+1 18
+1 18
+1 18
+2 18
+1 18
+1 18
+1 18
+1 18
+1 18
+1 18
+1 8
+4 8
+1 8
+1 8
+6 8
+1 8
+1 16
+4 8
+1 8
+3 8
+1 8
+1 8
+2 8
+1 8
+1 8
+4 8
+1 8
+1 8
+1 8
+1 8
+1 8
+7 1
+1 1
+2 1
+1 1
+2 1
+1 1
+1 1
+2 1
+1 1
+1 1
+4 1
+1 1
+1 1
+1 1
+1 1
+1 1
+41 36
+1 36
+1 36
+1 36
+1 36
+2 36
+1 36
+1 36
+1 36
+1 36
+1 36
+1 36
+2 15
+4 15
+1 15
+1 15
+6 15
+1 15
+2 30
+4 15
+1 15
+3 15
+1 15
+1 15
+2 15
+1 15
+1 15
+4 15
+1 15
+1 15
+1 15
+1 15
+1 15
+71 108
+2 108
+1 108
+1 108
+1 108
-3 94
+1 94
+1 94
+1 94
+1 192
+5 96
+6 96
+1 96
+8 96
+1 96
-16 569
+6 569
+1 569
+8 569
+1 569

fn=(244) strncmp
98 1
+27 1
+1 1
+1 1
+1 1
+1 1
+2 1
+1 1
+2 1
+1 1
+21 1
+1 1
+1 1
+1 1
+1 1
+1 1
+1 1
+1 1
+17 1
+1 1
+1 1
+1 1
+1 1
+1 1
+1 1
2104 1
+3 1
+1 1
+2 1
+1 1
+8 1
+1 1

fl=(37)
fn=(104)
172 6
+3 1
-3 3
+3 1
-3 5
+2 1
cfi=(38)
cfn=(106)
calls=1 29 
* 49
+1 1
fi=(40) ./elf/./dl-hwcaps.h
43 1
fe=(37)
174 1
fi=(40)
45 2
+32 1
+1 1
+1 1
fe=(37)
-27 2
cfi=(39)
cfn=(110)
calls=1 -1 
* 23
* 2
fi=(40)
-9 1
+2 1
-2 1
+34 2
+1 2
+1 1
fe=(37)
-24 2
-1 2
+1 2
+1 2
+1 2
-5 4
cfi=(39)
cfn=(110)
calls=2 -1 
* 130
* 2
cfi=(39)
cfn=(110)
calls=1 -1 
* 125
* 6
+48 4
fi=(28)
-44 2
cfi=(27)
cfn=(78)
calls=1 -20 
* 30
fe=(37)
+46 2
-2 1
+2 1
+3 1
+3 1
fi=(40)
-65 1
+2 1
fe=(37)
+67 1
fi=(40)
-66 1
fe=(37)
+66 2
cfi=(39)
cfn=(116)
calls=1 -87 
* 13
* 2
fi=(40)
-69 1
+2 1
-2 1
+34 2
+1 2
+1 1
fe=(37)
+48 10
+1 4
+1 2
+1 2
-1 2
-4 4
cfi=(39)
cfn=(110)
calls=2 -74 
* 130
* 2
cfi=(39)
cfn=(110)
calls=1 -74 
* 125
* 6
+8 3
+9 5
+3 8
-2 6
+14 1
+4 1
+1 1
+1 1
-20 3
+19 1
+1 1
-20 2
+8 2
+4 2
-4 3
+4 2
cfi=(42)
cfn=(118)
calls=1 -96 
* 19
+1 3
-14 8
+47 1
-4 2
+4 2
-3 1
+7 1
-7 2
+7 1
fi=(28)
56 1
cfi=(27)
cfn=(78)
calls=1 -20 
* 30
* 1
fe=(37)
194 2
+8 1
fi=(40)
43 1
fe=(37)
201 1
80 1
fi=(40)
-35 1
fe=(37)
+35 1
202 1
fi=(40)
77 1
+1 1
fe=(37)
202 3
fi=(40)
79 1
fe=(37)
-2 2
cfi=(39)
cfn=(110)
calls=1 -26 
* 23
* 2
fi=(40)
-34 1
+2 1
fe=(37)
+35 2
fi=(40)
-37 1
+34 2
+1 2
+1 3
fe=(37)
+1 4
+7 2
-7 8
cfi=(29)
cfn=(122)
calls=2 197 
* 26
+4 2
+2 2
+2 2
-2 4
-9 4
cfi=(39)
cfn=(110)
calls=2 -26 
* 130
* 2
cfi=(39)
cfn=(110)
calls=1 -26 
* 125
* 6
213 2
-5 1
+1 1
-1 1
+5 1
+3 9

fl=(7)
fn=(12)
42 1
+1 2
+1 2
+1 2
+1 2
+1 1

fn=(130)
239 2
+3 4
+2 2
+1 4
+4 3
-2 2
+4 28
+5 84
-2 56
+13 1
+4 4
-22 14
+15 14
-15 30

fn=(536) lookup_malloc_symbol
61 8
+3 4
-3 12
+3 4
-3 12
+3 4
-3 4
+2 4
+1 16
cfi=(78) ./elf/./elf/dl-lookup.c
cfn=(270) _dl_lookup_symbol_x
calls=4 772 
* 2540
+4 28
+1 28
+2 4
fi=(166) ./elf/./dl-sym-post.h
-30 8
+12 12
fe=(7)
+19 24

fn=(532)
76 2
+10 1
fi=(165) ./elf/../sysdeps/generic/dl-hash.h
-41 1
-1 1
fe=(7)
+32 8
+11 1
-1 1
fi=(165)
-43 1
+5 3
+14 4
-17 3
+3 15
+14 20
-17 15
fe=(7)
+46 2
fi=(165)
-24 1
fe=(7)
+22 1
+2 2
fi=(165)
-19 1
fe=(7)
+19 1
cfn=(536)
calls=1 -30 
* 660
+1 3
-1 1
+1 1
cfn=(536)
calls=1 -31 
* 649
+1 3
-1 1
+1 1
cfn=(536)
calls=1 -32 
* 734
+1 3
-1 1
+1 1
cfn=(536)
calls=1 -33 
* 669
+5 1
+1 1
+1 1
+1 1
+1 8

fl=(62)
fn=(194)
25 5
+1 20
+1 5

fl=(140) ./misc/../sysdeps/unix/syscall-template.S
fn=(436) mprotect
117 30
+5 6

fn=(568) munmap
117 5
+5 1

fl=(45)
fn=(140)
56 3
+3 2
+4 1
+22 1
+10 1
-32 2
+1 1
+21 2
+5 2
+1 1
+4 1
-4 1
-1 1
+2 1
+3 1
+4 2
+8 2
-50 1
+4 2
+35 6

fn=(196)
38 5
+3 5
-1 10
+4 10
+4 5

fn=(146)
116 2
+1 2

fl=(64)
fn=(202)
143 4
+1 2
-1 1
+1 1
-1 2
+1 1
-1 1
+1 1
-1 4
+1 3
-1 1
+1 7
-8 1
+8 2
-8 1
-6 1
-2 1
+16 1
-8 1
-7 1
+1 1
+6 1
+24 4
-28 3
-2 1
+31 1
-33 2
+2 2
+30 2
-30 1
-1 4
+7 4
+24 3
+28 3
-6 1
+46 1
fi=(72) ./elf/../include/scratch_buffer.h
77 1
fe=(64)
+87 1
fi=(72)
-87 1
+1 1
fe=(64)
184 1
+44 4
-31 1
-4 1
+4 7
-4 5
+4 10
+11 16
-18 2
+18 4
417 12
+2 4
+3 4
-3 12
+3 4
-3 4
fi=(28)
56 4
cfi=(27)
cfn=(78)
calls=4 -20 
* 120
fe=(64)
423 12
fi=(28)
56 4
fe=(64)
423 4
+6 4
+1 20
cfi=(29)
cfn=(82)
calls=4 210 
* 44
+1 20
cfi=(29)
cfn=(82)
calls=4 210 
* 44
+3 4
+1 8
+4 18
188 10
442 15
-1 6
+1 12
183 6
+27 16
+7 4
+4 4
-6 4
+1 4
+1 4
+1 8
+3 12
-2 4
-29 20
+32 242
+6 36
cfi=(36)
cfn=(204)
calls=9 +10 
* 519
* 27
+4 18
-2 9
+2 18
cfi=(50)
cfn=(156) _dl_catch_exception
calls=9 -28 
* 17872
+1 18
+9 9
+2 18
+5 20
+6 4
+2 4
-8 8
+3 4
+1 4
+1 4
+1 4
+4 4
-3 4
+3 12
+4 27
+1 15
-43 496
+7 18
+38 336
fi=(72)
85 3
fe=(64)
448 5
+1 1
+3 4
+11 5
fi=(28)
56 1
cfi=(27)
cfn=(78)
calls=1 -20 
* 30
fe=(64)
465 3
fi=(28)
56 1
fe=(64)
465 1
+5 2
+1 1
-1 3
+4 3
-2 2
+13 5
+5 5
-16 15
+11 5
-7 5
+7 5
-2 10
-5 1
+7 1
-2 2
+2 1
-11 1
+11 1
+5 1
-16 3
+21 3
+37 2
+15 2
-14 2
+20 1
-1 4
+1 4
-1 5
cfi=(13)
cfn=(232)
calls=1 298 
* 413
+5 1
+2 1
+1 1
+1 2
-2 1
+2 1
+7 3
+3 2
+3 8
198 39
+3 4
fi=(72)
-70 16
cfi=(71)
cfn=(228)
calls=4 30 
* 100
fe=(64)
+70 12
+4 8
547 4
cfi=(29)
cfn=(82)
calls=1 210 
* 19
* 3
-53 2
144 2

fn=(206) openaux
61 54
+7 9
-4 27
+1 9
-1 63
cfi=(36)
cfn=(162)
calls=9 1967 
* 17080
* 9
+5 27

fl=(78)
fn=(270)
772 1542
+3 257
-3 771
+3 257
-3 1028
fi=(79) ./elf/../sysdeps/generic/dl-new-hash.h
74 257
+3 514
-8 257
+1 514
+10 257
+1 514
-1 1452
+1 2904
+20 1584
-2 1584
+6 1584
-3 3168
+2 1584
-30 1584
+3 3168
fe=(78)
774 257
+1 257
+3 257
-4 257
+1 257
+7 996
+5 257
-2 257
+2 257
-2 257
+6 3668
+1 3598
cfn=(274) do_lookup_x
calls=257 347 
* 117607
* 771
+28 257
-23 771
+23 257
-23 514
+24 1442
+7 243
-7 243
+35 972
+34 972
-20 729
+3 486
-57 257
+76 2313
fi=(79)
87 125
+1 125
+1 250
+1 125
fe=(78)
871 2
-72 84
+18 42
+11 56

fn=(276) check_match
70 3750
+3 1500
+13 250
-13 250
+13 250
-13 250
+13 750
+3 1228
cfi=(31)
cfn=(90)
calls=182 +9 
* 8964
* 364
+4 250
+1 500
+2 496
+19 496
+1 1984
+2 14
+43 243
+1 2000
-18 4
+2 4
+1 2
-1 4
+1 6
-1 4
-68 14
+39 723
cfi=(31)
cfn=(90)
calls=241 -19 
* 6715
* 482

fn=(274)
347 2313
+1 257
-1 1028
+6 257
-6 257
+65 257
-58 257
+11 257
+50 257
-3 514
+3 514
-50 257
+50 1028
-19 3855
+8 1285
-4 1285
+1 1285
+3 5140
+1 2570
+3 1285
-3 1285
+4 2570
+4 2570
-2 1285
+5 5140
+3 8995
+99 3126
358 2570
+3 2570
+4 2570
+21 2570
+4 2570
+71 1944
fi=(4)
139 486
+1 729
fe=(78)
476 486
fi=(80) ./elf/../sysdeps/generic/dl-protected.h
29 972
fe=(78)
483 1640
+16 486
+1 243
+22 243
-21 243
+21 1701
-99 786
-1 524
+2 524
+2 253
+6 1012
-6 253
+6 1771
+7 1002
-10 2885
+2 250
+1 750
-1 250
+1 500
-1 250
+1 250
+1 250
-1 250
+1 250
-1 1750
cfn=(276)
calls=250 70 
* 31497
+4 750
+3 14
+31 80
+52 14
-1 14
+1 98
-35 228

fl=(54)
fn=(170)
25 4
+1 16
+1 4

fl=(58)
fn=(180)
33 2
+2 7
-2 4
+7 1
-7 2
+7 1
-7 2
+7 1
-7 1
+7 1
cfi=(11)
cfn=(28)
calls=1 387 
* 24
* 3
+7 1
+2 6

fl=(11)
fn=(22)
261 8
+22 1
-22 1
128 1
283 1
-22 1
+6 4
42 625
+6 124
-3 124
+3 14016
+4 248
+4 248
fi=(12) ./elf/./elf/dl-tunables.h
160 124
fe=(11)
56 248
fi=(12)
161 110
-1 454
+1 482
-1 248
fe=(11)
281 20336
+6 36828
fi=(12)
160 1240
+1 2480
-1 35
+1 140
-1 175
fe=(11)
304 8

fn=(58)
153 15
-81 40
+81 15
-81 10
+10 5
fi=(484) ./elf/./dl-tunable-types.h
+2 5
fe=(11)
+9 40
+1 25
fi=(12)
+47 10
fe=(11)
-26 25
+1 5
+1 5
+1 5
+39 15
fi=(12)
-15 10
fe=(11)
-45 10
+3 5
fi=(12)
+51 5
fe=(11)
-51 5
+4 10
+7 10
+1 10
-12 25

fn=(28)
387 39
+3 78
-3 39
+3 312
+9 36
-9 72
+19 24
+7 234
+2 39
-19 15
+1 15
+9 6

fl=(1) ???
fn=(0) 0x000000000001f540
0 2
cfi=(2)
cfn=(2)
calls=1 517 
0 392291
0 8
cfi=(76)
cfn=(574)
calls=1 331 
0 4
0 10
cfi=(177)
cfn=(578)
calls=1 81 
0 991
0 3
cob=(7) /home/runner/work/broken-app/broken-app/target/release/deps/criterion-256fa2044db235a1
cfi=(185) ???
cfn=(626) (below main)
calls=1 0 
0 3492342512

fl=(44)
fn=(134)
40 30
+1 5
cfi=(22)
cfn=(62)
calls=5 +16 
* 157
* 5
fi=(485) ./string/../include/rtld-malloc.h
+15 10
cfi=(27)
cfn=(78)
calls=5 -20 
* 150
fe=(44)
-12 10
+3 15
+1 15
-1 5
cfi=(29)
cfn=(82)
calls=5 210 
* 71

fl=(26)
fn=(84)
31 20
+2 5
-2 10
+2 5
-2 15
+2 5
cfi=(24)
cfn=(86)
calls=5 +9 
* 15
+2 44
+3 56
+2 4
+2 4
+4 4
+4 4
-4 8
+1 8
+1 8
+3 20
-1 4
cfi=(24)
cfn=(86)
calls=4 -8 
* 12
-4 1
+4 1
-4 2
+1 2
+1 2
+3 5
-1 1
cfi=(24)
cfn=(86)
calls=1 -8 
* 3
-5 2

fn=(72)
59 75
+3 10
+18 8
+3 4
cfi=(22)
cfn=(62)
calls=4 -26 
* 86
+4 4
-4 4
+4 4
+5 4
-9 12
fi=(28)
-39 8
cfi=(27)
cfn=(74)
calls=4 +36 
* 265
fe=(26)
+39 1
fi=(28)
-39 2
cfi=(27)
cfn=(74)
calls=1 +36 
* 47
* 5
fe=(26)
+51 10
+5 5
+4 5
-6 5
+2 5
+4 5
-5 5
+4 5
+1 5
-1 5
+1 10
cfi=(29)
cfn=(82)
calls=5 210 
* 66
* 5
+15 5
-15 5
+2 5
+13 10
+6 1
+2 7
+3 2
-3 28
+3 8
+2 5
+4 5
+3 14
+2 12
-2 8
+2 8
-2 16
+16 10
-5 5
+5 5
-6 5
+6 5
-6 5
+6 10
+2 8
+3 8
-3 8
+7 16
+4 12
+8 1
+13 1
-10 2
+10 7
-10 8
+10 12
+2 4
cfi=(22)
cfn=(62)
calls=4 57 
* 138
+21 4
-21 12
+17 4
-13 12
+50 12
cfi=(29)
cfn=(122)
calls=4 -48 
* 68
* 4
+5 8
+1 8
-1 128
+1 128
+4 8
+1 4
+3 4
+4 45
131 10
-8 4
-4 8
+34 1
+7 4
+8 16
fi=(28)
56 8
cfi=(27)
cfn=(78)
calls=4 -20 
* 120
* 4
fe=(26)
200 8
-1 8
64 2
+2 3
+1 2
+4 6
+6 2

fl=(476)
fn=(3294)
24 48
+4 12
+6 6
-2 6
+3 12
+3 4
+1 4
-1 4
+1 8
+3 16
+1 4
cob=(3)
cfi=(183)
cfn=(3370)
calls=1 -43 
* 98
cob=(6)
cfi=(184)
cfn=(3340) 0x0000000000004940
calls=1 -43 
* 42
cob=(5)
cfi=(178)
cfn=(3322) 0x00000000000010d0
calls=1 -43 
* 98
cob=(7)
cfi=(185)
cfn=(3296) 0x000000000008e860
calls=1 -43 
* 97
* 1
cob=(6)
cfi=(184)
cfn=(3352) 0x0000000000005ad0
calls=1 -43 
* 98
-1 20
+5 6
+1 12
+1 8
+1 20
-1 4
cob=(4)
cfi=(175)
cfn=(3386) 0x00000000049073a8
calls=1 -49 
* 4
cob=(4)
cfi=(175)
cfn=(3368) 0x0000000004872748
calls=1 -49 
* 4
cob=(4)
cfi=(175)
cfn=(3338) 0x000000000483d294
calls=1 -49 
* 4
cob=(4)
cfi=(175)
cfn=(3318) 0x000000000038ff34
calls=1 -49 
* 4
+1 12

fl=(50)
fn=(236)
186 2
58 1
186 4
+2 1
-2 1
58 1
+1 1
+11 1
192 1
+2 1
cfi=(2)
cfn=(238)
calls=1 674 
* 18466
69 2
+1 1
198 1
-1 1
+1 3

fn=(154)
254 6
+2 1
-2 6
+2 1
cfn=(156)
calls=1 -52 
* 2728
+1 2
+1 1
+1 1
-1 1
+1 1
+2 6

fn=(156)
204 60
58 10
204 20
+3 20
+22 10
-1 10
+1 10
58 20
235 30
cfi=(51)
cfn=(158)
calls=10 31 
* 240
* 30
+2 30
cfi=(64)
cfn=(206)
calls=9 61 
* 17278
cfi=(2)
cfn=(160)
calls=1 641 
* 2662
69 10
+1 10
-1 10
+1 10
239 40
-25 10
+34 30
59 20
+11 30

fl=(63)
fn=(200)
25 1
+2 7
+4 1

fl=(77)
fn=(262)
207 77
+1 14
+12 6
+4 24
-4 6
+6 18
+3 6
-1 6
+1 12
+22 30
+4 6
+7 9
fi=(6)
81 14
+6 4
+4 3
+17 1
-11 1
+11 2
+21 2
+5 4
-2 2
fi=(4)
-53 1
fe=(77)
301 2
fi=(4)
79 2
fe=(77)
301 2
fi=(4)
79 5
fe=(77)
301 10
fi=(4)
79 10
fe=(77)
301 9887
fi=(4)
79 2
fe=(77)
301 2
fi=(4)
79 4
fe=(77)
301 250
-80 12
fi=(6)
393 12
fe=(77)
190 6
+31 6
-31 6
fi=(6)
393 18
fi=(5)
49 6
fe=(77)
301 6
fi=(5)
50 6
+30 6
-31 12
+4 6
-3 6
+3 6
-3 6
+3 18
+27 12
-31 6
fe=(77)
301 6
fi=(5)
50 6
+30 6
-31 12
+4 6
-3 6
+3 6
-3 6
+3 18
+27 12
-7 1
-1 1
+11 8
fi=(6)
514 114
+4 114
+3 171
+1 57
fi=(5)
83 171
+2 228
+11 6
fe=(77)
301 36
fi=(5)
51 6
fi=(4)
+28 30
fi=(6)
730 12
+4 8
fe=(77)
304 30
+24 6
+3 12
+17 18
+2 56
-98 12
+3 6
+7 3
-9 3
+9 6
fi=(6)
81 6
fi=(5)
+33 33
+9 21
+1 3
fi=(6)
498 3
fi=(5)
124 3
fi=(6)
498 6
fi=(5)
124 3304
fi=(6)
498 3304
fi=(5)
124 3304
fi=(6)
498 6608
+5 6614
+1 3307
fi=(5)
123 3307
fi=(6)
504 3307
-5 3307
fi=(5)
123 6614
+3 33
+3 36
+2 32
fe=(77)
+59 10
fi=(5)
73 5
fe=(77)
190 5
fi=(5)
72 5
fe=(77)
190 45
fi=(5)
-57 10
+1 5
+1 5
-2 5
+2 5
+3 5
-5 5
+2 5
-2 5
+1 10
+2 5
-2 5
+2 15
+2 10
-5 666
+1 333
+1 333
-2 333
+2 333
+3 333
-5 333
+2 333
-2 333
+1 666
+2 333
-2 333
+2 999
+2 666
+9 270
fi=(6)
267 540
+7 540
+4 540
fe=(77)
170 1080
fi=(4)
-30 762
fe=(77)
+31 508
+3 508
+8 494
-8 2211
+12 490
-3 245
+1 245
+2 984
-3 2
+1 2
+2 255
+1 247
-1 247
+2 494
-1 988
+3 1482
cfi=(78)
cfn=(270)
calls=247 772 
* 158066
+3 247
+1 494
-4 247
+4 1235
fi=(6)
+93 1006
+3 244
-3 748
+3 260
-3 260
+5 532
+25 1620
423 27
fi=(5)
150 27
fi=(6)
423 486
fi=(5)
150 765
-19 1367
+33 20
+1 72
+1 252
+3 136
+4 68
-1 68
-3 68
+2 136
+2 68
-2 136
fe=(77)
-1 272
fi=(6)
287 68
+3 68
-3 68
+4 136
476 136
+2 68
cfi=(15)
cfn=(544)
calls=1 71 
* 6
cob=(3)
cfi=(162)
cfn=(518)
calls=1 26 
* 8
cob=(3)
cfi=(146)
cfn=(514)
calls=1 27 
* 9
cob=(3)
cfi=(161)
cfn=(510)
calls=1 26 
* 9
cob=(3)
cfi=(160)
cfn=(506)
calls=1 27 
* 9
cob=(3)
cfi=(159)
cfn=(502)
calls=1 26 
* 9
cob=(3)
cfi=(156)
cfn=(498)
calls=1 27 
* 8
cob=(3)
cfi=(158)
cfn=(496)
calls=1 49 
* 6
cob=(3)
cfi=(157)
cfn=(492)
calls=1 26 
* 9
cob=(3)
cfi=(156)
cfn=(488)
calls=1 35 
* 8
cob=(3)
cfi=(155)
cfn=(484)
calls=1 27 
* 9
cob=(3)
cfi=(154)
cfn=(480)
calls=1 26 
* 9
cob=(3)
cfi=(153)
cfn=(476)
calls=1 27 
* 9
cob=(3)
cfi=(151)
cfn=(472)
calls=1 27 
* 8
cob=(3)
cfi=(150)
cfn=(468)
calls=1 30 
* 9
cob=(3)
cfi=(149)
cfn=(464)
calls=1 26 
* 9
cob=(3)
cfi=(148)
cfn=(460)
calls=1 27 
* 9
cob=(3)
cfi=(147)
cfn=(456)
calls=1 27 
* 9
cob=(3)
cfi=(146)
cfn=(452)
calls=1 34 
* 9
cob=(3)
cfi=(145)
cfn=(448)
calls=1 27 
* 9
cob=(3)
cfi=(143)
cfn=(444)
calls=1 27 
* 9
cob=(3)
cfi=(141)
cfn=(440)
calls=1 26 
* 9
cob=(2)
cfi=(139) ./string/../sysdeps/x86_64/multiarch/strncase.c
cfn=(432) strncasecmp
calls=1 31 
* 21
cob=(2)
cfi=(138) ./string/../sysdeps/x86_64/multiarch/mempcpy.c
cfn=(428) mempcpy
calls=1 33 
* 22
cob=(2)
cfi=(137) ./wcsmbs/../sysdeps/x86_64/multiarch/wcpcpy.c
cfn=(424) wcpncpy
calls=1 31 
* 18
cob=(2)
cfi=(136) ./string/../sysdeps/x86_64/multiarch/strspn.c
cfn=(422) strspn
calls=1 29 
* 7
cob=(2)
cfi=(134) ./string/../sysdeps/x86_64/multiarch/memchr.c
cfn=(418) memchr
calls=1 29 
* 23
cob=(2)
cfi=(133) ./string/../sysdeps/x86_64/multiarch/memmove.c
cfn=(414) memmove
calls=1 29 
* 22
cob=(2)
cfi=(132) ./string/../sysdeps/x86_64/multiarch/stpcpy.c
cfn=(410) stpcpy
calls=1 33 
* 17
cob=(2)
cfi=(131) ./debug/../sysdeps/x86_64/multiarch/memmove_chk.c
cfn=(406) __memmove_chk
calls=1 29 
* 22
cob=(2)
cfi=(129) ./wcsmbs/../sysdeps/x86_64/multiarch/wmemcmp.c
cfn=(402) wmemcmp
calls=1 29 
* 24
cob=(2)
cfi=(128) ./string/../sysdeps/x86_64/multiarch/strncpy.c
cfn=(398) strncpy
calls=1 29 
* 19
cob=(2)
cfi=(127) ./string/../sysdeps/x86_64/multiarch/strlen.c
cfn=(394) strlen
calls=1 29 
* 25
cob=(2)
cfi=(100) ./wcsmbs/../sysdeps/x86_64/multiarch/wcscat.c
cfn=(390) wcscat
calls=1 31 
* 18
cob=(2)
cfi=(126) ./string/../sysdeps/x86_64/multiarch/strcasecmp_l.c
cfn=(386) strcasecmp_l
calls=1 31 
* 21
cob=(2)
cfi=(125) ./string/../sysdeps/x86_64/multiarch/strcpy.c
cfn=(382) strcpy
calls=1 29 
* 17
cob=(2)
cfi=(123) ./wcsmbs/../sysdeps/x86_64/multiarch/wmemset.c
cfn=(378) wmemset
calls=2 31 
* 20
cob=(2)
cfi=(121) ./string/../sysdeps/x86_64/multiarch/memcmp.c
cfn=(374) bcmp
calls=1 29 
* 24
cob=(2)
cfi=(120) ./string/../sysdeps/x86_64/multiarch/strchrnul.c
cfn=(370) strchrnul
calls=1 31 
* 25
cob=(2)
cfi=(119) ./string/../sysdeps/x86_64/multiarch/strncase_l.c
cfn=(366) strncasecmp_l
calls=1 31 
* 21
cob=(2)
cfi=(117) ./string/../sysdeps/x86_64/multiarch/strcat.c
cfn=(362) strcat
calls=1 29 
* 17
cob=(2)
cfi=(116) ./wcsmbs/../sysdeps/x86_64/multiarch/wcscpy.c
cfn=(360) wcscpy
calls=1 60 
* 16
cob=(2)
cfi=(115) ./string/../sysdeps/x86_64/multiarch/strcspn.c
cfn=(358) strcspn
calls=1 29 
* 7
cob=(2)
cfi=(113) ./string/../sysdeps/x86_64/multiarch/strcasecmp.c
cfn=(354) strcasecmp
calls=1 31 
* 21
cob=(2)
cfi=(112) ./string/../sysdeps/x86_64/multiarch/strncmp.c
cfn=(352) strncmp
calls=1 67 
* 21
cob=(2)
cfi=(110) ./wcsmbs/../sysdeps/x86_64/multiarch/wmemchr.c
cfn=(348) wmemchr
calls=2 31 
* 46
cob=(2)
cfi=(108) ./string/../sysdeps/x86_64/multiarch/stpncpy.c
cfn=(344) stpncpy
calls=1 31 
* 19
cob=(2)
cfi=(107) ./wcsmbs/../sysdeps/x86_64/multiarch/wcscmp.c
cfn=(340) wcscmp
calls=1 30 
* 25
cob=(2)
cfi=(106) ./string/../sysdeps/x86_64/multiarch/strrchr.c
cfn=(336) rindex
calls=1 28 
* 25
cob=(2)
cfi=(104) ./debug/../sysdeps/x86_64/multiarch/memset_chk.c
cfn=(332) __memset_chk
calls=1 29 
* 24
cob=(2)
cfi=(103) ./string/../sysdeps/x86_64/multiarch/strchr.c
cfn=(330) index
calls=1 65 
* 19
cob=(2)
cfi=(100)
cfn=(324) wcschr
calls=2 31 
* 50
cob=(2)
cfi=(98) ./string/../sysdeps/x86_64/multiarch/memcmpeq.c
cfn=(320) memcpy@@GLIBC_2.14
calls=1 29 
* 22
cob=(2)
cfi=(96) ./wcsmbs/../sysdeps/x86_64/multiarch/wcsncpy.c
cfn=(316) wcsncpy
calls=1 31 
* 18
cob=(2)
cfi=(95) ./string/../sysdeps/x86_64/multiarch/memrchr.c
cfn=(312) memrchr
calls=1 29 
* 25
cob=(2)
cfi=(94) ./debug/../sysdeps/x86_64/multiarch/memcpy_chk.c
cfn=(308) __memcpy_chk
calls=1 29 
* 22
cob=(2)
cfi=(92) ./debug/../sysdeps/x86_64/multiarch/mempcpy_chk.c
cfn=(304) __mempcpy_chk
calls=1 29 
* 22
cob=(2)
cfi=(91) ./wcsmbs/../sysdeps/x86_64/multiarch/wcslen.c
cfn=(300) wcslen
calls=1 29 
* 19
cob=(2)
cfi=(89) ./string/../sysdeps/x86_64/multiarch/memset.c
cfn=(296) memset
calls=1 29 
* 24
cob=(2)
cfi=(87) ./wcsmbs/../sysdeps/x86_64/multiarch/wcsnlen.c
cfn=(292) wcsnlen
calls=1 30 
* 19
cob=(2)
cfi=(86) ./string/../sysdeps/x86_64/multiarch/strcmp.c
cfn=(290) strcmp
calls=1 79 
* 19
cob=(2)
cfi=(85) ./string/../sysdeps/x86_64/multiarch/strpbrk.c
cfn=(288) strpbrk
calls=1 29 
* 7
cob=(2)
cfi=(83) ./string/../sysdeps/x86_64/multiarch/strnlen.c
cfn=(284) strnlen
calls=2 31 
* 50
cob=(2)
cfi=(81) ./string/../sysdeps/x86/cacheinfo.c
cfn=(280) __x86_cacheinfo
calls=1 86 
* 28
fi=(5)
165 68
fi=(6)
479 68
fi=(5)
165 145
-14 84
fi=(6)
400 51
+2 68
+4 17
+9 17
-9 34
+9 17
fi=(5)
150 34
fi=(6)
320 28
+3 28
+23 2
+1 3
fi=(5)
150 2
fi=(6)
287 80
fi=(5)
141 68
+1 68
-1 204
+2 68
fi=(6)
287 340
fe=(77)
175 63
+3 7
-1 7
+19 7
-18 14
fi=(6)
295 12
+1 18
+11 12
+7 6
cob=(2)
cfi=(127)
cfn=(394)
calls=1 29 
* 25
cob=(2)
cfi=(133)
cfn=(414)
calls=1 29 
* 22
cob=(2)
cfi=(89)
cfn=(296)
calls=1 29 
* 24
cob=(2)
cfi=(121)
cfn=(374)
calls=2 29 
* 48
cob=(2)
cfi=(98)
cfn=(320)
calls=1 29 
* 22
* 24
fe=(77)
-13 3
+55 30
+3 6
-3 6
+3 6
+4 12
+1 24
cfi=(140)
cfn=(436)
calls=6 117 
* 36
* 12
-63 9
fi=(5)
180 7
fe=(77)
+10 2
fi=(5)
73 1
fe=(77)
190 3
fi=(6)
436 7
fi=(5)
182 2
+1 2
-1 1
+3 1
-3 4
+3 2
-3 10
+1 10
-1 5
+3 5
-3 20
+3 10
+8 6
fi=(6)
+74 12
+7 12
+4 12
fe=(77)
170 24
fi=(4)
-30 18
fe=(77)
+31 12
+3 12
+8 12
-8 54
+12 12
-3 6
+1 6
+2 36
+4 24
-4 6
+4 18
cfi=(78)
cfn=(270)
calls=6 772 
* 3392
+3 6
+1 12
-4 6
+4 30
fi=(6)
+93 20
+3 2
-3 6
+3 2
-3 2
+5 4
+25 36
423 6
fi=(5)
196 18
-16 24
+31 7
fe=(77)
-33 7
-3 21

fl=(43)
fn=(126)
132 11
+1 55
+5 11
+1 11
+3 4
+1 4
244 4
+1 4
+12 4
+3 4
+1 4
+12 4
+1 4
+13 4
+1 4
+2 4
+3 3
+3 6
+3 3
+1 3
+1 3
+1 3
+1 3
+1 3
+1 3
-6 40
+1 40
+1 40
+1 40
+1 40
+1 40
+1 40
+3 4
+1 4
+1 4
+1 4
+5 4
+34 7
+2 7
+1 7
+39 7
+1 7
+2 7

fl=(48)
fn=(648) _dl_audit_preinit
118 1
+1 4

fn=(564)
41 3
+4 12
+1 3
+1 15

fn=(148)
29 2
+2 1
-2 5
+1 1
+1 2
+6 6

fn=(3320)
97 6
+1 24

fn=(198)
77 4
+1 16

fl=(67)
fn=(214)
403 30
+2 6
+3 9
+69 6
+5 3
205 3
482 6
+3 9
fi=(69) ./elf/../sysdeps/x86/dl-procinfo.h
39 6
+3 9
cfi=(31)
cfn=(90)
calls=3 +56 
* 75
* 12
fe=(67)
208 18
cfi=(11)
cfn=(28)
calls=3 387 
* 69
* 3
+12 3
-10 3
-2 3
+12 6
-7 15
+9 15
+1 3
-32 6
+36 3
-4 3
+4 6
-5 100
+1 20
-32 40
+36 20
-4 20
+4 40
+4 69
cfn=(222) _dl_cache_libcmp
calls=23 357 
* 1842
+1 46
346 20
+3 8
220 16
347 12
220 30
+2 30
+20 8
+3 8
+2 16
cfn=(222)
calls=4 357 
* 393
* 8
+2 1
-9 8
-30 9
+1 3
fi=(486) ./elf/../sysdeps/x86/dl-isa-level.h
28 6
fe=(67)
210 6
fi=(486)
28 3
fe=(67)
210 3
+1 3
-1 9
+76 9
fi=(486)
28 9
fe=(67)
259 6
+10 9
+1 12
+16 3
fi=(68) ./elf/../sysdeps/generic/dl-cache.h
125 3
fe=(67)
286 9
+9 6
+3 6
+3 3
+1 9
+28 6
500 6
+12 6
cfi=(22)
cfn=(62)
calls=3 57 
* 133
+1 3
-1 3
+1 36
+1 3
-1 3
+1 3
-1 3
+1 3
cfi=(29)
cfn=(82)
calls=3 210 
* 41
* 3
+1 3
cfi=(44)
cfn=(134)
calls=3 40 
* 293
+1 24
411 4
cfi=(52)
cfn=(216)
calls=1 36 
* 103
* 1
+8 5
+1 8
+3 3
+1 1
-1 3
fi=(68)
194 1
+1 5
fe=(67)
431 1
+1 2

fn=(222)
357 27
+1 27
+32 27
-33 27
+1 62
+2 149
+2 149
-2 298
+20 290
+2 290
-12 122
+2 122
+14 122
+1 122
-29 244
+32 12
-28 8
+6 4
+2 4
-2 4
+1 4
-1 4
+1 4
-1 4
+2 12
+2 4
-3 4
+3 12
+2 8
+9 69

fn=(566)
525 1
+1 4
-1 1
+3 1
-3 1
+3 1
cfi=(140)
cfn=(568)
calls=1 117 
* 6
+7 1
-6 1
+4 1
+2 1

fl=(29)
fn=(122)
197 23
+1 23
+1 23
+1 23
+17 23
+1 23
+2 8
+1 8
+1 8
+2 6
+1 6
+1 6
+2 6
+80 15
+1 15
+2 4
+4 4
+1 4
+1 4
+8 4
+39 11
+1 11
+1 11
+1 11
+1 11
+7 2
+1 2
+1 2
+1 2
+1 2
+1 2
+1 2
+11 2
+1 2
+2 2
+1 2
+1 2

fn=(82)
210 26
+1 26
+6 26
+1 26
+2 18
+1 18
+1 18
+2 10
+1 10
+1 10
+2 10
+80 8
+1 8
+2 1
+4 1
+1 1
+1 1
+1 1
+1 1
+4 1
+2 1
+39 7
+1 7
+1 7
+1 7
+1 7
+7 8
+1 8
+1 8
+1 8
+1 8
+1 8
+1 8
+11 8
+1 8
+2 8
+1 8
+1 8

fl=(8)
fn=(14)
25 6
+3 6
-3 6
+3 12
+3 18
+1 12
+2 6
-1 6
+3 18
+1 6
+1 12
+7 6
-5 6
-2 6
+3 12
+2 6
+2 12
+5 6

fl=(73)
fn=(240)
392 7
+4 5
-2 1
+4 36
cfn=(242) _dl_check_map_versions
calls=6 155 
* 18353
-2 6
+2 18
-1 6
-1 12
+5 7

fn=(242)
155 60
+15 18
+2 30
+2 6
+1 6
+2 12
+3 8
-16 8
+20 4
-4 4
-24 4
+28 28
+16 8
36 4
200 4
36 28
200 10
36 5
200 5
36 35
+1 37
-1 74
+2 138
cfi=(52)
cfn=(164)
calls=46 +30 
* 4371
* 101
208 27
+5 9
fi=(487) ./elf/../sysdeps/generic/_itoa.h
76 27
fe=(73)
213 18
+4 18
+1 18
-1 18
+4 9
-3 9
+3 9
-3 27
-1 64
+1 64
-1 64
+4 32
-3 32
+3 32
-3 221
56 164
+8 123
+6 123
+16 41
+1 82
+2 41
+5 287
+14 1408
+12 1989
+4 663
-30 1326
231 164
+3 123
+5 32
-24 32
110 41
+3 205
cfi=(31)
cfn=(90)
calls=41 -15 
* 1638
* 123
224 123
+1 3
cfi=(31)
cfn=(90)
calls=1 98 
* 71
* 2
+3 20
+15 27
+5 5
-50 5
+59 20
+3 8
+3 28
+3 16
+4 4
-7 16
+3 12
+4 73
-7 292
+3 223
+8 12
+6 10
fi=(28)
44 5
fe=(73)
280 10
fi=(28)
44 5
cfi=(27)
cfn=(74)
calls=5 +36 
* 260
fe=(73)
281 10
-2 5
fi=(28)
44 5
fe=(73)
281 5
+13 5
-3 5
+3 20
+2 10
+3 16
+4 27
+7 41
+1 41
-1 123
+1 41
+1 41
-2 41
+2 82
+1 123
+3 123
+5 32
-15 32
+2 32
-2 32
+2 32
-2 32
+2 64
-2 9
+2 9
-2 9
+2 9
-2 9
+2 18
+16 27
+5 5
-28 5
+33 8
+3 8
+4 77
+6 77
+1 77
+1 77
-1 231
+1 77
-1 77
+1 77
+1 77
+3 231
+4 77
-14 162
+10 12
+12 8
+1 8
+1 8
+1 4
+19 54
164 2
-8 2
257 5
+17 3
+60 2
-40 2
+76 4
+2 4
+4 2
-4 120
+1 60
+2 1
+1 2
-1 1
+1 1
cfi=(31)
cfn=(244)
calls=1 98 
* 32
* 2

fl=(65)
fn=(210)
28 6
+1 12
cfi=(66)
cfn=(212)
calls=3 146 
* 28

fl=(163)
fn=(528) _dlfo_process_initial
474 2
+3 2
-3 6
+1 2
+3 4
+26 14
+1 6
+1 12
-1 24
+3 44
+3 40
-7 10
+27 2
-2 2
+2 6
-18 30
+3 10
-1 10
cfi=(164)
cfn=(526)
calls=5 95 
* 310
+2 20

fn=(530) _dlfo_sort_mappings
536 1
+1 2
+3 4
+4 1
+1 1
-1 1
+1 2
-1 3
+1 3
-1 3
+1 14
+1 50
+3 4
-1 4
-3 30
+8 12
+1 8
-1 4
-13 8
+14 12
+1 8
-15 8
+17 1

fn=(524)
561 2
+3 1
-3 3
+5 2
+13 1
cfn=(528)
calls=1 474 
* 113
+1 1
-1 1
+1 1
fi=(28)
56 1
cfi=(27)
cfn=(78)
calls=1 -20 
* 30
fe=(163)
580 1
fi=(28)
56 1
fe=(163)
582 2
+3 2
+5 1
+1 1
cfn=(528)
calls=1 474 
* 443
+3 3
+10 4
-37 2
cfi=(164)
cfn=(526)
calls=1 95 
* 63
* 1
+29 2
cfn=(530)
calls=1 -60 
* 184
+3 6
+2 1

fl=(70)
fn=(226)
25 4
+1 8
+1 2

ob=(5)
fl=(178)
fn=(3332) 0x0000000000001060
0 5

fn=(586)
0 12

fn=(3322)
0 9
cob=(4)
cfi=(175)
cfn=(3328) 0x000000000483d030
calls=1 0 
0 80
0 1
cfn=(3332)
calls=1 0 
0 5
0 3

ob=(4)
fl=(175)
fn=(710) 0x000000000498a3f0
0 6
cob=(2)
cfi=(217) ./malloc/./malloc/malloc.c
cfn=(712) malloc
calls=3 3294 
0 2187

fn=(3338)
0 4

fn=(3386)
0 4

fn=(558) 0x000000000498a720
0 42
cob=(1)
cfi=(11)
cfn=(28)
calls=21 387 
0 493

fn=(596) 0x000000000498a660
0 2
cob=(2)
cfi=(181) ./string/../sysdeps/x86_64/multiarch/strrchr-avx2.S
cfn=(598) __strrchr_avx2
calls=1 53 
0 62

fn=(3358) 0x000000000484f3c0
0 2
cob=(2)
cfi=(477) ./stdlib/./stdlib/cxa_finalize.c
cfn=(3304) __cxa_finalize
calls=1 30 
0 78

fn=(602)
0 7

fn=(812) 0x000000000498a500
0 106
cob=(2)
cfi=(241) ./string/../sysdeps/x86_64/multiarch/strlen-avx2.S
cfn=(814) __strlen_avx2
calls=53 52 
0 1586

fn=(612)
0 7

fn=(646) 0x000000000498a7b0
0 2
cob=(1)
cfi=(48)
cfn=(648)
calls=1 118 
0 5

fn=(3328)
0 2
cob=(2)
cfi=(477)
cfn=(3304)
calls=1 30 
0 78

fn=(3376)
0 2
cob=(2)
cfi=(477)
cfn=(3304)
calls=1 30 
0 78

fn=(790) 0x000000000498a410
0 8
cob=(2)
cfi=(217)
cfn=(792) realloc
calls=4 3407 
0 1017

fn=(856) 0x000000000498a740
0 4
cob=(2)
cfi=(250) ./string/../sysdeps/x86_64/multiarch/memset-vec-unaligned-erms.S
cfn=(858) __memset_avx2_unaligned_erms
calls=2 158 
0 37

fn=(786) 0x000000000498a480
0 106
cob=(2)
cfi=(236) ./string/../sysdeps/x86_64/multiarch/memchr-avx2.S
cfn=(788) __memchr_avx2
calls=53 61 
0 1927

fn=(798) 0x000000000498a6b0
0 224
cob=(2)
cfi=(237) ./string/../sysdeps/x86_64/multiarch/memmove-vec-unaligned-erms.S
cfn=(800) __memcpy_avx_unaligned_erms
calls=112 255 
0 302194

fn=(3318)
0 4

fn=(756) 0x000000000498a680
0 2
cob=(2)
cfi=(229) ./string/../sysdeps/x86_64/multiarch/strchr-avx2.S
cfn=(758) __strchr_avx2
calls=1 53 
0 21

fn=(864) 0x000000000498a450
0 2
cob=(2)
cfi=(217)
cfn=(866) calloc
calls=1 3699 
0 239

fn=(582)
0 7

fn=(634) 0x000000000038ff18
0 7

fn=(828) 0x000000000498a3e0
0 14
cob=(2)
cfi=(217)
cfn=(830) free
calls=7 3359 
0 595

fn=(1606) 0x000000000498a600
0 56
cob=(2)
cfi=(377) ./string/../sysdeps/x86_64/multiarch/strcmp-avx2.S
cfn=(1608) __strncmp_avx2
calls=28 206 
0 817

fn=(3368)
0 4

ob=(7)
fl=(398) /rustc/8bab26f4f68e0e26f0bb7960be334d5b520ea452/library/std/src/path.rs
fn=(1860) <std::path::Components>::parse_next_component_back
793 4
fi=(259) /rustc/8bab26f4f68e0e26f0bb7960be334d5b520ea452/library/core/src/cmp.rs
520 2
fe=(398)
697 2
+99 2
-55 4
+55 4
fi=(345) /rustc/8bab26f4f68e0e26f0bb7960be334d5b520ea452/library/core/src/slice/index.rs
568 4
89 8
-89 2
fi=(200) /rustc/8bab26f4f68e0e26f0bb7960be334d5b520ea452/library/core/src/ptr/non_null.rs
1714 2
fi=(336) /rustc/8bab26f4f68e0e26f0bb7960be334d5b520ea452/library/core/src/slice/iter/macros.rs
25 2
fi=(200)
1714 52
fi=(336)
25 52
407 162
fi=(399) /rustc/8bab26f4f68e0e26f0bb7960be334d5b520ea452/library/std/src/sys/path/mod.rs
5 108
fi=(336)
407 54
fi=(345)
568 8
fe=(398)
798 6
0 2
769 12
0 2
801 10
+1 4

fn=(1854) <std::path::Path>::file_name
329 4
fi=(399)
5 6
-5 6
fe=(398)
3239 14
2704 2
cfn=(1858) <std::path::Components as core::iter::traits::double_ended::DoubleEndedIterator>::next_back
calls=2 976 
* 640
fi=(292) /rustc/8bab26f4f68e0e26f0bb7960be334d5b520ea452/library/core/src/option.rs
1542 6
fe=(398)
2704 4
0 4
2708 6

fn=(1858)
976 24
705 2
1019 18
0 14
705 18
0 2
978 10
+1 4
+1 6
cfn=(1860)
calls=2 793 
* 508
* 2
+1 2
-1 14
+1 2
fi=(195) /rustc/8bab26f4f68e0e26f0bb7960be334d5b520ea452/library/core/src/num/uint_macros.rs
+69 2
fe=(398)
-69 4
fi=(292)
633 4
fe=(398)
982 4

fl=(430) /home/runner/.cargo/registry/src/index.crates.io-1949cf8c6b5b557f/clap_builder-4.5.53/src/parser/matches/arg_matches.rs
fn=(2610) <clap_builder::parser::matches::arg_matches::ArgMatches>::try_get_one::<f64>
1081 100
fi=(289) /rustc/8bab26f4f68e0e26f0bb7960be334d5b520ea452/library/alloc/src/vec/mod.rs
1864 10
fi=(200)
1714 10
fi=(336)
180 10
0 80
fi=(200)
1714 340
fi=(421) /rustc/8bab26f4f68e0e26f0bb7960be334d5b520ea452/library/core/src/iter/adapters/enumerate.rs
82 170
fi=(200)
1714 170
fi=(336)
180 170
fi=(304) /rustc/8bab26f4f68e0e26f0bb7960be334d5b520ea452/library/core/src/slice/cmp.rs
21 340
fi=(417) /home/runner/.cargo/registry/src/index.crates.io-1949cf8c6b5b557f/clap_builder-4.5.53/src/util/flat_map.rs
+76 4
-97 4
fi=(304)
157 8
cob=(2)
cfi=(303) ./string/../sysdeps/x86_64/multiarch/memcmp-avx2-movbe.S
cfn=(1080) __memcmp_avx2_movbe
calls=4 -84 
* 88
* 4
fi=(417)
-60 4
fe=(430)
-97 10
1089 10
0 10
1096 80

fn=(2600) <clap_builder::parser::matches::arg_matches::ArgMatches>::try_get_one::<usize>
1081 40
fi=(289)
1864 4
fi=(200)
1714 4
fi=(336)
180 4
0 32
fi=(200)
1714 136
fi=(421)
82 68
fi=(200)
1714 68
fi=(336)
180 68
fi=(304)
21 136
fi=(417)
+76 2
-97 2
fi=(304)
157 4
cob=(2)
cfi=(303)
cfn=(1080)
calls=2 -84 
* 44
* 2
fi=(417)
-60 2
fe=(430)
-97 4
1089 4
0 4
1096 32

fn=(2502) <clap_builder::parser::matches::arg_matches::ArgMatches>::get_flag
181 198
fi=(289)
1864 18
fi=(200)
1714 18
fi=(336)
180 18
0 144
fi=(200)
1714 200
fi=(421)
82 100
fi=(200)
1714 100
fi=(336)
180 100
fi=(304)
21 236
fi=(417)
+76 34
-97 34
fi=(304)
157 68
cob=(2)
cfi=(303)
cfn=(1080)
calls=34 -84 
* 694
* 34
fi=(417)
-60 34
-97 18
fi=(289)
1864 18
fi=(345)
272 36
0 36
fi=(285) /rustc/8bab26f4f68e0e26f0bb7960be334d5b520ea452/library/alloc/src/raw_vec/mod.rs
614 18
fi=(418) /home/runner/.cargo/registry/src/index.crates.io-1949cf8c6b5b557f/clap_builder-4.5.53/src/parser/matches/matched_arg.rs
171 36
fi=(292)
1651 36
+1 18
fe=(430)
1292 18
fi=(431) /rustc/8bab26f4f68e0e26f0bb7960be334d5b520ea452/library/core/src/any.rs
764 90
fe=(430)
1292 18
fi=(292)
764 72
0 36
764 36
0 18
fi=(200)
656 18
fi=(292)
764 18
0 18
fi=(200)
441 36
fi=(440) /rustc/8bab26f4f68e0e26f0bb7960be334d5b520ea452/library/alloc/src/sync.rs
2445 90
0 18
fi=(431)
201 36
cfn=(2514) <bool as core::any::Any>::type_id
calls=18 -59 
* 72
764 54
fi=(292)
1161 18
fe=(430)
182 18
+7 144

fn=(2522) <clap_builder::parser::matches::arg_matches::ArgMatches>::try_get_one::<alloc::string::String>
1081 160
fi=(289)
1864 16
fi=(200)
1714 16
fi=(336)
180 16
0 128
fi=(200)
1714 424
fi=(421)
82 212
fi=(200)
1714 212
fi=(336)
180 212
fi=(304)
21 436
fi=(417)
+76 22
-97 22
fi=(304)
157 44
cob=(2)
cfi=(303)
cfn=(1080)
calls=22 -84 
* 466
* 22
fi=(417)
-60 22
-97 6
fi=(289)
1864 6
fi=(345)
272 12
0 12
fi=(285)
614 6
fe=(430)
1291 42
cfi=(418)
cfn=(2540) <clap_builder::parser::matches::matched_arg::MatchedArg>::infer_type_id
calls=6 169 
* 108
fi=(431)
764 24
fe=(430)
1292 6
1086 12
cfi=(285)
cfn=(2548) <clap_builder::parser::matches::matched_arg::MatchedArg>::first
calls=6 614 
* 96
* 12
fi=(200)
441 12
fi=(440)
2445 30
0 6
fi=(431)
201 12
cfi=(385) /home/runner/.cargo/registry/src/index.crates.io-1949cf8c6b5b557f/clap_builder-4.5.53/src/builder/value_parser.rs
cfn=(2248) <clap_builder::builder::value_parser::PossibleValuesParser as clap_builder::builder::value_parser::AnyValueParser>::type_id
calls=4 645 
* 16
cfn=(2552) <alloc::string::String as core::any::Any>::type_id
calls=2 -59 
* 8
764 18
fi=(292)
1161 6
0 6
fe=(430)
1092 12
0 10
1089 10
0 10
1096 80
0 6
1096 48

fl=(199) /rustc/8bab26f4f68e0e26f0bb7960be334d5b520ea452/library/core/src/sync/atomic.rs
fn=(2568) std::io::stdio::stdout
3905 2
fi=(433) /rustc/8bab26f4f68e0e26f0bb7960be334d5b520ea452/library/std/src/sync/once_lock.rs
156 4
fi=(339) /rustc/8bab26f4f68e0e26f0bb7960be334d5b520ea452/library/std/src/io/stdio.rs
722 2
0 2
fi=(433)
410 1
cfi=(199)
cfn=(2572) <std::sync::once_lock::OnceLock<std::sync::reentrant_lock::ReentrantLock<core::cell::RefCell<std::io::buffered::linewriter::LineWriter<std::io::stdio::StdoutRaw>>>>>::initialize::<<std::sync::once_lock::OnceLock<std::sync::reentrant_lock::ReentrantLock<core::cell::RefCell<std::io::buffered::linewriter::LineWriter<std::io::stdio::StdoutRaw>>>>>::get_or_init<std::io::stdio::stdout::{closure#0}>::{closure#0}, !>
calls=1 3905 
* 153
* 1
fi=(339)
722 2
fe=(199)

fn=(2572)
3905 1
fi=(435) /rustc/8bab26f4f68e0e26f0bb7960be334d5b520ea452/library/std/src/sync/once.rs
221 2
fi=(433)
0 3
fi=(435)
225 6
+1 7
cfi=(434) /rustc/8bab26f4f68e0e26f0bb7960be334d5b520ea452/library/std/src/sys/sync/once/futex.rs
cfn=(2576) <std::sys::sync::once::futex::Once>::call
calls=1 -80 
* 131
* 2
fi=(433)
557 1
fe=(199)

fl=(280) /rustc/8bab26f4f68e0e26f0bb7960be334d5b520ea452/library/std/src/sys/process/unix/common.rs
fn=(958) <std::sys::process::unix::common::Command>::new
161 9
fi=(281) /rustc/8bab26f4f68e0e26f0bb7960be334d5b520ea452/library/core/src/slice/mod.rs
2625 2
0 1
fi=(304)
157 1
fe=(280)
-8 1
fi=(282) /rustc/8bab26f4f68e0e26f0bb7960be334d5b520ea452/library/core/src/slice/memchr.rs
27 2
-27 2
40 14
+4 7
-5 14
-39 4
fi=(283) /rustc/8bab26f4f68e0e26f0bb7960be334d5b520ea452/library/alloc/src/ffi/c_str.rs
312 1
cfn=(964) <&[u8] as <alloc::ffi::c_str::CString>::new::SpecNewImpl>::spec_new_impl
calls=1 -17 
* 324
fi=(268) /rustc/8bab26f4f68e0e26f0bb7960be334d5b520ea452/library/core/src/result.rs
1620 1
0 1
1620 2
+1 2
fi=(285)
0 1
cfi=(185)
cfn=(904) __rustc::__rust_no_alloc_shim_is_unstable_v2
calls=1 0 
0 1
fi=(265) /rustc/8bab26f4f68e0e26f0bb7960be334d5b520ea452/library/alloc/src/alloc.rs
101 3
cfi=(185)
cfn=(906) __rustc::__rust_alloc
calls=1 0 
* 200
fi=(285)
469 2
fi=(286) /rustc/8bab26f4f68e0e26f0bb7960be334d5b520ea452/library/std/src/sys/process/unix/common/cstring_array.rs
0 1
fi=(256) /rustc/8bab26f4f68e0e26f0bb7960be334d5b520ea452/library/core/src/ptr/mod.rs
1933 1
fi=(286)
20 3
fi=(285)
460 2
0 1
cfi=(185)
cfn=(904)
calls=1 0 
0 1
fi=(265)
101 3
cfi=(185)
cfn=(906)
calls=1 0 
* 194
fi=(285)
469 2
fi=(287) /rustc/8bab26f4f68e0e26f0bb7960be334d5b520ea452/library/alloc/src/slice.rs
0 1
fi=(256)
551 4
cob=(2)
cfi=(237)
cfn=(800)
calls=1 255 
* 13
* 1
1933 1
fi=(289)
1046 1
fi=(286)
43 1
fe=(280)
169 4
-2 23
+20 9

fn=(1158) std::sys::process::unix::common::read_output
636 13
fi=(331) /rustc/8bab26f4f68e0e26f0bb7960be334d5b520ea452/library/std/src/sys/fd/unix.rs
-26 2
+1 4
cob=(2)
cfi=(330) ./misc/../sysdeps/unix/sysv/linux/ioctl.c
cfn=(1160) ioctl
calls=1 26 
* 24
fi=(198) /rustc/8bab26f4f68e0e26f0bb7960be334d5b520ea452/library/std/src/sys/pal/unix/mod.rs
233 2
+10 1
fi=(331)
610 2
+1 4
cob=(2)
cfi=(330)
cfn=(1160)
calls=1 26 
* 24
fi=(198)
233 1
+10 1
0 1
fi=(256)
713 3
fe=(280)
-65 1
+1 1
+1 1
+1 3
0 1
654 5
cob=(2)
cfi=(197) ./io/../sysdeps/unix/sysv/linux/poll.c
cfn=(668) poll
calls=1 27 
* 8
fi=(198)
233 1
+10 1
fe=(280)
656 3
+16 3
cfi=(331)
cfn=(1166) <std::sys::fd::unix::FileDesc>::read_to_end
calls=1 159 
* 88
* 2
fi=(331)
-62 2
+1 4
cob=(2)
cfi=(330)
cfn=(1160)
calls=1 26 
* 24
fi=(198)
233 1
+10 1
0 2
fe=(280)
658 1
cfi=(331)
cfn=(1166)
calls=1 159 
* 88
* 1
0 1
fi=(268)
835 3
fi=(297) /rustc/8bab26f4f68e0e26f0bb7960be334d5b520ea452/library/std/src/os/fd/owned.rs
216 3
cob=(2)
cfi=(328) ./io/../sysdeps/unix/sysv/linux/close.c
cfn=(1152) close
calls=1 26 
* 8
* 2
cob=(2)
cfi=(328)
cfn=(1152)
calls=1 26 
* 8
fe=(280)
685 9

fn=(1022) <std::sys::process::unix::common::Command>::capture_env
339 8
fi=(291) /rustc/8bab26f4f68e0e26f0bb7960be334d5b520ea452/library/std/src/sys/process/env.rs
42 4
fi=(292)
1163 2
fe=(280)
342 8

fn=(1028) <std::sys::process::unix::common::Command>::setup_io
354 11
fi=(292)
742 1
fe=(280)
364 5
fi=(292)
742 1
fe=(280)
364 1
0 3
364 2
cfn=(1030) <std::sys::process::unix::common::Stdio>::to_child_stdio
calls=1 +36 
* 130
fi=(268)
2173 2
+1 2
fe=(280)
364 4
fi=(292)
742 1
fe=(280)
365 1
0 2
365 2
cfn=(1030)
calls=1 +35 
* 46
fi=(268)
2173 2
fi=(297)
0 1
fi=(268)
2174 2
fe=(280)
365 3
fi=(292)
742 1
fe=(280)
366 1
0 2
366 2
cfn=(1030)
calls=1 +34 
* 46
fi=(268)
2173 2
fe=(280)
370 8
fi=(268)
2174 2
fe=(280)
366 3
+3 13
fi=(256)
825 3
fe=(280)

fn=(994) <std::sys::process::unix::common::Command>::arg
195 10
fi=(283)
312 1
cfn=(964)
calls=1 -17 
* 338
fi=(268)
1620 1
0 1
1620 2
+1 1
fi=(289)
3054 1
1040 2
+1 2
cfi=(285)
cfn=(1000) <alloc::raw_vec::RawVec<*const i8>>::grow_one
calls=1 186 
* 455
fi=(285)
614 1
fi=(256)
1933 1
fi=(289)
1046 2
fi=(345)
278 2
fi=(286)
43 1
fe=(280)
198 8

fn=(1030)
400 21
+1 15
0 2
fi=(296) /rustc/8bab26f4f68e0e26f0bb7960be334d5b520ea452/library/std/src/sys/pipe/unix.rs
9 4
+19 4
cob=(2)
cfi=(295) ./io/../sysdeps/unix/syscall-template.S
cfn=(1042) pipe2
calls=2 +92 
* 12
fi=(198)
233 2
+10 2
fi=(296)
29 2
fi=(488) /rustc/8bab26f4f68e0e26f0bb7960be334d5b520ea452/library/core/src/num/niche_types.rs
133 4
fi=(296)
29 2
fi=(488)
133 4
fe=(280)
426 8
+1 6
0 1
fi=(293) /rustc/8bab26f4f68e0e26f0bb7960be334d5b520ea452/library/std/src/sys/fs/unix.rs
1240 3
+15 1
fe=(280)
434 1
fi=(293)
1258 1
fe=(280)
435 4
cfi=(293)
cfn=(1032) <std::sys::fs::unix::File>::open_c
calls=1 1359 
* 94
fi=(268)
2173 2
+1 1
fe=(280)
0 4
442 6
0 4
442 12

fl=(266) /rustc/8bab26f4f68e0e26f0bb7960be334d5b520ea452/library/std/src/alloc.rs
fn=(1008) __rustc::__rdl_realloc
467 688
fi=(267) /rustc/8bab26f4f68e0e26f0bb7960be334d5b520ea452/library/std/src/sys/alloc/unix.rs
53 516
+1 688
cob=(2)
cfi=(217)
cfn=(792)
calls=86 3407 
* 343215
fe=(266)

fn=(908) __rustc::__rdl_alloc
450 801
fi=(267)
13 4806
+1 1602
cob=(2)
cfi=(217)
cfn=(712)
calls=801 3294 
* 144140
fe=(266)

fl=(351) /rust/deps/hashbrown-0.17.1/src/map.rs
fn=(2734) <hashbrown::map::HashMap<alloc::string::String, (), std::hash::random::RandomState>>::insert
1806 72
+1 8
241 16
cfi=(352) /rustc/8bab26f4f68e0e26f0bb7960be334d5b520ea452/library/core/src/hash/mod.rs
cfn=(2736) <std::hash::random::RandomState as core::hash::BuildHasher>::hash_one::<&alloc::string::String>
calls=8 694 
* 1452
0 8
fi=(355) /rust/deps/hashbrown-0.17.1/src/raw.rs
910 8
fi=(354) /rustc/8bab26f4f68e0e26f0bb7960be334d5b520ea452/library/core/src/intrinsics/mod.rs
459 8
fi=(355)
1138 16
fi=(360) /rust/deps/hashbrown-0.17.1/src/control/tag.rs
47 64
-47 48
fi=(256)
551 8
fi=(358) /rustc/8bab26f4f68e0e26f0bb7960be334d5b520ea452/library/core/src/../../stdarch/crates/core_arch/src/x86/sse2.rs
1615 24
fi=(372) /rust/deps/hashbrown-0.17.1/src/control/bitmask.rs
40 16
fi=(357) /rustc/8bab26f4f68e0e26f0bb7960be334d5b520ea452/library/core/src/macros/mod.rs
430 8
0 8
fi=(354)
436 8
fi=(358)
1615 8
fi=(372)
40 16
fi=(359) /rustc/8bab26f4f68e0e26f0bb7960be334d5b520ea452/library/core/src/num/nonzero.rs
644 8
fi=(355)
1754 16
fi=(358)
1615 16
fi=(354)
436 16
fi=(355)
2646 8
fi=(360)
17 8
fi=(354)
459 8
0 8
fe=(351)
1817 32
fi=(360)
30 8
fi=(195)
2621 8
fi=(355)
-32 8
+4 8
+1 8
2459 48
fi=(262) /rustc/8bab26f4f68e0e26f0bb7960be334d5b520ea452/library/core/src/ptr/mut_ptr.rs
1072 16
fi=(256)
1933 40
fe=(351)
1822 72
fi=(355)
914 16
cfn=(2744) <hashbrown::raw::RawTable<(alloc::string::String, ())>>::reserve_rehash::<hashbrown::map::make_hasher<alloc::string::String, (), std::hash::random::RandomState>::{closure#0}>
calls=4 +34 
* 2282
* 4
fe=(351)

fn=(1516) <hashbrown::map::HashMap<&str, tinytemplate::template::Template, std::hash::random::RandomState>>::insert
1806 112
+1 8
0 8
241 16
cfi=(352)
cfn=(1310) <std::hash::random::RandomState as core::hash::BuildHasher>::hash_one::<&&str>
calls=8 694 
* 1500
* 8
fi=(355)
910 8
fi=(354)
459 8
0 16
fi=(355)
1138 16
fi=(360)
47 88
fi=(355)
-47 8
fi=(256)
551 8
fi=(358)
1615 24
fi=(372)
40 16
fi=(357)
430 8
fi=(354)
+6 8
fi=(358)
1615 8
fi=(372)
40 16
fi=(359)
644 8
fi=(355)
1754 16
fi=(358)
1615 16
fi=(354)
436 16
fi=(355)
2646 8
fi=(360)
17 8
-17 16
fi=(354)
459 8
fi=(360)
30 8
fi=(195)
2621 8
fi=(355)
-32 8
+4 8
+1 8
2459 48
fi=(262)
1072 24
0 8
fi=(256)
1933 72
fe=(351)
1819 8
+3 64
fi=(355)
914 20
cfn=(1522) <hashbrown::raw::RawTable<(&str, tinytemplate::template::Template)>>::reserve_rehash::<hashbrown::map::make_hasher<&str, tinytemplate::template::Template, std::hash::random::RandomState>::{closure#0}>
calls=4 +34 
* 2571
* 4
fi=(358)
1320 2
1615 2
fi=(372)
40 2
fi=(355)
1181 4
fe=(351)

fn=(1308) <hashbrown::map::HashMap<&str, alloc::boxed::Box<dyn for<'a, 'b> core::ops::function::Fn<(&'a serde_json::value::Value, &'b mut alloc::string::String), Output = core::result::Result<(), tinytemplate::error::Error>>>, std::hash::random::RandomState>>::insert
1806 28
+1 2
0 2
241 4
cfi=(352)
cfn=(1310)
calls=2 694 
* 380
* 2
fi=(355)
910 2
fi=(354)
459 2
0 4
fi=(355)
1138 4
fi=(360)
47 22
fi=(355)
-47 2
fi=(256)
551 2
fi=(358)
1615 6
fi=(372)
40 4
fi=(357)
430 2
fi=(354)
+6 2
fi=(358)
1615 2
fi=(372)
40 4
fi=(359)
644 2
fi=(355)
1754 4
fi=(358)
1615 4
fi=(354)
436 4
fi=(355)
2646 2
fi=(360)
17 2
-17 4
fi=(354)
459 2
fi=(360)
30 2
fi=(195)
2621 2
fi=(355)
-32 2
+4 2
+1 2
2459 12
fi=(262)
1072 10
fi=(256)
1933 10
fe=(351)
1822 16
fi=(355)
914 10
cfn=(1320) <hashbrown::raw::RawTable<(&str, alloc::boxed::Box<dyn for<'a, 'b> core::ops::function::Fn<(&'a serde_json::value::Value, &'b mut alloc::string::String), Output = core::result::Result<(), tinytemplate::error::Error>>>)>>::reserve_rehash::<hashbrown::map::make_hasher<&str, alloc::boxed::Box<dyn for<'a, 'b> core::ops::function::Fn<(&'a serde_json::value::Value, &'b mut alloc::string::String), Output = core::result::Result<(), tinytemplate::error::Error>>>, std::hash::random::RandomState>::{closure#0}>
calls=2 +34 
* 326
* 2
fe=(351)

fl=(361) /home/runner/.cargo/registry/src/index.crates.io-1949cf8c6b5b557f/tinytemplate-1.2.1/src/compiler.rs
fn=(1504) <tinytemplate::compiler::TemplateCompiler>::close_branch
222 400
fi=(289)
2844 150
+4 100
fi=(285)
614 50
fi=(307) /rustc/8bab26f4f68e0e26f0bb7960be334d5b520ea452/library/core/src/ptr/const_ptr.rs
863 50
fe=(361)
224 100
0 50
fi=(289)
1903 50
fi=(345)
278 100
fi=(285)
614 50
fi=(345)
278 150
fe=(361)
-53 182
0 100
243 300

fn=(1342) <tinytemplate::compiler::TemplateCompiler>::compile
52 72
+1 24
-53 16
fi=(285)
614 80
fi=(262)
961 160
fi=(256)
1933 480
fi=(289)
1046 160
0 160
fe=(361)
53 240
fi=(289)
-53 68
fe=(361)
53 1464
+2 568
fi=(281)
2625 1136
fi=(304)
157 568
fe=(361)
55 568
fi=(304)
157 562
fe=(361)
-89 562
fi=(304)
+89 430
fe=(361)
-14 430
+1 144
290 720
cfn=(1346) <tinytemplate::compiler::TemplateCompiler>::consume_tag
calls=144 +54 
* 82512
fi=(268)
2173 144
0 288
2173 288
fe=(361)
291 144
0 144
fi=(363) /rustc/8bab26f4f68e0e26f0bb7960be334d5b520ea452/library/core/src/str/traits.rs
162 288
fi=(306) /rustc/8bab26f4f68e0e26f0bb7960be334d5b520ea452/library/core/src/num/mod.rs
1225 144
fi=(363)
163 144
fi=(306)
1225 144
fi=(363)
164 144
0 144
211 144
fi=(362) /rustc/8bab26f4f68e0e26f0bb7960be334d5b520ea452/library/core/src/str/mod.rs
2172 432
cfn=(1394) <str>::trim_matches::<<char>::is_whitespace>
calls=144 2362 
* 7344
fe=(361)
0 288
fi=(281)
2625 288
fi=(304)
157 144
fe=(361)
292 144
fi=(304)
157 144
fe=(361)
296 144
fi=(302) /rustc/8bab26f4f68e0e26f0bb7960be334d5b520ea452/library/core/src/str/pattern.rs
574 2002
fi=(362)
1482 858
cfi=(302)
cfn=(1074) <core::str::pattern::CharSearcher as core::str::pattern::Searcher>::next_match
calls=286 434 
* 77180
fi=(292)
1062 858
0 280
fi=(362)
378 572
+4 572
fi=(306)
1225 280
fi=(362)
927 280
0 560
fe=(361)
56 6
+2 30
cfn=(1346)
calls=6 344 
* 3914
fi=(268)
2173 6
0 12
2173 12
fe=(361)
59 6
-59 6
fi=(363)
162 12
fi=(306)
1225 6
fi=(363)
163 6
fi=(306)
1225 6
fi=(363)
164 6
0 6
211 6
fi=(362)
2172 18
cfn=(1394)
calls=6 2362 
* 486
fi=(281)
2625 18
fi=(304)
157 6
fe=(361)
-97 6
fi=(304)
+97 6
fe=(361)
-94 6
+6 132
326 660
cfn=(1346)
calls=132 +18 
* 85790
fi=(268)
2173 132
0 264
2173 264
fe=(361)
327 132
0 132
fi=(363)
162 264
fi=(306)
1225 132
fi=(363)
163 132
fi=(306)
1225 132
fi=(363)
164 132
0 132
211 132
fi=(362)
2172 396
cfn=(1394)
calls=132 2362 
* 8616
fe=(361)
0 264
fi=(281)
2625 264
fi=(304)
157 132
fe=(361)
328 132
fi=(362)
+54 228
fi=(306)
1225 114
fi=(363)
508 114
211 114
fi=(307)
863 114
fi=(362)
2172 114
cfn=(1394)
calls=114 2362 
* 7752
fe=(361)
0 228
330 114
fi=(281)
-25 228
fe=(361)
+25 114
fi=(281)
-25 228
fe=(361)
+8 228
fi=(304)
157 132
fe=(361)
332 132
+1 4
fi=(362)
2172 12
cfn=(1394)
calls=4 2362 
* 256
fe=(361)
0 8
320 4
+12 4
0 6
fi=(362)
927 6
fi=(307)
-64 286
fi=(362)
990 286
fe=(361)
283 572
157 572
fi=(362)
2211 12
cfn=(1476) <str>::trim_start_matches::<<char>::is_whitespace>
calls=4 2409 
* 188
* 4
fe=(361)
159 4
0 4
fi=(281)
2656 8
fe=(361)
0 282
fi=(281)
2656 564
fi=(304)
157 568
fe=(361)
+5 284
0 286
165 6
fi=(289)
1037 2
+3 4
fe=(361)
165 852
fi=(289)
1037 284
+3 568
+1 20
cfi=(285)
cfn=(1468) <alloc::raw_vec::RawVec<tinytemplate::instruction::Instruction>>::grow_one
calls=10 186 
* 3732
0 10
fi=(285)
614 10
fi=(262)
961 20
fi=(256)
1933 60
fi=(289)
1046 20
fe=(361)
167 20
fi=(285)
614 342
fi=(262)
961 684
fi=(256)
1933 2052
fi=(289)
1046 684
fe=(361)
167 684
0 132
fi=(362)
382 132
fi=(306)
1225 66
fi=(363)
508 66
211 66
fi=(307)
863 66
fi=(302)
574 462
fi=(362)
1482 198
cfi=(302)
cfn=(1074)
calls=66 434 
* 18336
fe=(361)
0 330
fi=(362)
378 66
+4 132
fi=(306)
1225 66
fi=(362)
927 66
0 132
fi=(307)
863 66
fi=(362)
990 66
fe=(361)
283 132
157 132
0 66
fi=(281)
2656 132
fi=(304)
157 132
fe=(361)
+5 66
0 66
165 198
fi=(289)
1037 66
+3 132
+1 28
cfi=(285)
cfn=(1468)
calls=14 186 
* 5503
* 14
fi=(302)
574 1008
fi=(362)
1482 432
cfi=(302)
cfn=(1074)
calls=144 434 
* 16674
fe=(361)
301 288
+6 864
cfn=(1430) <tinytemplate::compiler::TemplateCompiler>::parse_path
calls=144 186 
* 83740
fi=(268)
2173 144
0 432
2173 288
fe=(361)
149 720
0 144
fi=(289)
1037 144
+3 432
+1 20
cfi=(285)
cfn=(1468)
calls=10 186 
* 6023
fi=(285)
614 144
fi=(262)
961 288
fi=(256)
1933 864
fi=(289)
1046 468
fe=(361)
313 114
+1 228
fi=(362)
2250 114
cfn=(1488) <str>::trim_end_matches::<<char>::is_whitespace>
calls=114 2627 
* 30068
fe=(361)
314 228
fi=(281)
2656 228
fi=(262)
961 792
0 128
fi=(362)
174 64
fi=(366) /rustc/8bab26f4f68e0e26f0bb7960be334d5b520ea452/library/core/src/iter/traits/iterator.rs
2494 64
fi=(305) /rustc/8bab26f4f68e0e26f0bb7960be334d5b520ea452/library/core/src/str/iter.rs
658 264
0 264
fi=(200)
1714 132
fi=(336)
180 132
fi=(200)
1714 512
fi=(336)
180 512
0 1152
fi=(301) /rustc/8bab26f4f68e0e26f0bb7960be334d5b520ea452/library/core/src/str/validations.rs
37 576
+1 1152
-38 576
38 576
fi=(305)
189 1728
fi=(364) /rustc/8bab26f4f68e0e26f0bb7960be334d5b520ea452/library/core/src/char/methods.rs
995 1152
0 256
997 1024
fi=(302)
0 136
fi=(362)
174 68
fi=(366)
2494 68
0 264
fi=(367) /rustc/8bab26f4f68e0e26f0bb7960be334d5b520ea452/library/core/src/ops/control_flow.rs
195 396
fi=(362)
378 264
+4 264
fi=(306)
1225 64
fi=(363)
508 132
fi=(307)
863 132
fi=(363)
211 132
fi=(362)
2172 396
cfn=(1394)
calls=132 2362 
* 5440
fe=(361)
71 264
fi=(304)
-50 396
-21 396
21 396
157 34
fe=(361)
-84 34
fi=(281)
2625 34
0 34
2625 34
fi=(304)
157 170
fe=(361)
-83 34
+3 170
cfn=(1430)
calls=34 186 
* 18491
fi=(268)
2173 34
0 102
2173 68
0 102
fi=(289)
3054 34
1037 34
+3 68
+1 12
cfi=(285)
cfn=(1460) <alloc::raw_vec::RawVec<(&str, tinytemplate::compiler::Block)>>::grow_one
calls=6 186 
* 862
fi=(285)
614 34
fi=(262)
961 68
fi=(256)
1933 136
fi=(289)
1046 68
fe=(361)
82 272
fi=(289)
1037 34
+3 68
+1 12
cfi=(285)
cfn=(1468)
calls=6 186 
* 12642
* 6
0 18
fi=(304)
157 90
fe=(361)
-35 18
+1 72
+89 36
fi=(289)
2844 54
fe=(361)
0 18
fi=(289)
2848 36
fi=(285)
614 18
fi=(307)
863 18
fe=(361)
250 36
0 18
fi=(345)
278 36
fi=(285)
614 18
fi=(345)
278 36
fe=(361)
-27 54
0 36
253 18
126 36
fi=(289)
1037 18
+3 36
fi=(285)
614 18
fi=(262)
961 36
fi=(256)
1933 108
fi=(289)
1046 36
fe=(361)
127 18
fi=(289)
1040 36
fi=(285)
614 18
fi=(262)
961 36
fi=(256)
1933 108
fi=(289)
1046 36
fi=(304)
157 28
fe=(361)
-73 28
fi=(304)
+73 12
fe=(361)
-60 12
fi=(304)
+60 12
fe=(361)
-28 12
+1 72
405 60
cfi=(362)
cfn=(1360) <str>::find::<&str>
calls=12 1481 
* 9696
* 24
0 12
fi=(362)
378 24
+4 36
fi=(306)
1225 12
fi=(362)
927 12
0 34
fi=(304)
157 170
fe=(361)
-65 34
+1 136
212 68
fi=(289)
3054 34
fe=(361)
95 136
cfn=(1504)
calls=34 222 
* 1256
fi=(268)
2173 68
fi=(304)
157 90
fe=(361)
-43 18
+1 108
390 90
cfi=(362)
cfn=(1360)
calls=18 1481 
* 6290
* 36
0 18
fi=(362)
378 36
+4 72
fi=(306)
1225 18
fi=(362)
927 18
fe=(361)
85 64
212 32
fi=(289)
3054 16
fe=(361)
86 16
+1 64
cfn=(1504)
calls=16 222 
* 576
fi=(268)
2173 32
fi=(289)
3054 16
1037 16
+3 32
fi=(285)
614 16
fi=(262)
961 32
fi=(256)
1933 64
fi=(289)
1046 32
fe=(361)
90 32
fi=(289)
1037 16
+3 32
fi=(307)
863 18
fi=(362)
2172 54
cfn=(1394)
calls=18 2362 
* 918
fe=(361)
0 36
fi=(362)
382 36
0 18
fi=(306)
1225 18
fi=(363)
508 18
0 18
211 18
fi=(307)
863 18
fi=(362)
2172 18
cfn=(1394)
calls=18 2362 
* 918
fe=(361)
393 108
cfn=(1430)
calls=18 186 
* 10838
fi=(268)
2173 18
0 54
2173 36
fe=(361)
117 108
fi=(289)
1037 18
+3 36
fi=(285)
614 18
fi=(262)
961 36
fi=(256)
1933 108
fi=(289)
1046 36
-9 18
+3 36
+1 8
cfi=(285)
cfn=(1460)
calls=4 186 
* 1360
fi=(285)
614 18
fi=(262)
961 36
fi=(256)
1933 72
fi=(289)
1046 36
fe=(361)
120 36
fi=(289)
1037 18
+3 36
fi=(307)
863 12
fi=(362)
2172 36
cfn=(1394)
calls=12 2362 
* 612
fe=(361)
0 24
fi=(362)
382 24
0 12
fi=(306)
1225 12
fi=(363)
508 12
211 12
fi=(307)
863 12
fi=(362)
2172 24
cfn=(1394)
calls=12 2362 
* 612
fe=(361)
408 72
cfn=(1430)
calls=12 186 
* 6260
fi=(268)
2173 12
0 36
2173 24
fe=(361)
131 72
fi=(289)
1037 12
+3 24
+1 4
cfi=(285)
cfn=(1468)
calls=2 186 
* 1506
* 2
2844 24
fe=(361)
181 56
+1 56
cfi=(185)
cfn=(1200) __rustc::__rust_dealloc
calls=8 0 
* 696
0 8
182 64

fn=(1346)
344 3666
+1 564
fi=(362)
1314 3102
0 282
fi=(305)
681 282
cfi=(302)
cfn=(1074)
calls=282 434 
* 55206
* 564
+4 280
+1 280
fi=(363)
211 280
fi=(307)
863 280
fi=(281)
2656 560
fi=(304)
157 564
fi=(362)
3190 282
fi=(281)
2656 840
fi=(304)
157 280
fi=(302)
1043 290
0 10
fi=(305)
643 4
+5 2
0 6
646 6
fi=(307)
863 2
fi=(281)
2656 4
0 10
fe=(361)
346 40
cfi=(362)
cfn=(1360)
calls=10 1481 
* 2744
* 1088
cfi=(362)
cfn=(1360)
calls=272 1481 
* 93650
* 564
fi=(362)
+32 564
+4 846
fi=(306)
1225 280
fi=(362)
927 282
fi=(307)
-64 282
fe=(361)
348 846
+1 1128
+19 2256

fn=(1430)
186 1456
fi=(281)
2625 416
fi=(304)
157 208
fe=(361)
+30 208
fi=(368) /rustc/8bab26f4f68e0e26f0bb7960be334d5b520ea452/library/core/src/iter/adapters/map.rs
69 2080
fe=(361)
188 416
fi=(395) /rustc/8bab26f4f68e0e26f0bb7960be334d5b520ea452/library/alloc/src/vec/spec_from_iter.rs
33 208
cfi=(369) /rustc/8bab26f4f68e0e26f0bb7960be334d5b520ea452/library/alloc/src/vec/spec_from_iter_nested.rs
cfn=(1436) <alloc::vec::Vec<tinytemplate::instruction::PathStep> as alloc::vec::spec_from_iter_nested::SpecFromIterNested<tinytemplate::instruction::PathStep, core::iter::adapters::map::Map<core::str::iter::Split<char>, <tinytemplate::compiler::TemplateCompiler>::parse_path::{closure#0}>>>::from_iter
calls=208 -15 
* 113089
fe=(361)
-33 208
200 1040

fl=(402) /rustc/8bab26f4f68e0e26f0bb7960be334d5b520ea452/library/core/src/iter/adapters/cloned.rs
fn=(1934) <core::iter::adapters::cloned::Cloned<core::slice::iter::Iter<clap_builder::builder::possible_value::PossibleValue>> as core::iter::traits::iterator::Iterator>::size_hint
45 8
fi=(307)
729 8
0 8
729 24
fi=(336)
220 24
fe=(402)
46 8

fn=(1924) <core::iter::adapters::cloned::Cloned<core::slice::iter::Iter<clap_builder::builder::possible_value::PossibleValue>> as core::iter::traits::iterator::Iterator>::next
40 208
fi=(336)
161 26
fi=(200)
1714 26
fi=(336)
180 26
fi=(200)
656 18
fi=(336)
185 18
fi=(407) /home/runner/.cargo/registry/src/index.crates.io-1949cf8c6b5b557f/clap_builder-4.5.53/src/builder/str.rs
12 36
fi=(292)
2274 36
1163 16
2276 18
fi=(289)
1864 18
fi=(195)
3178 90
0 54
fi=(354)
459 36
fi=(285)
+1 36
fi=(403) /rustc/8bab26f4f68e0e26f0bb7960be334d5b520ea452/library/core/src/iter/adapters/take.rs
0 18
fi=(424) /home/runner/.cargo/registry/src/index.crates.io-1949cf8c6b5b557f/clap_builder-4.5.53/src/builder/possible_value.rs
44 18
-5 72
fi=(292)
1162 108
fe=(402)
42 234

fl=(412) /home/runner/.cargo/registry/src/index.crates.io-1949cf8c6b5b557f/clap_lex-0.7.6/src/ext.rs
fn=(2014) <std::ffi::os_str::OsStr as clap_lex::ext::OsStrExt>::split_once
223 28
fi=(195)
1050 12
0 20
fi=(371) /rustc/8bab26f4f68e0e26f0bb7960be334d5b520ea452/library/core/src/iter/range.rs
1329 4
0 22
fi=(259)
1916 14
fi=(371)
1329 14
fi=(345)
568 42
fi=(281)
2625 28
fi=(345)
89 14
fi=(304)
+68 42
cob=(2)
cfi=(303)
cfn=(1080)
calls=14 -84 
* 140
* 14
fi=(371)
1333 14
fi=(345)
89 4
fi=(304)
+68 12
cob=(2)
cfi=(303)
cfn=(1080)
calls=4 -84 
* 40
* 4
0 4
fi=(292)
2775 4
+15 8
fe=(412)
238 36

fl=(375) /rustc/8bab26f4f68e0e26f0bb7960be334d5b520ea452/library/std/src/sys/env/unix.rs
fn=(1598) std::sys::env::unix::getenv::{closure#0}
112 32
fi=(199)
3904 4
fi=(318) /rustc/8bab26f4f68e0e26f0bb7960be334d5b520ea452/library/std/src/sys/sync/rwlock/futex.rs
54 8
+45 4
fi=(199)
4054 4
fi=(318)
97 4
fi=(199)
3904 4
fe=(375)
114 8
cob=(2)
cfi=(376) ./stdlib/./stdlib/getenv.c
cfn=(1604) getenv
calls=4 -90 
* 4211
+2 8
+1 8
0 4
fi=(199)
3956 4
fi=(318)
111 4
+7 16
fe=(375)
+6 28

fl=(400) /rustc/8bab26f4f68e0e26f0bb7960be334d5b520ea452/library/alloc/src/str.rs
fn=(3152) <str>::to_lowercase
433 9
fi=(284) /rustc/8bab26f4f68e0e26f0bb7960be334d5b520ea452/library/core/src/alloc/layout.rs
75 1
+38 1
0 1
fi=(285)
460 1
0 1
fi=(265)
99 1
cfi=(185)
cfn=(904)
calls=1 -99 
* 1
* 1
+2 3
cfi=(185)
cfn=(906)
calls=1 0 
* 320
fi=(285)
469 2
fe=(400)
828 3
0 6
835 1
+7 3
-7 31249
+7 93747
fi=(306)
+12 187500
707 31250
fe=(400)
847 31250
+3 31250
fi=(345)
410 31250
fe=(400)
828 62500
+28 2
436 3
+28 7
+1 8

fl=(381) /home/runner/.cargo/registry/src/index.crates.io-1949cf8c6b5b557f/clap_builder-4.5.53/src/builder/styled_str.rs
fn=(1658) <clap_builder::builder::styled_str::StyledStr as core::convert::From<&str>>::from
176 252
30 126
fi=(285)
767 42
-94 42
fi=(289)
2939 84
fe=(381)
179 126
+1 294
0 84
fi=(285)
675 126
0 42
675 42
cfn=(1660) <alloc::raw_vec::RawVecInner<_>>::reserve::do_reserve_and_handle::<alloc::alloc::Global>
calls=42 -14 
* 8229
fi=(289)
3054 42
0 42
fi=(262)
961 42
fi=(256)
551 126
cob=(2)
cfi=(237)
cfn=(800)
calls=42 255 
* 868
* 84
fe=(381)

fl=(337) /rustc/8bab26f4f68e0e26f0bb7960be334d5b520ea452/library/alloc/src/collections/btree/map.rs
fn=(1220) <alloc::collections::btree::map::IntoIter<std::ffi::os_str::OsString, core::option::Option<std::ffi::os_str::OsString>>>::dying_next
1932 8
+3 3
fi=(196) /rustc/8bab26f4f68e0e26f0bb7960be334d5b520ea452/library/core/src/mem/mod.rs
930 4
+1 1
fi=(292)
2775 2
fe=(337)
1937 1
-2 1
+7 8

fn=(1218) <alloc::collections::btree::map::BTreeMap<std::ffi::os_str::OsString, core::option::Option<std::ffi::os_str::OsString>> as core::ops::drop::Drop>::drop
207 6
fi=(256)
1733 1
fe=(337)
1886 2
0 7
1920 1
cfn=(1220)
calls=1 +12 
* 28
* 3
209 7

fl=(411) /home/runner/.cargo/registry/src/index.crates.io-1949cf8c6b5b557f/clap_lex-0.7.6/src/lib.rs
fn=(2012) <clap_lex::ParsedArg>::to_long
324 28
+1 4
fi=(281)
2690 8
fe=(411)
325 4
fi=(304)
157 4
fi=(281)
2692 4
fe=(411)
339 28
0 4
327 4
0 8
332 24
cfi=(412)
cfn=(2014)
calls=4 223 
* 520
* 12
0 8
fi=(423) /rustc/8bab26f4f68e0e26f0bb7960be334d5b520ea452/library/std/src/sys/os_str/bytes.rs
296 12
cfi=(300) /rustc/8bab26f4f68e0e26f0bb7960be334d5b520ea452/library/core/src/str/converts.rs
cfn=(1068) core::str::converts::from_utf8
calls=4 89 
* 302
fi=(268)
713 12
0 12
fe=(411)
338 20
+1 4

fn=(1998) <clap_lex::ParsedArg>::to_value
385 20
+1 8
0 4
fi=(423)
296 12
cfi=(300)
cfn=(1068)
calls=4 89 
* 286
fi=(268)
713 12
0 20
fe=(411)
387 24

fl=(283)
fn=(964)
295 16
fi=(284)
75 4
+38 2
0 6
fi=(265)
99 2
cfi=(185)
cfn=(904)
calls=2 -99 
* 2
* 4
+2 6
cfi=(185)
cfn=(906)
calls=2 0 
* 394
fi=(285)
469 4
fe=(283)
0 2
fi=(289)
2934 4
fi=(256)
551 8
cob=(2)
cfi=(237)
cfn=(800)
calls=2 255 
* 28
fi=(282)
27 4
-27 6
40 32
+4 16
-5 32
-39 2
fe=(283)
288 6
+2 10
cfn=(976) <alloc::ffi::c_str::CString>::_from_vec_unchecked
calls=2 +55 
* 48
* 6
+7 18

fn=(1208) <alloc::ffi::c_str::CString>::from_raw
402 10
+11 2
cob=(2)
cfi=(241)
cfn=(814)
calls=2 52 
* 28
* 2
+4 10

fn=(976)
345 12
fi=(285)
619 2
fi=(289)
1501 2
fi=(285)
767 2
-42 2
614 2
fi=(256)
1933 2
fi=(289)
1046 2
1608 4
fi=(285)
0 2
fi=(289)
1608 2
fe=(283)
349 14

fl=(410) /home/runner/.cargo/registry/src/index.crates.io-1949cf8c6b5b557f/clap_builder-4.5.53/src/parser/parser.rs
fn=(1990) <clap_builder::parser::parser::Parser>::get_matches_with
49 20
+36 2
-85 2
96 2
+3 2
fi=(200)
1714 2
fi=(336)
25 2
-25 2
284 4
0 12
284 12
0 6
fi=(429) /rustc/8bab26f4f68e0e26f0bb7960be334d5b520ea452/library/core/src/iter/adapters/filter.rs
138 12
fi=(427) /rustc/8bab26f4f68e0e26f0bb7960be334d5b520ea452/library/core/src/iter/traits/accum.rs
-83 2
fi=(429)
+83 4
fi=(427)
-83 2
fi=(336)
284 6
0 32
fi=(429)
138 96
fi=(427)
-83 16
fi=(429)
+83 32
fi=(427)
-83 16
fi=(336)
284 62
0 2
fi=(406) /home/runner/.cargo/registry/src/index.crates.io-1949cf8c6b5b557f/clap_builder-4.5.53/src/mkeymap.rs
33 6
fi=(427)
+22 2
fi=(336)
284 6
fe=(410)
103 2
fi=(336)
331 2
0 4
fi=(200)
1714 2
fi=(336)
180 2
0 60
fi=(200)
1714 60
fi=(336)
180 60
fi=(401) /home/runner/.cargo/registry/src/index.crates.io-1949cf8c6b5b557f/clap_builder-4.5.53/src/builder/arg_settings.rs
17 60
fi=(200)
656 60
fi=(336)
332 120
0 2
fi=(345)
219 4
0 24
fe=(410)
105 2
fi=(345)
221 2
fi=(285)
614 2
fi=(289)
1864 2
fi=(195)
2428 2
fi=(411)
200 4
fe=(410)
-95 8
+7 4
fi=(345)
0 2
fe=(410)
105 2
fi=(345)
221 2
fi=(285)
614 2
fi=(289)
1864 2
fi=(195)
2428 2
fi=(411)
200 4
fe=(410)
-95 8
+7 4
0 4
113 8
fi=(380) /home/runner/.cargo/registry/src/index.crates.io-1949cf8c6b5b557f/clap_builder-4.5.53/src/builder/command.rs
3890 36
fe=(410)
113 8
+4 12
cfi=(411)
cfn=(1998)
calls=4 385 
* 386
* 16
cfn=(2002) <clap_builder::parser::parser::Parser>::possible_subcommand
calls=4 579 
* 164
+2 8
fi=(304)
-98 8
fe=(410)
141 12
cfi=(411)
cfn=(2012)
calls=4 324 
* 1022
* 16
0 4
141 16
0 4
769 8
0 12
777 8
fi=(285)
614 8
fi=(289)
1864 4
fi=(262)
961 8
0 4
fi=(200)
1714 4
fi=(336)
180 4
0 16
fi=(200)
1714 236
fi=(336)
180 118
fi=(406)
57 440
fi=(413) /home/runner/.cargo/registry/src/index.crates.io-1949cf8c6b5b557f/clap_builder-4.5.53/src/builder/os_str.rs
300 14
0 14
fi=(304)
157 14
cob=(2)
cfi=(303)
cfn=(1080)
calls=14 -84 
* 311
0 14
157 14
fi=(336)
349 14
fi=(406)
108 4
fi=(289)
1864 4
fi=(345)
272 20
0 4
fi=(292)
1062 8
fi=(414) /home/runner/.cargo/registry/src/index.crates.io-1949cf8c6b5b557f/clap_builder-4.5.53/src/builder/range.rs
93 4
fe=(410)
815 4
142 4
fi=(420) /home/runner/.cargo/registry/src/index.crates.io-1949cf8c6b5b557f/clap_builder-4.5.53/src/macros.rs
587 4
0 8
588 36
fe=(410)
151 24
fi=(420)
588 4
0 4
fe=(410)
151 16
822 8
fi=(289)
464 16
fe=(410)
848 36
cfn=(2042) <clap_builder::parser::parser::Parser>::react
calls=4 1134 
* 13231
* 4
fi=(265)
0 8
fi=(411)
199 4
0 4
fi=(345)
219 10
fi=(195)
2428 2
0 2
2428 2
fi=(411)
200 4
0 2
fe=(410)
479 4
fi=(265)
0 2
fe=(410)
65 8
cfn=(2044) <clap_builder::parser::parser::Parser>::resolve_pending
calls=2 1112 
* 40
* 2
fi=(420)
587 2
fe=(410)
69 6
cfn=(2210) <clap_builder::parser::parser::Parser>::add_defaults
calls=2 1437 
* 107798
* 2
fi=(420)
587 2
fe=(410)
72 18
-1 2
-71 2
fi=(426) /home/runner/.cargo/registry/src/index.crates.io-1949cf8c6b5b557f/clap_builder-4.5.53/src/parser/validator.rs
20 6
cfi=(380)
cfn=(2326) <clap_builder::builder::command::Command>::required_graph
calls=2 5033 
* 693
+1 2
fe=(410)
+50 6
cfi=(426)
cfn=(2340) <clap_builder::parser::validator::Validator>::validate
calls=2 -47 
* 26588
-71 2
fi=(289)
4285 2
fi=(256)
825 4
fi=(285)
424 2
634 4
424 2
fi=(195)
1359 4
fi=(265)
128 4
cfi=(185)
cfn=(1200)
calls=2 0 
* 174
0 2
fe=(410)

fn=(2002)
579 28
fi=(268)
713 8
0 4
fe=(410)
614 40
fi=(268)
714 12
fi=(397) /home/runner/.cargo/registry/src/index.crates.io-1949cf8c6b5b557f/clap_builder-4.5.53/src/builder/app_settings.rs
19 4
fi=(380)
3890 8
fe=(410)
587 8
0 4
587 4
fi=(380)
3890 8
fe=(410)
588 8
+21 8
fi=(262)
961 8
fi=(200)
1714 12
fe=(410)

fn=(2114) <clap_builder::parser::parser::Parser>::push_arg_values
1086 272
fi=(428) /rustc/8bab26f4f68e0e26f0bb7960be334d5b520ea452/library/core/src/mem/maybe_dangling.rs
82 102
fi=(262)
961 68
fe=(410)
1095 170
fi=(200)
1714 68
0 34
fi=(396) /rustc/8bab26f4f68e0e26f0bb7960be334d5b520ea452/library/alloc/src/vec/into_iter.rs
262 34
0 374
262 136
0 68
fi=(256)
1733 34
fe=(410)
1095 68
0 136
fi=(196)
931 34
0 102
fi=(385)
261 102
0 26
261 26
0 24
fe=(410)
1103 2
fi=(385)
242 16
cfn=(2304) <clap_builder::builder::value_parser::StringValueParser as clap_builder::builder::value_parser::AnyValueParser>::parse_ref_
calls=2 634 
* 1277
0 32
fe=(410)
1103 32
fi=(385)
242 256
cfn=(2250) <clap_builder::builder::value_parser::PossibleValuesParser as clap_builder::builder::value_parser::AnyValueParser>::parse_ref_
calls=6 634 
* 4142
cfn=(2120) <clap_builder::builder::value_parser::BoolValueParser as clap_builder::builder::value_parser::AnyValueParser>::parse_ref_
calls=26 634 
* 6831
fe=(410)
1103 34
fi=(420)
587 34
+1 136
fe=(410)
1105 340
cfi=(409) /home/runner/.cargo/registry/src/index.crates.io-1949cf8c6b5b557f/clap_builder-4.5.53/src/parser/arg_matcher.rs
cfn=(2134) <clap_builder::parser::arg_matcher::ArgMatcher>::add_val_to
calls=34 168 
* 25722
0 34
fi=(343) /rustc/8bab26f4f68e0e26f0bb7960be334d5b520ea452/library/core/src/cell.rs
555 34
fe=(410)
1106 102
cfi=(409)
cfn=(2156) <clap_builder::parser::arg_matcher::ArgMatcher>::add_index_to
calls=34 173 
* 13957
0 34
fi=(200)
1714 136
fi=(396)
262 34
0 34
266 34
0 68
fi=(256)
825 102
fi=(307)
-96 34
fi=(256)
+96 68
fi=(265)
0 34
fi=(285)
634 68
fi=(195)
1359 68
fi=(265)
128 102
cfi=(185)
cfn=(1200)
calls=34 0 
* 2958
fe=(410)
1110 306

fn=(2080) <clap_builder::parser::parser::Parser>::start_custom_arg
1526 374
+1 68
0 4
fi=(289)
1864 4
fi=(200)
1714 4
fi=(336)
180 4
fi=(289)
464 12
0 4
1864 4
fi=(200)
1714 4
fi=(336)
180 4
0 4
fe=(410)
1394 2
fi=(200)
1714 4
0 24
fi=(289)
0 2
fi=(200)
1714 2
fi=(336)
180 2
0 2
fe=(410)
1394 2
fi=(289)
1864 2
fi=(200)
1714 2
fi=(336)
180 2
0 8
180 2
0 2
fi=(200)
1714 96
fi=(336)
180 48
fi=(304)
21 100
fi=(407)
285 10
fi=(304)
157 30
cob=(2)
cfi=(303)
cfn=(1080)
calls=10 -84 
* 214
* 10
fi=(336)
349 10
fi=(289)
1864 2
fi=(200)
1714 2
fi=(336)
180 2
fe=(410)
1400 4
fi=(200)
1714 4
fi=(396)
262 2
fi=(285)
634 4
fi=(265)
0 4
fe=(410)
1531 20
cfi=(409)
cfn=(2086) <clap_builder::parser::arg_matcher::ArgMatcher>::start_custom_arg
calls=4 135 
* 3532
* 150
cfi=(409)
cfn=(2086)
calls=30 135 
* 30602
fi=(419) /home/runner/.cargo/registry/src/index.crates.io-1949cf8c6b5b557f/clap_builder-4.5.53/src/parser/matches/value_source.rs
2 34
fe=(410)
1532 34
0 4
1533 4
fi=(289)
1864 4
fi=(200)
1714 4
fi=(336)
180 4
fe=(410)
1542 272

fn=(2210)
1437 18
+3 2
fi=(289)
1864 2
fi=(200)
1714 2
fi=(336)
180 2
0 70
fi=(200)
656 60
1714 60
fi=(336)
180 60
fi=(289)
3054 60
fe=(410)
1449 180
fi=(289)
3054 60
fe=(410)
1486 120
0 34
fi=(289)
1864 34
fi=(200)
1714 34
fi=(336)
180 34
0 272
fi=(200)
1714 544
fi=(336)
180 272
fi=(304)
21 552
fi=(259)
2123 36
fi=(304)
157 108
cob=(2)
cfi=(303)
cfn=(1080)
calls=36 -84 
* 780
* 36
fi=(417)
48 40
-48 30
fi=(285)
614 30
fi=(262)
961 60
0 30
fi=(395)
33 90
cfi=(369)
cfn=(2224) <alloc::vec::Vec<std::ffi::os_str::OsString> as alloc::vec::spec_from_iter_nested::SpecFromIterNested<std::ffi::os_str::OsString, core::iter::adapters::map::Map<core::slice::iter::Iter<clap_builder::builder::os_str::OsStr>, <clap_builder::builder::os_str::OsStr>::to_os_string>>>::from_iter
calls=30 +17 
* 10762
-33 30
fe=(410)
1505 240
0 30
cfn=(2042)
calls=30 1134 
0 92164
0 30
fi=(420)
587 30
+1 270
fi=(256)
825 210
fi=(420)
588 30
fi=(256)
825 270
fi=(265)
0 4
fe=(410)
1446 16

fn=(2042)
1134 544
+9 102
cfn=(2044)
calls=34 -31 
* 680
* 68
+11 68
fi=(289)
1864 4
0 4
fe=(410)
1329 4
fi=(380)
3890 8
fe=(410)
1329 8
0 4
fi=(292)
966 8
0 12
fe=(410)
1336 24
fi=(289)
3054 30
fe=(410)
1158 90
fi=(383) /home/runner/.cargo/registry/src/index.crates.io-1949cf8c6b5b557f/clap_builder-4.5.53/src/builder/arg.rs
4352 30
fe=(410)
1171 60
fi=(414)
101 4
fi=(489) /rustc/8bab26f4f68e0e26f0bb7960be334d5b520ea452/library/core/src/bool.rs
-64 4
fe=(410)
1349 8
fi=(415) /rustc/8bab26f4f68e0e26f0bb7960be334d5b520ea452/library/alloc/src/borrow.rs
0 4
fe=(410)
1158 12
fi=(289)
3054 4
fe=(410)
1160 8
fi=(285)
614 4
fi=(262)
961 8
fi=(416) /rustc/8bab26f4f68e0e26f0bb7960be334d5b520ea452/library/alloc/src/vec/spec_extend.rs
27 8
cfi=(289)
cfn=(2058) <alloc::vec::Vec<std::ffi::os_str::OsString>>::extend_trusted::<core::iter::adapters::map::Map<core::slice::iter::Iter<clap_builder::builder::os_str::OsStr>, <clap_builder::parser::parser::Parser>::react::{closure#0}>>
calls=4 4049 
* 2152
-27 4
fi=(383)
4352 4
fe=(410)
1171 8
+21 68
fi=(292)
742 34
fe=(410)
1192 204
-38 8
+40 8
fi=(383)
4171 8
fi=(409)
102 32
cfi=(417)
cfn=(2074) <clap_builder::util::flat_map::FlatMap<clap_builder::util::id::Id, clap_builder::parser::matches::matched_arg::MatchedArg>>::remove::<clap_builder::util::id::Id>
calls=8 -47 
* 944
fi=(292)
633 8
0 8
fi=(409)
103 8
cfi=(256)
cfn=(2078) core::ptr::drop_glue::<core::option::Option<clap_builder::parser::matches::matched_arg::MatchedArg>>
calls=8 825 
* 136
fi=(292)
633 8
fe=(410)
1201 8
+10 48
cfn=(2080)
calls=8 1526 
* 6141
+1 88
cfn=(2114)
calls=8 1086 
* 16340
* 8
+26 52
+3 130
-3 26
0 16
fi=(407)
0 16
fe=(410)
1326 8
fi=(383)
4171 26
fi=(409)
102 104
cfi=(417)
cfn=(2074)
calls=26 -47 
* 3354
fi=(292)
633 52
fi=(409)
103 26
cfi=(256)
cfn=(2078)
calls=26 825 
* 442
fi=(292)
633 26
fe=(410)
1244 26
+10 156
cfn=(2080)
calls=26 1526 
* 29613
0 78
1255 78
cfn=(2114)
calls=26 1086 
* 42599
* 26
0 104
1326 350

fn=(2044)
1112 252
fi=(196)
930 36
+1 36
fe=(410)
1113 72
fi=(265)
0 36
fe=(410)
1132 288

fl=(431)
fn=(2514)
142 18
791 36
144 18

fn=(2552)
142 2
791 4
144 2

fl=(279) /home/runner/.cargo/registry/src/index.crates.io-1949cf8c6b5b557f/criterion-plot-0.5.0/src/lib.rs
fn=(956) criterion_plot::version
990 8
fi=(288) /rustc/8bab26f4f68e0e26f0bb7960be334d5b520ea452/library/std/src/process.rs
695 1
0 1
695 3
cfi=(280)
cfn=(958)
calls=1 161 
* 861
+63 4
cfi=(280)
cfn=(994)
calls=1 195 
* 829
0 2
fe=(279)
993 1
cfi=(288)
cfn=(1018) <std::process::Command>::output
calls=1 1112 
* 2985
fi=(268)
-27 3
+1 9
fe=(279)
+27 1
cfi=(256)
cfn=(1196) core::ptr::drop_glue::<std::process::Command>
calls=1 825 
* 568
fi=(292)
1335 2
0 2
fi=(338) /rustc/8bab26f4f68e0e26f0bb7960be334d5b520ea452/library/alloc/src/string.rs
570 3
cfi=(300)
cfn=(1068)
calls=1 89 
* 19
* 2
fi=(268)
967 3
fe=(279)
+31 2
0 2
fi=(285)
634 2
fe=(279)
1004 9

fn=(1276) <criterion_plot::VersionError as core::fmt::Display>::fmt
946 1
+1 5
+2 2
0 1
950 3
fi=(342) /rustc/8bab26f4f68e0e26f0bb7960be334d5b520ea452/library/core/src/fmt/mod.rs
2132 3
0 1
2132 1
cfn=(1247) core::fmt::write'2
calls=1 1631 
* 228
fe=(279)
959 2

fl=(267)
fn=(1202) __rustc::__rdl_dealloc
48 799
cob=(2)
cfi=(217)
cfn=(830)
calls=799 3359 
* 94501

fl=(390) /rustc/8bab26f4f68e0e26f0bb7960be334d5b520ea452/library/core/src/fmt/float.rs
fn=(1784) core::fmt::float::float_to_decimal_common_shortest::<f64>
62 48
fi=(490) /rustc/8bab26f4f68e0e26f0bb7960be334d5b520ea452/library/core/src/num/f64.rs
1224 6
fi=(491) /rustc/8bab26f4f68e0e26f0bb7960be334d5b520ea452/library/core/src/ops/bit.rs
613 12
fi=(492) /rustc/8bab26f4f68e0e26f0bb7960be334d5b520ea452/library/core/src/num/imp/traits.rs
179 48
fi=(391) /rustc/8bab26f4f68e0e26f0bb7960be334d5b520ea452/library/core/src/num/imp/flt2dec/decoder.rs
71 18
fi=(490)
788 78
fi=(391)
72 30
+12 60
-84 12
fi=(392) /rustc/8bab26f4f68e0e26f0bb7960be334d5b520ea452/library/core/src/num/imp/flt2dec/mod.rs
372 30
-53 12
0 12
319 12
+53 6
-53 66
fi=(393) /rustc/8bab26f4f68e0e26f0bb7960be334d5b520ea452/library/core/src/num/imp/flt2dec/strategy/grisu.rs
464 12
cfn=(1790) core::num::imp::flt2dec::strategy::grisu::format_shortest_opt
calls=6 167 
* 1220
* 12
+1 30
fi=(392)
-60 12
+1 30
cfn=(1800) core::num::imp::flt2dec::digits_to_dec_str
calls=6 177 
* 168
* 12
+1 6
0 30
fe=(390)
84 6
cfi=(342)
cfn=(1802) <core::fmt::Formatter>::pad_formatted_parts
calls=6 1981 
* 1346
+1 42

fn=(1782) <f64 as core::fmt::Display>::fmt
217 6
+1 6
fi=(342)
2316 6
517 12
fe=(390)
92 12
+9 18
cfn=(1784)
calls=6 -39 
* 3376

fl=(293)
fn=(1032)
1359 10
-77 8
+45 6
0 1
1363 1
-3 5
+8 5
cob=(2)
cfi=(294) ./io/../sysdeps/unix/sysv/linux/open64.c
cfn=(1034) open
calls=1 30 
* 36
fi=(198)
233 1
+10 1
fe=(293)
1369 2
-59 4
0 1
1310 4
0 1
1370 8

fl=(200)
fn=(2846) broken_app::sum_even
1714 1
fi=(336)
25 1
284 2
fi=(455) /home/runner/work/broken-app/broken-app/src/lib.rs
0 2
fi=(336)
284 7
0 1
279 2
fi=(455)
6 4
fi=(429)
+73 10
fi=(336)
284 3
-5 24998
fi=(455)
6 49996
fi=(429)
+73 124990
fi=(336)
284 37503
fi=(455)
7 1
fe=(200)

fn=(2722) <criterion::report::BenchmarkId as core::slice::cmp::SliceContains>::slice_contains
1714 4
fi=(336)
180 4
fi=(304)
0 4
391 4
fe=(200)

fl=(277) /home/runner/.cargo/registry/src/index.crates.io-1949cf8c6b5b557f/once_cell-1.21.3/src/imp_std.rs
fn=(1582) <once_cell::imp::OnceCell<std::path::PathBuf>>::initialize::<<once_cell::sync::OnceCell<std::path::PathBuf>>::get_or_init<<once_cell::sync::Lazy<std::path::PathBuf>>::force::{closure#0}>::{closure#0}, <once_cell::sync::OnceCell<_>>::get_or_init::Void>::{closure#0}
70 2
+1 1
fi=(196)
930 1
+1 1
-1 1
+1 1
fi=(276) /home/runner/.cargo/registry/src/index.crates.io-1949cf8c6b5b557f/once_cell-1.21.3/src/lib.rs
1309 2
0 2
fi=(278) /rustc/8bab26f4f68e0e26f0bb7960be334d5b520ea452/library/core/src/ops/function.rs
250 1
cfn=(1586) <criterion::DEFAULT_OUTPUT_DIRECTORY::{closure#0} as core::ops::function::FnOnce<()>>::call_once
calls=1 * 
* 3709
fe=(277)
74 2
fi=(256)
825 3
fe=(277)
74 4
+8 4

fn=(1230) <once_cell::imp::Guard as core::ops::drop::Drop>::drop
151 20
+1 8
fi=(199)
3923 4
fe=(277)
154 12
+1 8
+4 8
+8 24

fn=(942) <once_cell::imp::OnceCell<criterion::PlottingBackend>>::initialize::<<once_cell::sync::OnceCell<criterion::PlottingBackend>>::get_or_init<<once_cell::sync::Lazy<criterion::PlottingBackend>>::force::{closure#0}>::{closure#0}, <once_cell::sync::OnceCell<_>>::get_or_init::Void>::{closure#0}
70 1
+1 1
fi=(196)
930 1
+1 1
-1 1
+1 1
fi=(276)
1309 2
0 1
fi=(278)
250 1
cfn=(946) <criterion::DEFAULT_PLOTTING_BACKEND::{closure#0} as core::ops::function::FnOnce<()>>::call_once
calls=1 * 
* 6053
fe=(277)
74 3
+8 3

fn=(950) <once_cell::imp::OnceCell<core::result::Result<criterion_plot::Version, criterion_plot::VersionError>>>::initialize::<<once_cell::sync::OnceCell<core::result::Result<criterion_plot::Version, criterion_plot::VersionError>>>::get_or_init<<once_cell::sync::Lazy<core::result::Result<criterion_plot::Version, criterion_plot::VersionError>>>::force::{closure#0}>::{closure#0}, <once_cell::sync::OnceCell<_>>::get_or_init::Void>
61 1
+4 1
fi=(343)
2447 3
fe=(277)
70 5
-2 3
cfn=(937) once_cell::imp::initialize_or_wait'2
calls=1 177 
* 5417
+17 2

fn=(952) <once_cell::imp::OnceCell<core::result::Result<criterion_plot::Version, criterion_plot::VersionError>>>::initialize::<<once_cell::sync::OnceCell<core::result::Result<criterion_plot::Version, criterion_plot::VersionError>>>::get_or_init<<once_cell::sync::Lazy<core::result::Result<criterion_plot::Version, criterion_plot::VersionError>>>::force::{closure#0}>::{closure#0}, <once_cell::sync::OnceCell<_>>::get_or_init::Void>::{closure#0}
70 2
+1 1
fi=(196)
930 1
+1 1
-1 1
+1 1
fi=(276)
1309 2
0 2
fi=(278)
250 1
cfi=(279)
cfn=(956)
calls=1 990 
* 5322
fe=(277)
74 2
fi=(256)
825 3
fe=(277)
74 7
+8 4

fn=(1634) <once_cell::imp::OnceCell<core::option::Option<std::sync::poison::mutex::Mutex<criterion::connection::Connection>>>>::initialize::<<once_cell::sync::OnceCell<core::option::Option<std::sync::poison::mutex::Mutex<criterion::connection::Connection>>>>::get_or_init<<once_cell::sync::Lazy<core::option::Option<std::sync::poison::mutex::Mutex<criterion::connection::Connection>>>>::force::{closure#0}>::{closure#0}, <once_cell::sync::OnceCell<_>>::get_or_init::Void>
61 1
+4 1
fi=(343)
2447 1
fe=(277)
69 1
-69 1
70 5
-2 3
cfn=(936) once_cell::imp::initialize_or_wait
calls=1 177 
* 1312
+17 2

fn=(936)
177 30
fi=(199)
3905 9
0 9
fe=(277)
182 12
0 3
182 3
fi=(262)
470 3
fi=(199)
3992 9
fe=(277)
191 6
+4 12
fi=(278)
298 3
cfi=(277)
cfn=(1636) <once_cell::imp::OnceCell<core::option::Option<std::sync::poison::mutex::Mutex<criterion::connection::Connection>>>>::initialize::<<once_cell::sync::OnceCell<core::option::Option<std::sync::poison::mutex::Mutex<criterion::connection::Connection>>>>::get_or_init<<once_cell::sync::Lazy<core::option::Option<std::sync::poison::mutex::Mutex<criterion::connection::Connection>>>>::force::{closure#0}>::{closure#0}, <once_cell::sync::OnceCell<_>>::get_or_init::Void>::{closure#0}
calls=1 70 
* 1245
cfi=(277)
cfn=(1582)
calls=1 70 
* 3734
cfi=(277)
cfn=(942)
calls=1 70 
* 6069
fe=(277)
196 6
+1 3
0 3
fi=(256)
825 3
cfi=(277)
cfn=(1230)
calls=3 151 
* 63
fe=(277)
208 24

fn=(937)
177 10
fi=(199)
3905 3
0 3
fe=(277)
182 4
0 1
182 1
fi=(262)
470 1
fi=(199)
3992 3
fe=(277)
191 2
+4 4
fi=(278)
298 1
cfi=(277)
cfn=(952)
calls=1 70 
* 5350
fe=(277)
196 2
+1 1
0 1
fi=(256)
825 1
cfi=(277)
cfn=(1230)
calls=1 151 
* 21
fe=(277)
208 8

fn=(934) <once_cell::imp::OnceCell<criterion::PlottingBackend>>::initialize::<<once_cell::sync::OnceCell<criterion::PlottingBackend>>::get_or_init<<once_cell::sync::Lazy<criterion::PlottingBackend>>::force::{closure#0}>::{closure#0}, <once_cell::sync::OnceCell<_>>::get_or_init::Void>
61 1
+4 1
fi=(343)
2447 3
fe=(277)
70 5
-2 3
cfn=(936)
calls=1 177 
* 6136
+17 2

fn=(1580) <once_cell::imp::OnceCell<std::path::PathBuf>>::initialize::<<once_cell::sync::OnceCell<std::path::PathBuf>>::get_or_init<<once_cell::sync::Lazy<std::path::PathBuf>>::force::{closure#0}>::{closure#0}, <once_cell::sync::OnceCell<_>>::get_or_init::Void>
61 1
+4 1
fi=(343)
2447 3
fe=(277)
70 5
-2 3
cfn=(936)
calls=1 177 
* 3801
+17 2

fn=(1636)
70 3
+1 1
fi=(196)
930 1
+1 1
-1 1
+1 1
fi=(276)
1309 2
0 2
fi=(278)
250 1
cfn=(1640) <criterion::CARGO_CRITERION_CONNECTION::{closure#0} as core::ops::function::FnOnce<()>>::call_once
calls=1 * 
* 1213
fe=(277)
74 2
fi=(256)
825 2
fe=(277)
74 10
+8 5

fl=(302)
fn=(1362) <core::str::pattern::StrSearcher>::new
1088 3120
+1 624
0 312
fi=(345)
219 936
0 576
219 144
fe=(302)
0 1344
1644 132
+2 132
0 66
1639 66
fi=(345)
219 132
fe=(302)
0 54
1639 54
fi=(345)
219 108
fe=(302)
1641 1008
+1 504
+5 186
+2 924
-10 132
fi=(345)
219 396
0 54
fe=(302)
1658 162
0 1176
1644 180
+2 180
0 90
1639 90
fi=(345)
219 180
fe=(302)
1641 1260
+1 252
+5 162
+2 1134
-10 162
fi=(345)
219 486
fe=(302)
0 168
1383 840
fi=(195)
1050 168
fe=(302)
1383 720
fi=(195)
1050 144
fe=(302)
1398 624
fi=(195)
1050 936
0 624
fi=(345)
89 312
fi=(304)
+68 936
cob=(2)
cfi=(303)
cfn=(1080)
calls=312 -84 
* 2784
* 312
fe=(302)
1398 312
fi=(336)
284 120
0 24
284 6
0 2160
fe=(302)
1709 72
-23 1044
+1 1344
+1 960
0 192
1688 192
+1 384
+2 48
+2 96
+1 168
+2 1056
0 396
1709 264
0 72
1709 48
0 1728
1686 972
+1 1260
+1 900
0 180
1688 360
+1 180
+2 96
+2 192
+1 132
+2 1056
0 396
1709 264
0 144
1709 96
fi=(259)
1038 576
fe=(302)
1408 576
fi=(200)
1714 288
fi=(336)
25 288
284 1728
0 828
284 108
0 18
279 36
fe=(302)
1449 36
fi=(336)
279 18
fe=(302)
1449 18
fi=(336)
279 18
fe=(302)
1449 18
fi=(195)
971 18
fi=(336)
284 84
0 6
279 6
fe=(302)
1449 6
fi=(336)
284 18
-5 6
fe=(302)
1449 6
fi=(336)
284 18
fi=(259)
1038 48
fe=(302)
1436 120
-38 24
fi=(336)
284 48
0 12
279 24
fe=(302)
1449 24
fi=(336)
279 12
fe=(302)
1449 12
fi=(336)
279 12
fe=(302)
1449 12
fi=(195)
971 12
fi=(336)
284 912
0 288
279 288
fe=(302)
1449 288
fi=(336)
284 864
0 576
fe=(302)
1102 1152
fi=(493) /rustc/8bab26f4f68e0e26f0bb7960be334d5b520ea452/library/core/src/profiling.rs
13 2592
fe=(302)
1111 2592
fi=(336)
0 24
fe=(302)
1102 96
fi=(493)
13 216
fe=(302)
1111 216

fn=(1074)
434 10114
fi=(195)
1050 3112
0 3112
fe=(302)
440 3112
0 2334
fi=(195)
1054 1556
0 778
fi=(345)
89 778
fi=(282)
-62 1556
-27 104
39 208
-39 104
40 2120
+4 1058
-5 2116
-39 204
fe=(302)
441 306
0 674
fi=(282)
31 1348
cfn=(1348) core::slice::memchr::memchr_aligned
calls=674 +20 
* 103806
fe=(302)
441 1398
0 2
441 4
0 2
459 6
+1 14
-1 1872
+1 4368
0 626
fi=(345)
89 626
fi=(304)
+68 1878
cob=(2)
cfi=(303)
cfn=(1080)
calls=626 -84 
* 6260
* 626
fe=(302)
463 626
0 626
464 2504
+6 456
0 152
474 1216
0 626
474 5008
-40 28
fi=(195)
1050 8
0 8
fe=(302)
440 10
0 6
fi=(195)
1054 6
fi=(345)
89 2
fi=(282)
-62 4
-27 2
39 4
-39 2
40 8
+4 3
-5 6
-39 2
fe=(302)
441 3
0 1
441 2
0 1
459 3
+1 7
0 1
fi=(345)
89 1
fi=(304)
+68 3
cob=(2)
cfi=(303)
cfn=(1080)
calls=1 -84 
* 10
* 2
fe=(302)
463 1
0 1
464 4
+6 3
0 1
474 8
0 1
474 8

fl=(348) /rustc/8bab26f4f68e0e26f0bb7960be334d5b520ea452/library/std/src/sys/random/linux.rs
fn=(1294) std::sys::random::linux::hashmap_random_keys
164 3
+1 3
+1 3
cfn=(1296) std::sys::random::linux::getrandom
calls=1 -94 
* 57
fi=(268)
1718 2
fe=(348)
170 3

fn=(1296)
72 11
fi=(199)
3904 1
fe=(348)
89 2
-89 1
91 1
-91 5
fi=(199)
3904 1
fe=(348)
96 6
fi=(264) /rustc/8bab26f4f68e0e26f0bb7960be334d5b520ea452/library/std/src/sys/pal/unix/weak/syscall.rs
-83 4
cob=(2)
cfi=(349) ./stdlib/../sysdeps/unix/sysv/linux/getrandom.c
cfn=(1298) getrandom
calls=1 +15 
* 8
fe=(348)
+93 2
fi=(345)
580 2
101 3
fe=(348)
-10 2
+67 8

fl=(383)
fn=(1724) <clap_builder::builder::arg::Arg>::value_parser::<[&str; 2]>
1048 60
fi=(384) /rustc/8bab26f4f68e0e26f0bb7960be334d5b520ea452/library/core/src/convert/mod.rs
779 12
cfi=(385)
cfn=(1726) <clap_builder::builder::value_parser::ValueParser as core::convert::From<[&str; 2]>>::from
calls=6 524 
* 2440
fi=(382) /home/runner/.cargo/registry/src/index.crates.io-1949cf8c6b5b557f/clap_builder-4.5.53/src/builder/resettable.rs
42 18
+1 12
fi=(256)
825 18
fe=(383)
1049 18
+1 24
cob=(2)
cfi=(237)
cfn=(800)
calls=6 255 
* 534
+1 54

fn=(1954) <clap_builder::builder::arg::Arg>::_build
4575 480
fi=(292)
633 120
fe=(383)
4576 60
fi=(292)
2439 540
fe=(383)
4579 104
+17 78
fi=(292)
742 306
fe=(383)
4591 34
0 68
fi=(405) /home/runner/.cargo/registry/src/index.crates.io-1949cf8c6b5b557f/clap_builder-4.5.53/src/builder/action.rs
404 170
fi=(265)
99 26
cfi=(185)
cfn=(904)
calls=26 -99 
* 26
+2 78
cfi=(185)
cfn=(906)
calls=26 0 
* 4810
fi=(269) /rustc/8bab26f4f68e0e26f0bb7960be334d5b520ea452/library/alloc/src/boxed.rs
248 52
fe=(383)
4597 78
fi=(285)
424 26
634 52
fe=(383)
4597 78
-1 26
fi=(405)
418 360
fi=(292)
633 60
fe=(383)
4607 60
0 144
4611 10
fi=(289)
3054 10
fi=(292)
1806 10
fe=(383)
4616 20
fi=(289)
3054 24
fi=(292)
1806 24
fe=(383)
4616 48
fi=(292)
0 52
fe=(383)
4601 52
fi=(265)
99 26
cfi=(185)
cfn=(904)
calls=26 -99 
* 26
+2 78
cfi=(185)
cfn=(906)
calls=26 0 
* 5091
fi=(269)
248 52
fe=(383)
4602 78
fi=(285)
424 26
634 52
fe=(383)
4602 104
0 78
4609 104
fi=(289)
3054 26
fi=(292)
1806 26
fe=(383)
4616 52
fi=(292)
1806 120
fi=(405)
390 102
fi=(196)
931 102
fe=(383)
4622 480

fn=(1740) <clap_builder::builder::arg::Arg>::value_parser::<clap_builder::builder::value_parser::_AnonymousValueParser>
1048 128
fi=(382)
180 16
42 32
+1 32
fi=(256)
825 48
fe=(383)
1049 48
+1 48
cob=(2)
cfi=(237)
cfn=(800)
calls=16 255 
* 1424
+1 144

fn=(1698) <clap_builder::builder::arg::Arg>::value_parser::<[&str; 3]>
1048 20
fi=(384)
779 4
cfi=(385)
cfn=(1700) <clap_builder::builder::value_parser::ValueParser as core::convert::From<[&str; 3]>>::from
calls=2 524 
* 643
fi=(382)
42 6
+1 4
fi=(256)
825 6
fe=(383)
1049 6
+1 8
cob=(2)
cfi=(237)
cfn=(800)
calls=2 255 
* 178
+1 18

fl=(289)
fn=(1224) <alloc::vec::Vec<alloc::boxed::Box<dyn core::ops::function::FnMut<(), Output = core::result::Result<(), std::io::error::Error>> + core::marker::Send + core::marker::Sync>> as core::ops::drop::Drop>::drop
4280 5
+5 1
fi=(256)
825 2
fe=(289)
4288 6

fn=(2058)
4049 36
fi=(307)
729 12
fi=(285)
619 4
fe=(289)
1471 4
fi=(195)
2621 4
fi=(285)
767 4
-94 4
fi=(336)
279 8
fi=(354)
459 4
0 8
fi=(285)
460 28
fi=(336)
279 4
0 8
cfi=(185)
cfn=(904)
calls=4 0 
0 4
0 4
fi=(265)
101 12
cfi=(185)
cfn=(906)
calls=4 0 
* 760
fi=(285)
469 8
fi=(256)
+82 24
cob=(2)
cfi=(237)
cfn=(800)
calls=4 255 
* 60
* 4
0 8
1933 12
fi=(336)
284 8
fi=(386) /rustc/8bab26f4f68e0e26f0bb7960be334d5b520ea452/library/alloc/src/vec/set_len_on_drop.rs
31 12
fe=(289)
4078 32
fi=(285)
675 28
cfn=(1660)
calls=4 -14 
* 1032
* 4
fi=(386)
14 4
fi=(200)
1714 4
fi=(336)
25 4
fe=(289)

fl=(362)
fn=(1394)
2362 1776
fi=(262)
961 592
fi=(200)
1714 592
fi=(336)
180 592
0 2096
fi=(200)
1714 200
fi=(336)
180 200
0 1448
fi=(301)
37 724
+1 1448
-38 724
38 724
fi=(305)
189 2172
fi=(364)
995 3620
+2 1048
fi=(336)
0 204
fi=(200)
1714 1184
0 1048
1714 134
fi=(336)
25 134
-25 658
fi=(301)
84 1974
-84 658
fi=(364)
995 3948
+2 1048
fi=(365) /rustc/8bab26f4f68e0e26f0bb7960be334d5b520ea452/library/core/src/unicode/unicode_data.rs
0 1048
fi=(363)
211 524
fi=(307)
863 524
fe=(362)
2379 1572
fi=(363)
211 68
fi=(307)
863 68
fe=(362)
2379 204

fn=(1476)
2409 8
fi=(200)
1714 4
fi=(336)
180 4
0 28
fi=(302)
0 16
fi=(200)
1714 8
fi=(336)
180 8
0 10
fi=(301)
37 10
+1 20
-38 10
fi=(364)
995 36
+2 4
fi=(365)
0 6
fi=(363)
211 2
fi=(307)
863 2
fe=(362)
2417 2
fi=(365)
0 4
fi=(363)
211 2
fi=(307)
863 2
fe=(362)
2417 2

fn=(1488)
2627 114
fi=(200)
1714 114
fi=(336)
25 114
fi=(262)
961 114
0 228
fi=(200)
1714 2174
fi=(336)
25 2174
-25 2270
fi=(301)
84 6810
-84 2270
fi=(364)
995 13266
+2 192
fi=(365)
0 18
fe=(362)
2638 18
fi=(302)
0 96
fe=(362)
2638 96

fn=(1360)
1481 3744
fi=(302)
978 312
cfn=(1362)
calls=312 1088 
* 57186
1174 624
+9 312
0 624
1469 312
0 624
1183 312
+3 312
0 288
1474 288
fi=(345)
219 576
0 2304
fi=(302)
1488 6400
-14 3200
fi=(345)
219 6400
fi=(302)
1474 128
fi=(345)
219 256
fi=(302)
1487 10848
+10 1248
+1 832
0 416
fi=(259)
1916 416
fi=(371)
900 416
fi=(259)
1916 468
fi=(371)
900 468
fi=(302)
1499 1788
fi=(195)
971 596
fi=(302)
1499 2384
+1 128
+1 512
0 864
fi=(259)
1916 288
fi=(371)
942 288
fi=(259)
1916 12
fi=(371)
942 12
fi=(195)
1150 12
fi=(302)
1511 96
0 24
1474 24
fi=(345)
219 48
0 48
219 72
0 24
fi=(302)
1487 72
+1 96
-14 96
fi=(345)
219 192
fi=(302)
1474 32
fi=(345)
219 64
fi=(302)
1487 456
fi=(371)
900 224
0 56
fi=(259)
1916 56
fi=(371)
900 56
fi=(259)
1916 42
fi=(371)
900 42
fi=(302)
1499 444
fi=(195)
971 74
fi=(302)
1499 74
+2 96
+12 32
fi=(371)
942 72
0 24
fi=(259)
1916 24
fi=(371)
942 24
fi=(259)
1916 42
fi=(371)
942 42
fi=(302)
1511 294
0 312
fi=(371)
942 312
fe=(362)
1483 2496

fl=(385)
fn=(1912) <clap_builder::builder::value_parser::PossibleValuesParser as clap_builder::builder::value_parser::TypedValueParser>::possible_values
1251 24
fi=(285)
614 8
fi=(289)
1864 8
fi=(265)
99 8
cfi=(185)
cfn=(904)
calls=8 -99 
* 8
+2 24
cfi=(185)
cfn=(906)
calls=8 0 
* 723
fi=(269)
248 16
fi=(262)
961 16
fi=(269)
289 16
fe=(385)
1255 40

fn=(1952) <for<'a> fn(&'a str) -> core::result::Result<usize, core::num::error::ParseIntError> as clap_builder::builder::value_parser::AnyValueParser>::possible_values
653 32

fn=(1726)
524 42
fi=(368)
69 24
fi=(285)
-69 6
cfi=(185)
cfn=(904)
calls=6 0 
0 6
fi=(265)
101 18
cfi=(185)
cfn=(906)
calls=6 0 
* 749
fi=(285)
469 12
fi=(256)
1933 84
fi=(369)
61 18
fi=(265)
+38 6
cfi=(185)
cfn=(904)
calls=6 -99 
* 6
+2 18
cfi=(185)
cfn=(906)
calls=6 0 
* 1343
fi=(269)
248 12
+41 24
fe=(385)
116 24
527 48

fn=(2120)
634 130
735 26
cfn=(2122) <clap_builder::builder::value_parser::BoolValueParser as clap_builder::builder::value_parser::TypedValueParser>::parse_ref
calls=26 1696 
* 854
fi=(420)
587 52
+1 26
fi=(265)
99 26
cfi=(185)
cfn=(904)
calls=26 -99 
* 26
+2 78
cfi=(185)
cfn=(906)
calls=26 0 
* 5223
fi=(269)
248 52
+41 78
fe=(385)
642 130
+1 130

fn=(2302) <clap_builder::builder::value_parser::StringValueParser as clap_builder::builder::value_parser::AnyValueParser>::type_id
645 2
fi=(494) /home/runner/.cargo/registry/src/index.crates.io-1949cf8c6b5b557f/clap_builder-4.5.53/src/util/any_value.rs
50 4
fe=(385)
647 2

fn=(1700)
524 16
fi=(368)
69 14
fi=(285)
-69 2
cfi=(185)
cfn=(904)
calls=2 0 
0 2
fi=(265)
101 6
cfi=(185)
cfn=(906)
calls=2 0 
* 252
fi=(285)
469 4
fi=(256)
1933 44
fi=(369)
61 6
fi=(265)
+38 2
cfi=(185)
cfn=(904)
calls=2 -99 
* 2
+2 6
cfi=(185)
cfn=(906)
calls=2 0 
* 249
fi=(269)
248 4
+41 8
fe=(385)
116 8
527 18

fn=(2092) <clap_builder::builder::value_parser::BoolValueParser as clap_builder::builder::value_parser::AnyValueParser>::type_id
645 26
fi=(494)
50 52
fe=(385)
647 26

fn=(2122)
1696 312
fi=(304)
21 60
157 4
fe=(385)
1702 4
0 30
fi=(304)
157 88
fe=(385)
1704 22
fi=(256)
0 22
fe=(385)
1720 44
+1 22
-1 8
+1 238

fn=(2248)
645 10
fi=(494)
50 20
fe=(385)
647 10

fn=(2250)
634 42
735 6
cfn=(2252) <clap_builder::builder::value_parser::PossibleValuesParser as clap_builder::builder::value_parser::TypedValueParser>::parse_ref
calls=6 1208 
* 2721
-94 6
fi=(420)
0 6
fe=(385)
641 6
fi=(420)
-54 6
+1 6
fi=(265)
99 6
cfi=(185)
cfn=(904)
calls=6 -99 
* 6
+2 18
cfi=(185)
cfn=(906)
calls=6 0 
* 1193
fi=(269)
248 12
+41 30
fe=(385)
642 36
+1 42

fn=(2262) <clap_builder::builder::value_parser::PossibleValuesParser as clap_builder::builder::value_parser::TypedValueParser>::parse
1217 66
+6 18
0 6
fi=(338)
570 6
0 6
570 6
cfi=(300)
cfn=(1068)
calls=6 89 
* 424
* 18
fi=(420)
0 18
fi=(423)
0 6
fi=(292)
1161 24
+1 18
0 6
fi=(285)
614 6
fi=(289)
1864 6
fi=(262)
961 18
0 6
fi=(336)
331 36
0 6
fi=(200)
1714 12
fi=(336)
180 6
fe=(385)
1231 36
cfi=(424)
cfn=(2274) <clap_builder::builder::possible_value::PossibleValue>::matches
calls=6 223 
* 310
fi=(336)
332 18
0 12
fe=(385)
1232 24
-1 6
+18 54

fn=(2304)
634 18
fi=(354)
459 2
fi=(285)
0 2
460 2
0 6
cfi=(185)
cfn=(904)
calls=2 0 
0 2
0 2
fi=(265)
101 6
cfi=(185)
cfn=(906)
calls=2 0 
* 410
fi=(285)
469 4
fi=(287)
0 2
fi=(256)
551 8
cob=(2)
cfi=(237)
cfn=(800)
calls=2 255 
* 30
0 4
fi=(422) /rustc/8bab26f4f68e0e26f0bb7960be334d5b520ea452/library/std/src/ffi/os_str.rs
993 10
fe=(385)
-70 2
cfn=(2314) <clap_builder::builder::value_parser::StringValueParser as clap_builder::builder::value_parser::TypedValueParser>::parse
calls=2 +3 
* 178
641 2
fi=(420)
0 2
fe=(385)
641 2
fi=(420)
-54 2
+1 2
fi=(265)
99 2
cfi=(185)
cfn=(904)
calls=2 -99 
* 2
+2 6
cfi=(185)
cfn=(906)
calls=2 0 
* 525
fi=(269)
248 4
+41 10
fe=(385)
642 10
+1 20

fn=(1902) <clap_builder::builder::value_parser::StringValueParser as clap_builder::builder::value_parser::AnyValueParser>::possible_values
653 20

fn=(2314)
926 18
+6 6
0 2
fi=(338)
570 6
cfi=(300)
cfn=(1068)
calls=2 89 
* 118
* 4
fe=(385)
938 6
+1 18

fn=(1910) <clap_builder::builder::value_parser::PossibleValuesParser as clap_builder::builder::value_parser::AnyValueParser>::possible_values
652 8
cfn=(1912)
calls=8 1251 
* 891

fn=(2252)
1208 54
fi=(354)
459 6
fi=(285)
0 6
460 6
0 30
cfi=(185)
cfn=(904)
calls=6 0 
0 6
0 6
fi=(265)
101 18
cfi=(185)
cfn=(906)
calls=6 0 
* 1169
fi=(285)
469 12
fi=(287)
0 6
fi=(256)
551 24
cob=(2)
cfi=(237)
cfn=(800)
calls=6 255 
* 86
0 24
fi=(422)
993 24
fe=(385)
1214 12
cfn=(2262)
calls=6 +3 
* 1178
+1 54

fl=(392)
fn=(1800)
177 12
+6 12
+1 12
+1 12
0 6
200 12
+44 18
-42 18
+1 18
+1 12
+1 24
+1 12

fl=(393)
fn=(1790)
167 48
+4 18
+1 18
0 6
173 18
fi=(195)
896 6
fi=(354)
459 6
fi=(195)
1050 18
fe=(393)
176 12
+1 18
0 6
180 12
fi=(195)
-26 12
fi=(394) /rustc/8bab26f4f68e0e26f0bb7960be334d5b520ea452/library/core/src/num/imp/diy_float.rs
46 108
fi=(357)
-46 12
fe=(393)
198 6
-72 60
+1 18
fi=(394)
-93 6
fe=(393)
+93 18
fi=(195)
3329 18
fi=(394)
26 12
+1 12
fe=(393)
226 12
+4 6
+5 18
127 6
fi=(195)
3329 24
fi=(394)
26 12
fe=(393)
236 6
fi=(195)
3329 30
fi=(394)
26 12
fe=(393)
236 6
-89 24
+1 12
+3 42
0 42
243 30
-14 12
+24 24
+2 6
+13 24
0 6
269 6
-1 18
+3 12
-2 2
-1 6
+3 12
+3 24
-3 8
+3 16
+1 16
0 2
292 4
+6 8
-30 8
+9 36
+7 6
+91 12
+1 18
+46 18
0 16
437 12
0 2
437 10
+12 18
0 12
449 48
+2 48

fl=(409)
fn=(2086)
135 272
fi=(495) /home/runner/.cargo/registry/src/index.crates.io-1949cf8c6b5b557f/clap_builder-4.5.53/src/util/id.rs
10 34
-10 34
10 34
fe=(409)
118 34
0 34
fi=(289)
1864 34
fi=(200)
1714 34
fi=(336)
180 34
0 160
fi=(200)
1714 272
fi=(421)
82 272
fi=(200)
1714 272
fi=(336)
180 272
fi=(304)
21 544
fi=(417)
+63 32
fi=(304)
+73 96
cob=(2)
cfi=(303)
cfn=(1080)
calls=32 -84 
* 704
* 32
fi=(417)
-73 32
fi=(383)
-84 34
fi=(417)
88 102
-88 34
fi=(292)
742 34
fi=(383)
4480 68
fi=(418)
0 34
fi=(385)
261 238
0 4
fi=(269)
2351 18
fi=(418)
28 34
fi=(385)
247 34
cfn=(2302)
calls=2 645 
* 8
cfn=(2248)
calls=6 645 
* 24
cfn=(2092)
calls=26 645 
* 104
fi=(418)
28 510
fe=(409)
138 34
cfi=(417)
cfn=(2094) <clap_builder::util::flat_map::Entry<clap_builder::util::id::Id, clap_builder::parser::matches::matched_arg::MatchedArg>>::or_insert
calls=34 +17 
* 9352
fi=(418)
+20 102
0 68
fe=(409)
141 68
cfi=(418)
cfn=(2104) <clap_builder::parser::matches::matched_arg::MatchedArg>::new_val_group
calls=34 -30 
* 19726
+1 272

fn=(2134)
168 340
fi=(289)
1864 34
fi=(200)
1714 34
fi=(336)
180 34
0 340
fi=(200)
1714 544
fi=(421)
82 272
fi=(200)
1714 272
fi=(336)
180 272
fi=(304)
21 612
fi=(259)
2123 66
0 66
fi=(304)
157 132
cob=(2)
cfi=(303)
cfn=(1080)
calls=66 -84 
* 1350
* 66
fi=(417)
-47 66
0 34
fi=(289)
1903 34
fi=(345)
278 68
fi=(285)
614 34
fe=(409)
170 34
0 34
170 408
cfi=(418)
cfn=(2146) <clap_builder::parser::matches::matched_arg::MatchedArg>::append_val
calls=34 -54 
* 20304
+1 272

fn=(2156)
173 306
fi=(289)
1864 34
fi=(200)
1714 34
fi=(336)
180 34
0 340
fi=(200)
1714 544
fi=(421)
82 272
fi=(200)
1714 272
fi=(336)
180 272
fi=(304)
21 612
fi=(259)
2123 66
0 66
fi=(304)
157 132
cob=(2)
cfi=(303)
cfn=(1080)
calls=66 -84 
* 1350
* 66
fi=(417)
-47 66
0 34
fi=(289)
1903 34
fi=(345)
278 68
fi=(285)
614 34
fi=(289)
1037 34
+3 68
fi=(285)
614 34
0 34
fi=(256)
1933 34
fi=(289)
1046 68
fe=(409)
176 272
fi=(289)
1041 68
cfi=(285)
cfn=(2170) <alloc::raw_vec::RawVec<usize>>::grow_one
calls=34 186 
* 8675
* 34
fe=(409)

fn=(2434) <clap_builder::parser::arg_matcher::ArgMatcher>::check_explicit
129 434
fi=(289)
1864 62
fi=(200)
1714 62
fi=(336)
180 62
0 682
fi=(200)
1714 1496
fi=(421)
82 748
fi=(200)
1714 748
fi=(336)
180 748
fi=(304)
21 1564
fi=(259)
2123 88
0 88
fi=(304)
157 176
cob=(2)
cfi=(303)
cfn=(1080)
calls=88 -84 
* 1834
* 88
fi=(417)
-60 88
-97 34
fi=(289)
1864 34
fi=(345)
272 68
fi=(285)
614 34
fi=(292)
1161 102
fi=(418)
140 8
fi=(336)
0 58
fe=(409)
133 496
0 8

fn=(2464) <clap_builder::parser::arg_matcher::ArgMatcher>::fill_in_global_values
53 22
fi=(200)
1714 4
fi=(336)
180 2
fe=(409)
79 8
fi=(289)
1903 2
fi=(200)
1714 2
fi=(336)
180 2
fe=(409)
-89 16

fl=(424)
fn=(2274)
223 54
+1 12
fi=(285)
614 6
fi=(289)
1864 6
0 6
fi=(366)
2493 6
fi=(407)
285 6
fi=(304)
157 18
cob=(2)
cfi=(303)
cfn=(1080)
calls=6 -84 
* 118
* 6
fi=(496) /rustc/8bab26f4f68e0e26f0bb7960be334d5b520ea452/library/core/src/iter/adapters/chain.rs
-51 6
fi=(366)
0 12
fe=(424)
230 54

fl=(274) /home/runner/.cargo/registry/src/index.crates.io-1949cf8c6b5b557f/criterion-0.5.1/src/macros.rs
fn=(928) criterion::main
122 5
fi=(379) /home/runner/work/broken-app/broken-app/benches/criterion.rs
-87 2
cfi=(275) /home/runner/.cargo/registry/src/index.crates.io-1949cf8c6b5b557f/criterion-0.5.1/src/lib.rs
cfn=(930) <criterion::Criterion as core::default::Default>::default
calls=1 415 
* 300415
* 1
fe=(274)
+34 2
cfi=(275)
cfn=(1654) <criterion::Criterion>::configure_from_args
calls=1 770 
* 168391
fi=(285)
-69 1
cfi=(185)
cfn=(904)
calls=1 0 
0 1
0 2
fi=(265)
101 3
cfi=(185)
cfn=(906)
calls=1 0 
* 13150
fi=(285)
469 2
0 12
fi=(442) /rustc/8bab26f4f68e0e26f0bb7960be334d5b520ea452/library/core/src/num/int_macros.rs
2564 2
fi=(256)
1933 2
fi=(442)
2564 4
fi=(256)
1933 2
fi=(442)
2564 4
fi=(256)
1933 2
fi=(442)
2564 4
fi=(256)
1933 2
fi=(442)
2564 1
fi=(371)
900 3
fi=(442)
2564 6248
fi=(256)
1933 6248
fi=(442)
2564 12496
fi=(256)
1933 6248
fi=(442)
2564 12496
fi=(256)
1933 6248
fi=(442)
2564 12496
fi=(256)
1933 6248
fi=(442)
2564 3124
fi=(371)
900 9372
fi=(369)
61 3
fi=(275)
1220 1
0 2
1220 2
cfn=(2668) <criterion::Criterion>::benchmark_group::<&str>
calls=1 -41 
* 123
fi=(443) /home/runner/.cargo/registry/src/index.crates.io-1949cf8c6b5b557f/criterion-0.5.1/src/benchmark_group.rs
458 5
fi=(275)
1221 1
cfi=(443)
cfn=(2676) <criterion::benchmark_group::BenchmarkGroup<criterion::measurement::WallTime>>::bench_function::<criterion::benchmark_group::BenchmarkId, criterion::bench_sum_even::{closure#0}>
calls=1 250 
* 242269
0 1
1221 1
cfi=(256)
cfn=(2894) core::ptr::drop_glue::<criterion::benchmark_group::BenchmarkGroup<criterion::measurement::WallTime>>
calls=1 825 
* 1049
fi=(265)
128 4
cfi=(185)
cfn=(1200)
calls=1 0 
* 74
fi=(458) /rustc/8bab26f4f68e0e26f0bb7960be334d5b520ea452/library/core/src/iter/adapters/flatten.rs
23 7
fi=(395)
+10 1
cfi=(369)
cfn=(2916) <alloc::vec::Vec<u64> as alloc::vec::spec_from_iter_nested::SpecFromIterNested<u64, core::iter::adapters::flatten::FlatMap<core::ops::range::Range<u64>, [u64; 2], criterion::bench_dedup::{closure#0}>>>::from_iter
calls=1 +17 
* 76113
fi=(275)
1220 1
0 2
1220 2
cfn=(2668)
calls=1 -41 
* 123
fi=(443)
458 5
fi=(275)
1221 1
cfi=(443)
cfn=(2934) <criterion::benchmark_group::BenchmarkGroup<criterion::measurement::WallTime>>::bench_function::<criterion::benchmark_group::BenchmarkId, criterion::bench_dedup::{closure#1}>
calls=1 250 
* 3401118968
0 1
1221 1
cfi=(256)
cfn=(2894)
calls=1 825 
* 986
fi=(285)
424 1
0 1
634 1
424 1
fi=(195)
1359 1
fi=(265)
128 2
cfi=(185)
cfn=(1200)
calls=1 0 
* 344
fi=(275)
1220 1
0 2
1220 2
cfn=(2668)
calls=1 -41 
* 122
fi=(443)
458 4
fi=(275)
1221 1
cfi=(443)
cfn=(3042) <criterion::benchmark_group::BenchmarkGroup<criterion::measurement::WallTime>>::bench_function::<criterion::benchmark_group::BenchmarkId, criterion::bench_fib::{closure#0}>
calls=1 250 
* 71327902
0 1
1221 1
cfi=(256)
cfn=(2894)
calls=1 825 
* 946
fi=(285)
0 1
cfi=(185)
cfn=(904)
calls=1 0 
0 1
0 2
fi=(265)
101 3
cfi=(185)
cfn=(906)
calls=1 0 
* 318
fi=(285)
469 2
fi=(287)
0 2
fi=(256)
551 41
fi=(262)
961 1
0 1
fi=(256)
551 3
cob=(2)
cfi=(237)
cfn=(800)
calls=1 255 
* 30
fi=(262)
961 1
fi=(256)
551 3
cob=(2)
cfi=(237)
cfn=(800)
calls=1 255 
* 77
fi=(262)
961 1
fi=(256)
551 3
cob=(2)
cfi=(237)
cfn=(800)
calls=1 255 
* 113
fi=(262)
961 1
fi=(256)
551 3
cob=(2)
cfi=(237)
cfn=(800)
calls=1 255 
* 197
fi=(262)
961 1
fi=(256)
551 3
cob=(2)
cfi=(237)
cfn=(800)
calls=1 255 
* 365
fi=(262)
961 1
fi=(256)
551 3
cob=(2)
cfi=(237)
cfn=(800)
calls=1 255 
* 701
fi=(262)
961 1
fi=(256)
551 3
cob=(2)
cfi=(237)
cfn=(800)
calls=1 255 
* 14320
fi=(262)
961 1
fi=(256)
551 3
cob=(2)
cfi=(237)
cfn=(800)
calls=1 255 
* 28656
fi=(262)
961 1
fi=(256)
551 3
cob=(2)
cfi=(237)
cfn=(800)
calls=1 255 
* 57328
fi=(262)
961 1
fi=(256)
551 3
cob=(2)
cfi=(237)
cfn=(800)
calls=1 255 
* 114672
fi=(262)
961 1
fi=(256)
551 3
cob=(2)
cfi=(237)
cfn=(800)
calls=1 255 
* 229360
fi=(262)
961 2
fi=(256)
551 3
cob=(2)
cfi=(237)
cfn=(800)
calls=1 255 
* 241232
fi=(287)
+13 3
fi=(275)
1220 1
0 2
1220 2
cfn=(2668)
calls=1 -41 
* 123
fi=(443)
458 5
fi=(275)
1221 1
cfi=(443)
cfn=(3090) <criterion::benchmark_group::BenchmarkGroup<criterion::measurement::WallTime>>::bench_function::<criterion::benchmark_group::BenchmarkId, criterion::bench_normalize::{closure#0}>
calls=1 250 
* 17694862
0 1
1221 1
cfi=(256)
cfn=(2894)
calls=1 825 
* 965
fi=(265)
128 4
cfi=(185)
cfn=(1200)
calls=1 0 
* 74
* 1
fe=(274)
-55 1
cfi=(256)
cfn=(3182) core::ptr::drop_glue::<criterion::Criterion>
calls=1 825 
* 17733
* 1
+54 2
cfi=(275)
cfn=(930)
calls=1 415 
* 302950
* 1
+1 3
cfi=(275)
cfn=(1654)
calls=1 770 
* 174514
+1 2
cfi=(275)
cfn=(3226) <criterion::Criterion>::final_summary
calls=1 753 
* 15
0 1
129 1
cfi=(256)
cfn=(3182)
calls=1 825 
* 16476
+1 5

fl=(418)
fn=(2540)
169 30
fi=(292)
1651 12
+1 18
fi=(367)
0 18
fe=(418)
177 30

fn=(2104)
111 136
fi=(289)
464 102
1037 34
+3 68
fe=(418)
112 34
fi=(289)
1041 34
cfi=(285)
cfn=(2106) <alloc::raw_vec::RawVec<alloc::vec::Vec<clap_builder::util::id::Id>>>::grow_one
calls=34 186 
* 9237
fi=(285)
614 34
fi=(262)
961 34
fi=(256)
1933 136
fi=(289)
1046 68
464 102
1037 34
+3 68
fe=(418)
113 34
fi=(289)
1041 34
cfi=(285)
cfn=(2106)
calls=34 186 
* 9129
fi=(285)
614 34
fi=(262)
961 34
fi=(256)
1933 136
fi=(289)
1046 68
fe=(418)
114 136

fn=(2146)
116 306
fi=(289)
1903 34
fi=(281)
305 68
0 34
fi=(285)
614 34
0 34
fi=(281)
305 34
fe=(418)
118 136
fi=(289)
1037 34
+3 68
fe=(418)
118 68
fi=(289)
1041 34
cfi=(285)
cfn=(1978) <alloc::raw_vec::RawVec<clap_builder::mkeymap::Key>>::grow_one
calls=34 186 
* 8899
fe=(418)
118 68
fi=(285)
614 34
fi=(262)
961 68
fi=(256)
1933 136
fi=(289)
1046 68
1903 34
fi=(281)
305 68
fi=(285)
614 34
fi=(281)
305 34
fi=(289)
1037 34
+3 68
fe=(418)
0 68
122 68
fi=(289)
1041 34
cfi=(285)
cfn=(2152) <alloc::raw_vec::RawVec<alloc::vec::Vec<u8>>>::grow_one
calls=34 186 
* 9093
fe=(418)
0 68
fi=(285)
614 34
fi=(262)
961 34
fi=(256)
1933 136
fi=(289)
1046 68
fe=(418)
123 272

fl=(369)
fn=(1436)
18 2080
+6 208
cfi=(368)
cfn=(1438) <core::iter::adapters::map::Map<core::str::iter::Split<char>, <tinytemplate::compiler::TemplateCompiler>::parse_path::{closure#0}> as core::iter::traits::iterator::Iterator>::next
calls=208 +82 
* 32284
* 416
-24 416
cfi=(185)
cfn=(904)
calls=208 0 
0 208
fi=(265)
101 624
cfi=(185)
cfn=(906)
calls=208 0 
* 44645
fi=(285)
469 416
fe=(369)
0 208
fi=(256)
1933 832
fe=(369)
36 624
+5 2288
-41 1040
fi=(256)
1933 504
fi=(289)
4041 126
2221 126
4030 504
cfi=(368)
cfn=(1438)
calls=126 106 
* 3720
* 624
cfi=(368)
cfn=(1438)
calls=208 106 
* 17364
* 668
+2 252
fe=(369)
42 1040
+1 1872

fn=(2916)
50 8
fi=(292)
742 1
1226 7
742 1
1226 6
fi=(459) /rustc/8bab26f4f68e0e26f0bb7960be334d5b520ea452/library/core/src/iter/adapters/fuse.rs
76 3
+1 2
fi=(371)
990 2
fi=(195)
3178 1
fi=(354)
459 1
fi=(195)
896 1
fi=(354)
459 1
fi=(195)
3178 1
896 1
fi=(354)
459 1
fi=(195)
3178 4
0 3
fi=(354)
459 2
fi=(285)
0 8
460 2
0 1
cfi=(185)
cfn=(904)
calls=1 0 
0 1
0 1
fi=(265)
101 3
cfi=(185)
cfn=(906)
calls=1 0 
* 997
fi=(285)
469 2
0 2
fi=(289)
977 3
fe=(369)
60 2
fi=(459)
+16 2
-76 1
fi=(371)
990 3
fi=(195)
3178 1
fi=(354)
459 1
fi=(195)
3178 1
896 1
fi=(354)
459 1
fi=(285)
767 1
-94 1
0 1
fi=(458)
394 1
0 1
fi=(460) /rustc/8bab26f4f68e0e26f0bb7960be334d5b520ea452/library/core/src/ops/index_range.rs
0 4
fi=(459)
97 3
fi=(371)
900 6
0 1
fi=(256)
1933 11
fi=(386)
19 1
fi=(259)
1916 2
fi=(371)
900 1
fi=(256)
1933 54989
fi=(386)
19 4999
fi=(259)
1916 9998
fi=(371)
900 4999
fi=(458)
400 2
fi=(460)
0 1
fi=(386)
31 1
fe=(369)
+30 3
+1 8

fn=(1922) <alloc::vec::Vec<clap_builder::builder::possible_value::PossibleValue> as alloc::vec::spec_from_iter_nested::SpecFromIterNested<clap_builder::builder::possible_value::PossibleValue, alloc::boxed::Box<dyn core::iter::traits::iterator::Iterator<Item = clap_builder::builder::possible_value::PossibleValue>>>>::from_iter
18 80
fi=(404) /rustc/8bab26f4f68e0e26f0bb7960be334d5b520ea452/library/alloc/src/boxed/iter.rs
+3 32
cfi=(402)
cfn=(1924)
calls=8 +19 
* 416
fe=(369)
+3 56
cfi=(402)
cfn=(1934)
calls=8 +21 
* 80
+3 8
fi=(195)
2428 8
0 8
2428 8
fi=(259)
1038 24
fi=(195)
3178 16
0 8
fi=(354)
459 24
fi=(269)
0 8
fi=(285)
460 16
0 8
cfi=(185)
cfn=(904)
calls=8 0 
0 8
0 8
fi=(265)
101 24
cfi=(185)
cfn=(906)
calls=8 0 
* 582
fi=(285)
469 16
0 16
fi=(256)
1933 80
fe=(369)
36 40
-36 16
fi=(256)
1933 100
fi=(289)
4041 10
2221 10
4030 10
fi=(404)
21 30
cfi=(402)
cfn=(1924)
calls=10 +19 
* 280
* 24
cfi=(402)
cfn=(1924)
calls=8 +19 
* 416
fi=(289)
4030 36
+2 20
fi=(285)
0 8
fi=(256)
825 24
fi=(196)
458 8
fi=(269)
1955 24
fi=(196)
597 8
fi=(265)
128 16
cfi=(185)
cfn=(1200)
calls=8 0 
* 696
fe=(369)
-86 32
+1 72

fn=(2224)
50 210
fi=(307)
729 120
fi=(195)
3178 60
0 30
fi=(354)
459 60
fi=(285)
0 60
460 60
0 60
cfi=(185)
cfn=(904)
calls=30 0 
0 30
0 30
fi=(265)
101 90
cfi=(185)
cfn=(906)
calls=30 0 
* 1933
fi=(285)
469 60
0 90
fi=(289)
977 60
fi=(200)
1714 30
fi=(336)
25 30
fi=(354)
459 60
0 90
fi=(413)
300 30
0 30
fi=(354)
459 30
fi=(285)
+1 30
0 30
fi=(413)
46 30
-46 60
cfi=(185)
cfn=(904)
calls=30 0 
0 30
fi=(265)
101 90
cfi=(185)
cfn=(906)
calls=30 0 
* 5803
fi=(285)
469 60
fi=(287)
0 30
fi=(256)
551 150
cob=(2)
cfi=(237)
cfn=(800)
calls=30 255 
* 446
0 90
1933 90
fi=(386)
19 30
fi=(336)
284 150
fi=(386)
31 60
fe=(369)
+30 90
+1 240

fl=(454) /home/runner/.cargo/registry/src/index.crates.io-1949cf8c6b5b557f/criterion-0.5.1/src/measurement.rs
fn=(2852) <criterion::measurement::WallTime as criterion::measurement::Measurement>::end
224 16
+1 4
cfi=(456) /rustc/8bab26f4f68e0e26f0bb7960be334d5b520ea452/library/std/src/time.rs
cfn=(2854) <std::time::Instant>::elapsed
calls=4 390 
* 360
+1 8

fn=(2842) <criterion::measurement::WallTime as criterion::measurement::Measurement>::start
222 4
cfi=(451) /rustc/8bab26f4f68e0e26f0bb7960be334d5b520ea452/library/std/src/sys/time/unix.rs
cfn=(2834) <std::time::Instant>::now
calls=4 74 
* 116

fn=(3022) <criterion::measurement::WallTime as criterion::measurement::Measurement>::add
228 1
fi=(195)
896 1
fi=(354)
459 1
0 1
fe=(454)
228 1
fi=(389) /rustc/8bab26f4f68e0e26f0bb7960be334d5b520ea452/library/core/src/time.rs
672 1
+1 2
fe=(454)
229 1

fl=(387) /rustc/8bab26f4f68e0e26f0bb7960be334d5b520ea452/library/alloc/src/fmt.rs
fn=(1750) alloc::fmt::format::format_inner
650 176
fi=(342)
878 32
fi=(256)
1733 16
fi=(342)
767 32
0 64
772 64
fi=(200)
656 32
fi=(256)
1733 32
fi=(342)
767 64
fi=(256)
1733 16
fi=(342)
767 32
fi=(200)
656 48
fi=(342)
770 96
+4 48
+8 48
+4 128
+2 64
+1 48
fi=(200)
656 64
fi=(342)
0 32
795 32
0 16
fi=(284)
113 16
fi=(285)
460 32
fi=(265)
99 16
cfi=(185)
cfn=(904)
calls=16 -99 
* 16
* 16
+2 48
cfi=(185)
cfn=(906)
calls=16 0 
* 2040
fi=(285)
469 32
fi=(338)
+25 48
fi=(342)
236 80
cfn=(1246) core::fmt::write
calls=16 1631 
* 7944
fi=(268)
1183 32
fe=(387)
656 64
+1 144

fl=(273) /rustc/8bab26f4f68e0e26f0bb7960be334d5b520ea452/library/std/src/sys/backtrace.rs
fn=(926) std::sys::backtrace::__rust_begin_short_backtrace::<fn(), ()>
162 1
fi=(278)
+88 1
cfi=(274)
cfn=(928)
calls=1 122 
* 3492227537
fe=(273)
-78 2

fl=(440)
fn=(2630) <alloc::sync::Arc<dyn core::any::Any + core::marker::Send + core::marker::Sync>>::drop_slow
2132 102
+6 68
fi=(256)
820 68
+5 68
-5 32
+5 8
cfi=(285)
cfn=(2652) core::ptr::drop_glue::<std::path::PathBuf>
calls=2 424 
* 228
cfi=(285)
cfn=(2650) core::ptr::drop_glue::<alloc::string::String>
calls=6 424 
* 684
fe=(440)
3353 68
fi=(199)
3956 34
fe=(440)
3505 34
fi=(196)
458 272
fi=(265)
220 68
-92 170
cfi=(185)
cfn=(1200)
calls=34 0 
* 3672
fe=(440)

fl=(368)
fn=(1438)
106 3794
fi=(305)
658 1084
0 208
658 208
0 668
662 668
0 1670
fi=(195)
1050 1336
0 334
fi=(302)
440 1670
0 668
fi=(195)
1054 668
fi=(345)
89 334
fi=(282)
-62 668
-27 252
39 504
+1 3324
+4 1586
-5 3172
-39 352
fi=(302)
441 528
0 82
fi=(282)
31 164
cfn=(1348)
calls=82 +20 
* 6816
-31 82
fi=(302)
441 196
0 76
441 152
0 76
459 228
+1 532
-1 150
+1 350
fi=(345)
89 126
fi=(304)
+68 378
cob=(2)
cfi=(303)
cfn=(1080)
calls=126 -84 
* 1260
0 126
157 126
fi=(302)
463 126
fi=(305)
666 126
fi=(363)
211 126
fi=(305)
667 252
fi=(302)
470 208
fi=(305)
644 208
+4 208
0 624
646 208
+24 416
0 334
fi=(306)
1764 1336
+7 3006
0 334
1570 334
1802 660
-18 660
0 660
1804 330
fi=(195)
2621 330
fi=(364)
423 330
fi=(306)
1784 330
+34 8
0 8
1818 8
fi=(195)
3178 4
fi=(354)
459 4
fi=(306)
1830 4
fi=(195)
2621 4
0 8
fi=(364)
423 4
fi=(306)
1784 4
0 1336
fi=(292)
1162 1336
0 334
fe=(368)
108 2672
fi=(292)
0 208
fe=(368)
108 1664

fl=(445) /home/runner/.cargo/registry/src/index.crates.io-1949cf8c6b5b557f/criterion-0.5.1/src/report.rs
fn=(2690) <criterion::report::BenchmarkId>::new
112 52
+6 20
fi=(446) /rustc/8bab26f4f68e0e26f0bb7960be334d5b520ea452/library/core/src/hint.rs
0 12
fe=(445)
125 4
cfi=(338)
cfn=(2556) <alloc::string::String as core::clone::Clone>::clone
calls=4 2364 
* 407
0 4
fi=(289)
3054 4
fi=(362)
378 8
fi=(259)
1077 12
0 4
fi=(362)
382 8
fi=(289)
1822 8
+5 8
fi=(304)
21 8
fi=(285)
614 4
fi=(304)
157 12
cob=(2)
cfi=(303)
cfn=(1080)
calls=4 -84 
* 76
* 4
fe=(445)
-30 4
+4 20
fi=(265)
0 4
fe=(445)
122 8
cfi=(338)
cfn=(2556)
calls=4 2364 
* 407
* 4
fi=(285)
614 4
fi=(289)
1864 8
fe=(445)
148 4
cfn=(2704) criterion::report::make_filename_safe
calls=4 -65 
* 1646
+4 16
+1 16
+1 16
+2 16
+2 20
-7 28
+9 36

fn=(2766) <criterion::report::BenchmarkId>::ensure_title_unique
215 28
fi=(351)
1386 8
fe=(445)
216 9
fi=(351)
1389 3
0 9
241 9
cfi=(352)
cfn=(2948) <std::hash::random::RandomState as core::hash::BuildHasher>::hash_one::<&str>
calls=3 694 
* 532
fi=(360)
47 9
fi=(355)
2452 18
0 6
fi=(256)
551 3
fi=(358)
1615 9
fi=(372)
40 6
fi=(358)
1615 6
fi=(354)
436 6
fe=(445)
229 32

fn=(2770) <criterion::report::Reports as criterion::report::Report>::test_start
318 8
0 12
484 16
0 4
484 4
cfi=(339)
cfn=(2772) std::io::stdio::_print
calls=4 1275 
* 3281
318 4
+13 4

fn=(2872) <criterion::report::Reports as criterion::report::Report>::test_pass
318 8
487 12
cfi=(339)
cfn=(2772)
calls=4 1275 
* 1240

fn=(2704)
83 32
fi=(338)
494 12
fi=(200)
1714 8
0 4
fi=(336)
180 4
0 36
fi=(200)
1714 41
fi=(336)
180 41
0 82
fi=(301)
37 41
+1 82
-38 41
38 41
fi=(305)
189 123
fi=(336)
332 123
0 41
332 123
fi=(289)
0 4
fi=(336)
180 4
0 4
fi=(307)
729 8
fi=(285)
619 4
fi=(195)
2621 4
fi=(285)
767 4
-94 4
fi=(400)
335 4
fi=(262)
961 4
fi=(256)
551 8
cob=(2)
cfi=(237)
cfn=(800)
calls=4 255 
* 54
fi=(400)
336 4
fi=(362)
+42 8
fi=(259)
1077 16
0 4
fi=(362)
382 8
fi=(289)
1822 8
0 4
fe=(445)
108 12
+1 32
0 4
fi=(285)
675 20
cfn=(1660)
calls=4 -14 
* 525
* 4
fi=(400)
336 4
fi=(289)
3054 4
2934 8
fe=(445)

fn=(2726) <criterion::report::BenchmarkId>::ensure_directory_name_unique
199 28
fi=(351)
1386 8
fe=(445)
200 9
fi=(351)
1389 3
0 9
241 9
cfi=(352)
cfn=(2948)
calls=3 694 
* 532
fi=(360)
47 9
fi=(355)
2452 18
0 6
fi=(256)
551 3
fi=(358)
1615 9
fi=(372)
40 6
fi=(358)
1615 6
fi=(354)
436 6
fe=(445)
213 32

fn=(2902) <criterion::report::Reports as criterion::report::Report>::group_separator
317 8
+1 8
730 12
cfi=(339)
cfn=(2772)
calls=4 1275 
* 1240
321 8
+10 8

fl=(206) /rustc/8bab26f4f68e0e26f0bb7960be334d5b520ea452/library/std/src/sys/pal/unix/conf.rs
fn=(1060) std::sys::pal::unix::conf::glibc_version
72 9
+6 1
cob=(2)
cfi=(298) ./csu/./csu/version.c
cfn=(1062) gnu_get_libc_version
calls=1 -16 
* 3
* 1
fi=(299) /rustc/8bab26f4f68e0e26f0bb7960be334d5b520ea452/library/core/src/ffi/c_str.rs
767 2
cob=(2)
cfi=(241)
cfn=(814)
calls=1 52 
* 14
265 2
fe=(206)
79 2
cfi=(299)
cfn=(1066) <core::ffi::c_str::CStr>::to_str
calls=1 560 
* 67
* 4
fi=(493)
-66 12
fi=(305)
663 2
cfi=(302)
cfn=(1074)
calls=1 434 
* 93
* 2
+2 2
+1 1
fi=(363)
211 1
fi=(307)
863 1
fi=(305)
667 2
fi=(306)
1764 4
+7 2
fi=(354)
459 1
fi=(306)
1771 3
fi=(292)
764 2
fi=(305)
658 2
0 1
fe=(206)
84 8
fi=(305)
662 2
+1 2
cfi=(302)
cfn=(1074)
calls=1 434 
* 67
* 2
fi=(306)
1764 2
+7 9
1570 1
1802 2
-18 4
0 1
1804 1
fi=(364)
408 1
+15 2
fi=(306)
1784 1
+19 1
+2 2
-3 5
fi=(305)
643 2
+5 1
0 3
646 3
fi=(307)
863 1
fi=(306)
1764 2
+7 10
1570 1
1802 2
-18 5
0 1
1804 1
fi=(364)
408 1
+15 1
fi=(306)
1784 1
+20 1
fi=(364)
408 1
+15 1
fi=(306)
1784 1
+19 2
+2 4
-3 9
fe=(206)
91 2
+1 4

fl=(299)
fn=(1066)
560 1
+66 1
cfi=(300)
cfn=(1068)
calls=1 89 
* 65

fn=(1594) <core::ffi::c_str::CStr>::from_bytes_with_nul
352 8
fi=(282)
27 8
+12 4
-39 4
40 42
+4 19
-5 38
fi=(256)
2308 4
fi=(282)
71 4
-71 10
85 2
+1 2
-67 12
+72 8
+4 2
-14 6
-41 12
-1 16
fe=(299)
-39 2
355 12
+3 12
0 4
363 8

fl=(355)
fn=(2744)
948 32
2752 4
fi=(195)
896 4
fi=(354)
459 4
0 4
fe=(355)
2755 4
183 32
2756 16
+30 4
fi=(259)
1038 8
fe=(355)
109 8
+32 24
0 4
fi=(195)
0 4
3178 8
fi=(354)
459 4
fi=(195)
0 4
896 4
fe=(355)
222 4
+1 4
fi=(195)
896 12
0 12
fi=(354)
459 8
fi=(265)
99 4
cfi=(185)
cfn=(904)
calls=4 -99 
* 4
+2 12
cfi=(185)
cfn=(906)
calls=4 0 
* 220
fi=(356) /rust/deps/hashbrown-0.17.1/src/alloc.rs
-83 8
-18 16
fi=(262)
961 4
fi=(256)
713 16
cob=(2)
cfi=(250)
cfn=(858)
calls=4 158 
* 44
fe=(355)
1604 4
183 28
2898 32
-59 4
3992 8
0 2
2624 2
fi=(358)
1320 2
fi=(497) /rust/deps/hashbrown-0.17.1/src/control/group/sse2.rs
115 10
0 2
fi=(372)
40 12
fi=(359)
644 6
fe=(355)
3944 6
fi=(262)
1072 30
0 6
fi=(351)
241 6
cfi=(352)
cfn=(2736)
calls=6 694 
* 1072
fe=(355)
0 18
fi=(256)
551 6
fi=(358)
1615 6
fi=(372)
40 12
fi=(359)
644 6
fe=(355)
1754 12
fi=(360)
17 6
fi=(354)
459 6
fe=(355)
0 18
fi=(360)
47 6
fi=(195)
2621 6
fe=(355)
-32 6
+4 6
+1 6
0 6
2439 6
-41 12
fi=(262)
1072 12
fe=(355)
2398 12
fi=(262)
1072 12
fi=(256)
551 36
0 6
fe=(355)
3992 14
0 4
975 32
0 2
2945 6
fi=(256)
1450 4
fe=(355)
2945 2
fi=(256)
1452 2
-2 2
+2 6
fe=(355)
2705 4
2945 2
fi=(256)
1452 2
-2 2
+2 6
fe=(355)
2705 4
fi=(195)
3178 2
896 2
fe=(355)
222 2
+1 2
fi=(265)
-3 4
fi=(262)
1072 2
fi=(265)
128 4
cfi=(185)
cfn=(1200)
calls=2 0 
* 174
0 2
fe=(355)

fn=(1522)
948 40
2752 4
fi=(195)
896 4
fi=(354)
459 4
fe=(355)
2755 4
183 32
2756 16
+30 4
fi=(259)
1038 8
fe=(355)
109 8
0 8
109 4
+32 24
fi=(354)
459 4
fi=(195)
3178 8
fe=(355)
223 4
fi=(195)
896 12
0 12
fi=(354)
459 8
fe=(355)
0 4
fi=(265)
99 4
cfi=(185)
cfn=(904)
calls=4 -99 
* 4
+2 12
cfi=(185)
cfn=(906)
calls=4 0 
* 511
fi=(356)
-83 8
fe=(355)
-18 4
fi=(262)
961 4
fe=(355)
1604 4
183 32
fi=(256)
713 16
cob=(2)
cfi=(250)
cfn=(858)
calls=4 158 
* 44
0 4
fe=(355)
3992 8
0 4
2624 2
fi=(358)
1320 2
fi=(497)
115 10
0 2
fi=(372)
40 12
fi=(359)
644 6
fe=(355)
3944 6
fi=(262)
1072 30
0 6
fi=(351)
241 6
cfi=(352)
cfn=(1310)
calls=6 694 
* 1120
fe=(355)
0 18
fi=(256)
551 6
fi=(358)
1615 6
fi=(372)
40 12
fi=(359)
644 6
fe=(355)
1754 12
fi=(360)
17 6
-17 6
fi=(354)
459 6
fe=(355)
0 18
fi=(360)
47 6
fi=(195)
2621 6
fe=(355)
-32 6
+4 6
+1 6
2398 24
fi=(256)
551 48
0 6
fe=(355)
3992 14
fi=(358)
1320 1
1615 1
fi=(372)
40 1
-40 1
fe=(355)
0 2
975 32
0 6
3992 2
0 2
fi=(256)
1450 4
fe=(355)
2945 2
fi=(256)
1452 8
0 2
fe=(355)
2705 4
2945 2
fi=(256)
1452 8
0 2
fe=(355)
2705 4
fi=(195)
3178 4
896 2
fe=(355)
222 2
+1 2
fi=(265)
-3 2
0 2
fi=(262)
1072 2
fi=(265)
128 4
cfi=(185)
cfn=(1200)
calls=2 0 
* 174
0 2
fe=(355)

fn=(1320)
948 20
2752 2
fi=(195)
896 2
fi=(354)
459 2
fe=(355)
2755 2
183 16
2756 8
+30 2
fi=(259)
1038 4
fe=(355)
109 4
0 4
109 2
+32 12
fi=(354)
459 2
fi=(195)
3178 4
fe=(355)
223 2
fi=(195)
896 6
0 6
fi=(354)
459 4
fe=(355)
0 2
fi=(265)
99 2
cfi=(185)
cfn=(904)
calls=2 -99 
* 2
+2 6
cfi=(185)
cfn=(906)
calls=2 0 
* 110
fi=(356)
-83 4
fe=(355)
-18 2
fi=(262)
961 2
fe=(355)
1604 2
183 16
fi=(256)
713 8
cob=(2)
cfi=(250)
cfn=(858)
calls=2 158 
* 22
0 2
fe=(355)
3992 4
975 16
0 2
fi=(256)
1450 4
fe=(355)
2945 2
fi=(256)
1452 8
0 2
fe=(355)
2705 4

fn=(3186) <hashbrown::raw::RawTable<(&str, tinytemplate::template::Template)> as core::ops::drop::Drop>::drop
3486 14
2656 2
2271 4
0 4
2212 6
0 2
2439 2
fi=(358)
1320 2
fi=(307)
863 2
fe=(355)
3591 8
0 40
3853 16
fi=(372)
40 24
fi=(359)
644 8
fi=(262)
1072 24
0 8
fi=(289)
4285 8
fi=(256)
825 16
0 24
825 5634
0 144
fi=(285)
424 144
0 144
634 144
0 34
424 34
0 34
634 34
0 30
424 30
0 30
634 30
424 208
fi=(195)
1359 416
fi=(265)
128 416
cfi=(185)
cfn=(1200)
calls=208 0 
* 22439
0 216
fi=(285)
424 8
0 8
634 8
424 8
fi=(195)
1359 16
fi=(265)
128 16
cfi=(185)
cfn=(1200)
calls=8 0 
* 1194
0 10
fi=(195)
3178 6
fi=(265)
220 2
0 2
220 2
fe=(355)
3150 2
fi=(262)
1072 4
fi=(265)
128 18
cfi=(185)
cfn=(1200)
calls=2 0 
* 174
fe=(355)

fn=(3198) <hashbrown::raw::RawTable<(&str, alloc::boxed::Box<dyn for<'a, 'b> core::ops::function::Fn<(&'a serde_json::value::Value, &'b mut alloc::string::String), Output = core::result::Result<(), tinytemplate::error::Error>>>)> as core::ops::drop::Drop>::drop
3486 14
2656 2
2271 4
0 4
2212 6
0 2
2439 2
fi=(358)
1320 2
fi=(307)
863 2
fe=(355)
3591 6
0 8
3853 2
fi=(372)
40 4
fi=(359)
644 2
fi=(262)
1072 6
fi=(256)
820 4
+5 6
fi=(196)
458 2
fi=(269)
1955 4
fi=(265)
0 2
fi=(195)
3178 6
fi=(265)
220 2
0 2
220 2
fe=(355)
3150 2
fi=(262)
1072 4
fi=(265)
128 18
cfi=(185)
cfn=(1200)
calls=2 0 
* 174
fe=(355)

fl=(406)
fn=(1966) <clap_builder::mkeymap::MKeyMap>::_build
137 14
+2 2
fi=(289)
3054 2
fi=(285)
619 2
0 2
fi=(289)
1471 2
fi=(195)
2621 2
fi=(285)
767 2
-94 2
fi=(336)
0 16
fi=(285)
614 2
fi=(262)
961 4
fi=(256)
1933 6
fi=(289)
1046 4
0 6
fi=(200)
1714 2
fi=(336)
180 2
fi=(289)
0 174
fi=(200)
1714 58
fi=(336)
180 58
fe=(406)
-14 120
0 60
166 62
0 2
fi=(289)
1037 2
+3 4
fe=(406)
170 174
0 12
fi=(289)
1037 12
+3 24
0 12
fi=(285)
614 12
fi=(262)
961 24
fi=(256)
1933 36
fi=(289)
1046 24
fi=(292)
2274 12
fe=(406)
174 24
fi=(292)
2274 46
fe=(406)
174 92
fi=(292)
2274 58
0 58
fi=(289)
1037 58
+3 116
0 2
1041 4
cfi=(285)
cfn=(1978)
calls=2 186 
* 640
* 4
0 2
fi=(285)
614 2
fi=(262)
961 4
fi=(256)
1933 8
fi=(289)
1046 4
1864 2
fi=(200)
1714 2
fi=(336)
180 2
fi=(289)
0 56
fi=(285)
614 56
fi=(262)
961 112
fi=(256)
1933 224
fi=(289)
1046 112
1864 56
fi=(200)
1714 56
fi=(336)
180 56
fi=(289)
0 58
1864 58
fi=(200)
1714 58
fi=(336)
180 58
0 10
fi=(289)
1037 2
fi=(336)
180 8
0 2
fi=(285)
614 2
fi=(256)
1933 8
fi=(289)
1046 4
fi=(200)
1714 6
fi=(336)
180 2
fi=(407)
12 4
fi=(289)
1040 4
fi=(285)
675 10
cfn=(1660)
calls=2 -14 
* 762
0 2
fi=(289)
1864 2
fi=(200)
1714 2
fi=(336)
180 2
fe=(406)
-37 16

fl=(426)
fn=(2340)
24 18
+2 2
fi=(417)
142 12
fi=(285)
614 2
fi=(289)
1864 2
fi=(262)
961 6
fi=(285)
614 2
fi=(289)
1864 2
fi=(262)
961 4
0 2
fi=(429)
28 14
fi=(368)
+41 6
fe=(426)
444 6
cfi=(417)
cfn=(2342) <clap_builder::util::flat_map::FlatMap<clap_builder::util::id::Id, alloc::vec::Vec<clap_builder::util::id::Id>>>::extend_unchecked::<core::iter::adapters::map::Map<core::iter::adapters::filter::Filter<clap_builder::util::flat_map::Iter<clap_builder::util::id::Id, clap_builder::parser::matches::matched_arg::MatchedArg>, <clap_builder::parser::validator::Conflicts>::with_args::{closure#0}>, <clap_builder::parser::validator::Conflicts>::with_args::{closure#1}>>
calls=2 36 
* 2826
+9 14
27 2
-27 2
fi=(292)
742 4
fi=(200)
1714 10
fi=(336)
180 2
0 40
fi=(427)
55 30
fi=(366)
-55 60
fi=(200)
1714 30
fi=(336)
180 30
fi=(427)
55 4
fi=(366)
-55 8
fi=(200)
1714 4
fi=(336)
180 4
fi=(200)
1714 34
fi=(336)
180 34
fi=(292)
1161 68
fi=(289)
1864 4
fi=(200)
1714 4
fi=(336)
180 4
0 32
fi=(200)
1714 188
fi=(336)
180 94
fi=(304)
21 196
fi=(407)
285 14
fi=(304)
157 42
cob=(2)
cfi=(303)
cfn=(1080)
calls=14 -84 
* 296
* 14
fi=(336)
349 14
0 28
fe=(426)
95 4
-95 66
fi=(200)
1714 90
fi=(336)
180 30
fi=(200)
1714 34
fi=(336)
180 34
0 68
fi=(200)
656 34
0 34
fi=(292)
1161 68
0 4
fi=(289)
1864 4
fi=(200)
1714 4
fi=(336)
180 4
0 32
fi=(200)
1714 188
fi=(336)
180 94
fi=(304)
21 196
fi=(407)
285 14
fi=(304)
157 42
cob=(2)
cfi=(303)
cfn=(1080)
calls=14 -84 
* 296
* 14
fi=(336)
349 14
0 4
fe=(426)
77 20
cfn=(2394) <clap_builder::parser::validator::Conflicts>::gather_conflicts
calls=4 456 
* 698
fi=(285)
614 4
fi=(289)
1864 4
fe=(426)
130 12
fi=(285)
424 4
634 8
fi=(265)
0 8
fi=(200)
1714 8
fi=(336)
180 4
fe=(426)
55 4
fi=(380)
3890 14
fi=(292)
742 2
fe=(426)
55 2
-55 2
fi=(420)
587 2
0 2
fe=(426)
29 2
fi=(397)
-10 2
fe=(426)
+10 4
fi=(285)
614 2
fi=(289)
1864 2
fi=(262)
961 4
0 2
fi=(285)
614 2
fi=(262)
961 10
0 36
fi=(200)
1714 36
fi=(336)
180 36
fi=(200)
1714 34
fi=(336)
180 34
fe=(426)
0 34
fi=(200)
656 68
0 34
fi=(292)
1161 68
0 4
fe=(426)
202 4
0 4
fi=(289)
1864 4
fi=(200)
1714 4
fi=(336)
180 4
0 20
180 4
0 4
fi=(200)
1714 188
fi=(336)
180 94
fi=(304)
21 196
fi=(407)
285 14
fi=(304)
157 42
cob=(2)
cfi=(303)
cfn=(1080)
calls=14 -84 
* 296
* 14
fi=(336)
349 14
fe=(426)
208 20
cfi=(380)
cfn=(2412) <clap_builder::builder::command::Command>::unroll_arg_requires::<<clap_builder::parser::validator::Validator>::gather_requires::{closure#1}>
calls=4 5080 
* 3076
fi=(428)
82 20
fi=(200)
1714 8
fi=(396)
262 4
fi=(285)
0 4
634 12
fi=(289)
464 6
0 2
1864 2
0 4
fi=(200)
1714 2
fi=(336)
180 2
fe=(426)
0 18
230 8
0 170
fi=(200)
1714 136
fi=(336)
180 34
fi=(292)
1161 68
0 4
fi=(289)
1864 4
fi=(200)
1714 4
fi=(336)
180 4
0 32
fi=(200)
1714 188
fi=(336)
180 94
fi=(304)
21 196
fi=(407)
285 14
fi=(304)
157 42
cob=(2)
cfi=(303)
cfn=(1080)
calls=14 -84 
* 296
* 14
fi=(336)
349 14
fi=(292)
1162 4
fi=(366)
2494 4
0 2
fe=(426)
240 4
fi=(262)
961 2
0 2
961 6
0 2
fi=(366)
2493 2
0 2
fi=(200)
1714 4
fi=(336)
180 2
fe=(426)
+94 2
+2 2
fi=(262)
961 6
fi=(336)
348 2
0 4
fi=(200)
1714 4
fi=(336)
180 2
348 56
0 112
fi=(200)
1714 112
fi=(336)
180 56
fi=(200)
1714 8
fi=(336)
180 4
fe=(426)
+97 60
0 60
277 180
cfi=(409)
cfn=(2434)
calls=60 129 
* 9400
fi=(336)
+72 120
fi=(289)
1864 56
fi=(200)
1714 56
fi=(336)
180 56
0 112
fi=(285)
614 56
fi=(289)
1864 56
fi=(336)
314 112
0 56
fi=(200)
1714 56
fi=(336)
180 56
fe=(426)
294 168
0 56
fi=(289)
3054 56
fe=(426)
0 56
302 112
0 56
302 56
+10 280
+9 4
fi=(380)
3890 10
fe=(426)
321 4
+3 2
fi=(200)
1714 2
fi=(336)
180 2
fe=(426)
0 4
fi=(292)
742 10
fi=(200)
-86 116
fi=(292)
+86 120
0 2
fe=(426)
325 6
cfi=(409)
cfn=(2434)
calls=2 129 
* 410
fi=(429)
86 4
fe=(426)
327 4
0 2
327 4
fi=(200)
1714 60
fi=(336)
180 60
fi=(289)
3054 2
fe=(426)
337 4
0 74
fi=(200)
1714 34
fi=(336)
180 34
fi=(200)
1714 34
fi=(336)
180 34
fi=(292)
1161 68
0 4
fi=(289)
1864 4
fi=(200)
1714 4
fi=(336)
180 4
0 118
fi=(200)
1714 94
fi=(336)
180 94
fi=(304)
21 196
fi=(407)
285 14
fi=(304)
157 42
cob=(2)
cfi=(303)
cfn=(1080)
calls=14 -84 
* 296
* 14
fi=(336)
349 14
fe=(426)
108 4
fi=(292)
1586 4
fi=(285)
424 2
634 4
fe=(426)
39 4
fi=(285)
424 2
634 4
424 2
fi=(195)
1359 2
fi=(265)
128 4
cfi=(185)
cfn=(1200)
calls=2 0 
* 174
fi=(285)
614 2
fi=(289)
4285 2
fi=(256)
825 4
fi=(285)
634 6
fi=(256)
825 12
fi=(285)
424 4
634 8
424 2
fi=(195)
1359 2
fi=(265)
128 4
cfi=(185)
cfn=(1200)
calls=2 0 
* 174
0 2
fi=(285)
424 2
634 4
fi=(195)
1359 4
fi=(265)
128 6
cfi=(185)
cfn=(1200)
calls=2 0 
* 174
fe=(426)
-68 18

fn=(2394)
456 44
fi=(289)
+8 12
fi=(285)
614 8
fi=(289)
1864 4
fi=(262)
961 8
0 8
fi=(200)
1714 4
fi=(336)
180 4
0 36
fi=(200)
1714 4
fi=(421)
82 2
fi=(200)
1714 2
fi=(336)
180 2
0 6
fi=(304)
21 12
-21 4
fi=(259)
2123 4
0 4
fi=(304)
157 8
cob=(2)
cfi=(303)
cfn=(1080)
calls=4 -84 
* 76
* 4
fi=(417)
-60 4
fi=(289)
1864 4
fi=(345)
272 8
fi=(285)
614 4
fi=(292)
1161 12
fi=(200)
1714 4
fi=(336)
180 4
0 44
fi=(289)
0 40
fi=(200)
1714 8
fi=(336)
180 8
fi=(200)
1714 8
fi=(336)
180 8
0 16
fi=(407)
285 8
fi=(304)
21 16
-21 4
fi=(407)
285 4
0 4
fi=(304)
157 8
cob=(2)
cfi=(303)
cfn=(1080)
calls=4 -84 
* 76
* 4
fe=(426)
469 4
0 4
fi=(336)
180 4
0 8
fi=(200)
1714 8
fi=(336)
180 4
fi=(304)
21 8
fi=(289)
-21 4
1864 4
fi=(200)
1714 4
fi=(336)
180 4
0 10
fi=(200)
1714 8
fi=(336)
180 4
fi=(304)
21 8
fe=(426)
482 20
+1 40

fn=(2352) clap_builder::parser::validator::gather_direct_conflicts
490 40
fi=(289)
1864 4
fi=(200)
1714 4
fi=(336)
180 4
0 36
fi=(200)
1714 188
fi=(336)
180 94
fi=(304)
21 196
fi=(407)
285 14
fi=(304)
157 42
cob=(2)
cfi=(303)
cfn=(1080)
calls=14 -84 
* 296
* 14
fi=(336)
349 14
fi=(289)
1864 4
fi=(195)
3178 20
0 12
fi=(354)
459 8
fe=(426)
+42 32
fi=(285)
-41 12
fi=(289)
3808 2
fi=(285)
0 2
cfi=(185)
cfn=(904)
calls=2 0 
0 2
0 2
fi=(265)
101 6
cfi=(185)
cfn=(906)
calls=2 0 
* 382
fi=(285)
469 4
0 2
fi=(403)
37 4
-37 6
fi=(200)
1714 2
fi=(336)
180 2
fi=(200)
1714 2
fi=(336)
180 2
fi=(287)
432 4
fi=(200)
656 4
fi=(436) /rustc/8bab26f4f68e0e26f0bb7960be334d5b520ea452/library/core/src/mem/maybe_uninit.rs
-82 4
fi=(403)
37 12
-37 6
fi=(285)
460 2
fi=(287)
-20 12
0 4
fi=(289)
1864 4
fi=(200)
1714 4
fi=(336)
180 4
0 4
fi=(285)
614 4
fi=(289)
1864 4
fi=(285)
619 4
fi=(195)
2621 4
fi=(285)
767 4
-94 4
fi=(200)
1714 4
fi=(336)
25 4
-25 12
fi=(386)
31 4
fe=(426)
520 16

fl=(347) /home/runner/.cargo/registry/src/index.crates.io-1949cf8c6b5b557f/tinytemplate-1.2.1/src/lib.rs
fn=(1292) <tinytemplate::TinyTemplate>::new
177 10
fi=(378) /rustc/8bab26f4f68e0e26f0bb7960be334d5b520ea452/library/std/src/sys/thread_local/native/mod.rs
-72 4
fi=(498) /rustc/8bab26f4f68e0e26f0bb7960be334d5b520ea452/library/std/src/sys/thread_local/native/lazy.rs
-46 4
fi=(343)
555 2
fi=(195)
2584 2
fi=(196)
931 1
fe=(347)
178 14
fi=(499) /rustc/8bab26f4f68e0e26f0bb7960be334d5b520ea452/library/std/src/collections/hash/map.rs
1334 5
cfi=(351)
cfn=(1308)
calls=1 1806 
* 448
fi=(195)
2584 2
fi=(196)
931 1
fe=(347)
178 14
fi=(499)
1334 5
cfi=(351)
cfn=(1308)
calls=1 1806 
* 448
fe=(347)
207 2
fi=(256)
825 4
fe=(347)
184 28
+1 12
0 1
fi=(350) /rustc/8bab26f4f68e0e26f0bb7960be334d5b520ea452/library/std/src/hash/random.rs
68 1
cfi=(348)
cfn=(1294)
calls=1 +96 
* 71
* 2
fi=(196)
931 4
fe=(347)

fn=(1340) <tinytemplate::TinyTemplate>::add_template
188 104
fi=(361)
42 104
fi=(370) /home/runner/.cargo/registry/src/index.crates.io-1949cf8c6b5b557f/tinytemplate-1.2.1/src/template.rs
+82 8
cfi=(361)
cfn=(1342)
calls=8 -72 
* 584567
fi=(268)
2173 8
0 32
2173 16
fi=(370)
124 16
fe=(347)
+65 40
0 16
fi=(499)
1334 32
cfi=(351)
cfn=(1516)
calls=8 1806 
* 4849
fi=(256)
825 24
fe=(347)
191 8
+1 72

fl=(352)
fn=(1310)
694 32
+5 16
fi=(353) /rustc/8bab26f4f68e0e26f0bb7960be334d5b520ea452/library/core/src/hash/sip.rs
203 32
+1 32
fi=(350)
84 96
fe=(352)
943 32
0 16
fi=(353)
306 48
cfn=(1312) <core::hash::sip::Hasher<core::hash::sip::Sip13Rounds> as core::hash::Hasher>::write
calls=16 -50 
* 960
fe=(352)
+57 80
cfi=(353)
cfn=(1312)
calls=16 256 
* 552
fi=(353)
-49 48
-2 16
0 16
316 16
0 16
fi=(195)
2584 16
0 16
fi=(354)
2032 16
fi=(195)
2584 16
fi=(353)
78 16
fi=(354)
2032 16
fi=(353)
79 16
fi=(354)
2032 16
fi=(195)
2584 32
fi=(354)
2032 16
fi=(353)
79 16
fi=(354)
2032 32
fi=(353)
78 16
318 16
+2 16
fi=(195)
2584 32
fi=(354)
2032 16
fi=(353)
78 16
fi=(354)
2032 32
fi=(353)
79 16
fi=(195)
2584 16
fi=(354)
2032 16
fi=(195)
2584 16
fi=(353)
79 16
fi=(354)
2032 16
fi=(353)
78 16
fi=(354)
2032 16
fi=(195)
2584 32
fi=(354)
2032 16
fi=(353)
78 16
fi=(354)
2032 32
fi=(353)
79 16
fi=(195)
2584 16
fi=(354)
2032 16
fi=(195)
2584 16
fi=(353)
79 16
fi=(354)
2032 16
fi=(353)
78 16
fi=(354)
2032 16
fi=(195)
2584 32
fi=(354)
2032 16
fi=(353)
78 16
fi=(354)
2032 16
fi=(353)
79 16
fi=(195)
2584 16
fi=(354)
2032 64
fi=(353)
323 48
fe=(352)
702 48

fn=(2736)
694 28
+5 14
fi=(353)
203 28
+1 28
fi=(350)
84 84
fe=(352)
943 28
0 14
fi=(353)
306 42
cfn=(1312)
calls=14 -50 
* 732
fe=(352)
+57 70
cfi=(353)
cfn=(1312)
calls=14 256 
* 490
fi=(353)
-49 42
-2 14
0 14
316 14
0 14
fi=(195)
2584 14
0 14
fi=(354)
2032 14
fi=(195)
2584 14
fi=(353)
78 14
fi=(354)
2032 14
fi=(353)
79 14
fi=(354)
2032 14
fi=(195)
2584 28
fi=(354)
2032 14
fi=(353)
79 14
fi=(354)
2032 28
fi=(353)
78 14
318 14
+2 14
fi=(195)
2584 28
fi=(354)
2032 14
fi=(353)
78 14
fi=(354)
2032 28
fi=(353)
79 14
fi=(195)
2584 14
fi=(354)
2032 14
fi=(195)
2584 14
fi=(353)
79 14
fi=(354)
2032 14
fi=(353)
78 14
fi=(354)
2032 14
fi=(195)
2584 28
fi=(354)
2032 14
fi=(353)
78 14
fi=(354)
2032 28
fi=(353)
79 14
fi=(195)
2584 14
fi=(354)
2032 14
fi=(195)
2584 14
fi=(353)
79 14
fi=(354)
2032 14
fi=(353)
78 14
fi=(354)
2032 14
fi=(195)
2584 28
fi=(354)
2032 14
fi=(353)
78 14
fi=(354)
2032 14
fi=(353)
79 14
fi=(195)
2584 14
fi=(354)
2032 56
fi=(353)
323 42
fe=(352)
702 42

fn=(2948)
694 12
+5 6
fi=(353)
203 12
fi=(350)
84 6
fi=(353)
204 12
fi=(350)
84 30
-84 6
fi=(353)
306 12
cfn=(1312)
calls=6 -50 
* 314
fe=(352)
+57 30
cfi=(353)
cfn=(1312)
calls=6 256 
* 210
fi=(353)
-49 18
-2 6
0 6
316 6
0 6
fi=(195)
2584 6
0 6
fi=(354)
2032 6
fi=(195)
2584 6
fi=(353)
78 6
fi=(354)
2032 6
fi=(353)
79 6
fi=(354)
2032 6
fi=(195)
2584 12
fi=(354)
2032 6
fi=(353)
79 6
fi=(354)
2032 12
fi=(353)
78 6
318 6
+2 6
fi=(195)
2584 12
fi=(354)
2032 6
fi=(353)
78 6
fi=(354)
2032 12
fi=(353)
79 6
fi=(195)
2584 6
fi=(354)
2032 6
fi=(195)
2584 6
fi=(353)
79 6
fi=(354)
2032 6
fi=(353)
78 6
fi=(354)
2032 6
fi=(195)
2584 12
fi=(354)
2032 6
fi=(353)
78 6
fi=(354)
2032 12
fi=(353)
79 6
fi=(195)
2584 6
fi=(354)
2032 6
fi=(195)
2584 6
fi=(353)
79 6
fi=(354)
2032 6
fi=(353)
78 6
fi=(354)
2032 6
fi=(195)
2584 12
fi=(354)
2032 6
fi=(353)
78 6
fi=(354)
2032 6
fi=(353)
79 6
fi=(195)
2584 6
fi=(354)
2032 24
fi=(353)
323 18
fe=(352)
702 18

fl=(380)
fn=(1830) <clap_builder::builder::command::Command>::get_matches_from::<std::env::ArgsOs, std::ffi::os_str::OsString>
759 18
fi=(368)
69 12
fi=(289)
3926 4
cfi=(395)
cfn=(1832) <alloc::vec::Vec<std::ffi::os_str::OsString> as alloc::vec::spec_from_iter::SpecFromIter<std::ffi::os_str::OsString, core::iter::adapters::map::Map<std::env::ArgsOs, <clap_lex::RawArgs as core::convert::From<std::env::ArgsOs>>::from::{closure#0}>>>::from_iter
calls=2 32 
* 935
fe=(380)
870 2
fi=(397)
19 2
fe=(380)
870 2
0 4
fi=(397)
19 4
fi=(345)
219 4
fi=(285)
614 2
fi=(345)
221 2
fi=(285)
614 2
fi=(289)
1864 2
fe=(380)
899 2
cfi=(398)
cfn=(1854)
calls=2 329 
* 692
0 2
899 4
0 2
fi=(423)
296 4
cfi=(300)
cfn=(1068)
calls=2 89 
* 240
fi=(268)
713 4
fi=(292)
-80 2
fe=(380)
901 2
0 4
fi=(354)
459 2
fi=(285)
+1 2
fe=(380)
0 4
cfi=(185)
cfn=(904)
calls=2 0 
0 2
fi=(265)
101 6
cfi=(185)
cfn=(906)
calls=2 0 
* 255
fi=(285)
469 4
fi=(400)
251 2
fi=(256)
551 8
cob=(2)
cfi=(237)
cfn=(800)
calls=2 255 
* 22
0 2
fi=(195)
0 4
fe=(380)
909 6
cfn=(1882) <clap_builder::builder::command::Command>::_do_parse
calls=2 4344 
* 181309
fi=(289)
4285 2
fi=(256)
825 4
fi=(289)
4285 2
fi=(285)
634 2
0 4
fi=(256)
825 18
fi=(285)
424 6
0 6
634 6
424 6
fi=(265)
128 12
cfi=(185)
cfn=(1200)
calls=6 0 
* 522
0 6
fi=(285)
424 2
0 2
634 2
424 2
fi=(195)
1359 4
fi=(265)
128 4
cfi=(185)
cfn=(1200)
calls=2 0 
* 174
0 2
fe=(380)
764 6
cob=(2)
cfi=(237)
cfn=(800)
calls=2 255 
* 202
fi=(268)
1620 4
+1 16
0 2
fi=(256)
825 2
cfn=(2474) core::ptr::drop_glue::<clap_builder::builder::command::Command>
calls=2 * 
* 25428
fe=(380)
-57 18
902 8

fn=(1882)
4344 22
+9 6
cfn=(1884) <clap_builder::builder::command::Command>::_build_self
calls=2 +38 
* 27952
fi=(409)
24 14
fi=(410)
+12 10
fe=(380)
4359 6
cfi=(410)
cfn=(1990)
calls=2 49 
* 152733
0 2
4359 4
0 2
fi=(289)
464 12
1864 2
fi=(200)
1714 2
fi=(336)
180 2
0 10
349 2
0 2
fi=(401)
17 2
fi=(336)
349 2
fi=(401)
17 58
fi=(336)
349 58
fi=(200)
1714 120
fi=(336)
180 62
0 2
fi=(292)
742 2
0 2
742 4
fi=(285)
614 2
fi=(417)
142 16
fi=(409)
-92 6
cfn=(2464)
calls=2 +3 
* 58
* 2
-50 2
51 2
cfi=(256)
cfn=(2468) core::ptr::drop_glue::<clap_builder::util::flat_map::FlatMap<clap_builder::util::id::Id, clap_builder::parser::matches::matched_arg::MatchedArg>>
calls=2 825 
* 58
fe=(380)
4372 8
fi=(409)
44 16
fi=(256)
825 4
fe=(380)
4372 16
fi=(285)
424 2
634 4
fe=(380)
4373 18

fn=(1884)
4391 18
fi=(397)
19 2
fe=(380)
4393 4
0 8
fi=(196)
930 2
+1 2
fe=(380)
4394 4
+5 2
fi=(397)
23 2
-23 4
fe=(380)
3890 4
fi=(292)
742 10
fe=(380)
3890 10
0 2
fi=(292)
742 2
633 10
fi=(289)
3079 2
fe=(380)
4416 2
fi=(397)
11 6
fi=(196)
930 8
+1 6
fi=(289)
1903 2
fi=(200)
1714 4
fi=(336)
180 2
fi=(289)
0 6
fi=(256)
825 2
0 2
825 4
fi=(285)
424 2
634 4
fe=(380)
4774 8
fi=(292)
742 14
fi=(289)
1864 2
fi=(200)
1714 2
fi=(336)
180 2
0 12
fi=(200)
1714 150
fi=(336)
332 50
0 60
fi=(200)
1714 60
fi=(336)
180 60
fi=(401)
17 60
fe=(380)
5157 120
fi=(292)
742 200
fe=(380)
5161 100
0 50
fi=(292)
1062 132
0 126
742 34
fi=(383)
4480 34
0 20
4480 24
fi=(385)
261 204
fi=(269)
2351 48
fi=(385)
257 24
cfn=(1952)
calls=16 653 
* 32
cfn=(1910)
calls=8 652 
* 899
fi=(292)
1161 64
0 10
fi=(385)
257 10
cfn=(1902)
calls=10 653 
* 20
fi=(292)
1161 20
fi=(395)
33 24
cfi=(369)
cfn=(1922)
calls=8 -15 
* 3414
fi=(292)
1162 24
fi=(336)
331 32
0 16
fi=(200)
1714 8
fi=(336)
180 8
331 168
0 84
fi=(200)
1714 42
fi=(336)
180 42
0 18
fi=(200)
1714 18
fi=(336)
180 18
0 18
fi=(200)
656 18
fi=(336)
332 90
fi=(256)
825 100
0 8
825 124
fi=(285)
424 18
634 136
fi=(195)
1359 16
fi=(265)
128 24
cfi=(185)
cfn=(1200)
calls=8 0 
* 696
0 8
fi=(336)
0 6
fe=(380)
4802 2
fi=(397)
19 2
fe=(380)
3890 2
fi=(397)
19 4
fe=(380)
3890 4
fi=(397)
19 4
fe=(380)
3890 4
0 2
4132 4
3890 6
fi=(289)
1903 2
fi=(200)
1714 4
fi=(289)
1903 2
fi=(200)
1714 2
fi=(336)
180 2
0 28
fi=(292)
742 120
fe=(380)
0 60
fi=(200)
1714 60
fi=(336)
180 60
0 60
fi=(289)
1864 60
fi=(200)
1714 60
fi=(336)
180 60
fi=(289)
0 60
fe=(380)
4439 120
cfi=(383)
cfn=(1954)
calls=60 4575 
* 14709
* 60
+1 120
fi=(292)
633 4
fe=(380)
4443 4
0 2
4449 2
cfi=(406)
cfn=(1966)
calls=2 137 
* 3890
fi=(285)
614 2
fi=(289)
1864 2
fi=(366)
2493 2
0 6
fi=(200)
1714 2
fi=(336)
180 2
fi=(366)
2494 2
fe=(380)
4457 4
fi=(366)
2494 2
0 2
fi=(200)
1714 2
fi=(336)
25 2
fi=(307)
729 2
fi=(336)
28 4
-28 4
28 8
fi=(195)
971 36
fi=(336)
284 108
fe=(380)
4457 36
fi=(408) /rustc/8bab26f4f68e0e26f0bb7960be334d5b520ea452/library/core/src/iter/adapters/filter_map.rs
39 36
fe=(380)
4457 36
fi=(408)
39 40
fi=(289)
1903 2
fi=(200)
1714 2
fi=(336)
180 2
0 24
fi=(401)
0 10
fi=(292)
0 2
fi=(397)
11 2
fe=(380)
4487 16

fn=(2326)
5033 20
cfi=(185)
cfn=(904)
calls=2 0 
* 2
fi=(265)
101 6
cfi=(185)
cfn=(906)
calls=2 0 
* 243
fi=(285)
469 4
fi=(425) /home/runner/.cargo/registry/src/index.crates.io-1949cf8c6b5b557f/clap_builder-4.5.53/src/util/graph.rs
24 6
fi=(285)
614 2
fi=(262)
961 8
0 6
fi=(200)
1714 2
fi=(336)
180 2
fi=(200)
1714 60
fi=(336)
180 60
fi=(200)
656 60
fi=(401)
17 120
fi=(336)
349 60
fi=(289)
1864 2
fi=(200)
1714 2
fi=(336)
180 2
fe=(380)
5047 10
+1 16

fn=(2412)
5080 44
fi=(289)
464 12
fi=(265)
99 4
cfi=(185)
cfn=(904)
calls=4 -99 
* 4
+2 12
cfi=(185)
cfn=(906)
calls=4 0 
* 208
fi=(269)
248 8
0 4
fe=(380)
5085 4
fi=(289)
1204 8
464 12
0 68
fi=(336)
180 20
fi=(289)
2844 12
+4 8
fi=(285)
614 4
fi=(256)
1733 4
fi=(285)
614 4
fi=(289)
1864 4
0 4
fi=(200)
1714 4
fi=(336)
180 4
0 4
fi=(289)
1040 8
+1 8
cfi=(285)
cfn=(2170)
calls=4 186 
* 752
fi=(285)
614 4
fi=(256)
1933 4
fi=(289)
1046 12
0 12
fi=(200)
1714 188
fi=(336)
180 94
0 98
fi=(304)
21 196
fi=(407)
285 14
fi=(304)
157 42
cob=(2)
cfi=(303)
cfn=(1080)
calls=14 -84 
* 296
* 14
fi=(336)
349 14
0 4
fi=(285)
614 4
fi=(289)
1864 4
fi=(262)
961 12
fi=(200)
1714 4
fi=(336)
180 4
0 8
180 4
fe=(380)
5096 8
+11 20
fi=(285)
424 4
634 8
424 4
fi=(195)
1359 4
fi=(265)
128 8
cfi=(185)
cfn=(1200)
calls=4 0 
* 348
fi=(285)
424 4
634 8
424 4
fi=(195)
1359 4
fi=(265)
128 8
cfi=(185)
cfn=(1200)
calls=4 0 
* 348
fe=(380)
5108 36

fn=(1678) <clap_builder::builder::command::Command>::arg_internal
177 360
fi=(292)
764 120
-22 124
fe=(380)
180 58
fi=(292)
1806 116
fi=(196)
931 116
fe=(380)
182 116
fi=(292)
1806 120
fe=(380)
187 120
fi=(196)
931 180
0 60
fe=(380)
188 180
cob=(2)
cfi=(237)
cfn=(800)
calls=60 +67 
* 5340
fi=(289)
1037 60
+3 120
fe=(380)
188 8
fi=(289)
1041 8
cfi=(285)
cfn=(1684) <alloc::raw_vec::RawVec<clap_builder::builder::arg::Arg>>::grow_one
calls=8 186 
* 3682
fi=(262)
-80 120
fi=(256)
1933 180
cob=(2)
cfi=(237)
cfn=(800)
calls=60 255 
* 5332
fi=(289)
1046 120
fe=(380)
189 300

fl=(435)
fn=(2580) <std::sync::once::Once>::call_once_force::<<std::sync::once_lock::OnceLock<std::sync::reentrant_lock::ReentrantLock<core::cell::RefCell<std::io::buffered::linewriter::LineWriter<std::io::stdio::StdoutRaw>>>>>::initialize<<std::sync::once_lock::OnceLock<std::sync::reentrant_lock::ReentrantLock<core::cell::RefCell<std::io::buffered::linewriter::LineWriter<std::io::stdio::StdoutRaw>>>>>::get_or_init<std::io::stdio::stdout::{closure#0}>::{closure#0}, !>::{closure#0}>::{closure#0}
226 5
fi=(196)
930 1
+1 1
fi=(292)
+80 2
fi=(285)
0 1
cfi=(185)
cfn=(904)
calls=1 0 
0 1
fi=(265)
101 3
cfi=(185)
cfn=(906)
calls=1 0 
* 55
fi=(285)
469 2
fi=(436)
574 7
fe=(435)
226 4

fn=(3230) <std::sync::once::Once>::call_once::<std::rt::cleanup::{closure#0}>::{closure#0}
166 5
fi=(196)
930 1
+1 1
fi=(292)
+80 2
fi=(339)
728 1
fi=(199)
3905 1
fi=(433)
156 2
fi=(339)
734 2
fi=(194) /rustc/8bab26f4f68e0e26f0bb7960be334d5b520ea452/library/std/src/thread/current.rs
34 2
fi=(343)
555 1
fi=(292)
1062 2
fi=(199)
3904 1
fi=(341) /rustc/8bab26f4f68e0e26f0bb7960be334d5b520ea452/library/std/src/sync/reentrant_lock.rs
101 1
337 1
0 1
fi=(199)
3989 2
fi=(341)
340 1
fi=(199)
3889 1
fi=(341)
0 1
fi=(500) /rustc/8bab26f4f68e0e26f0bb7960be334d5b520ea452/library/std/src/io/buffered/linewriter.rs
110 4
fi=(343)
2066 2
fi=(196)
931 1
fi=(448) /rustc/8bab26f4f68e0e26f0bb7960be334d5b520ea452/library/std/src/io/buffered/bufwriter.rs
689 2
+2 2
cfn=(2810) <std::io::buffered::bufwriter::BufWriter<std::io::stdio::StdoutRaw>>::flush_buf
calls=1 195 
* 21
* 1
fi=(256)
825 3
fi=(285)
634 2
fi=(256)
825 1
fi=(265)
128 2
cfi=(185)
cfn=(1200)
calls=1 0 
* 87
fi=(339)
740 4
fi=(196)
931 1
fi=(341)
425 1
+1 1
fi=(199)
3889 2
+33 1
fi=(271) /rustc/8bab26f4f68e0e26f0bb7960be334d5b520ea452/library/std/src/sys/sync/mutex/futex.rs
90 2
fi=(199)
3904 1
fi=(212) /rustc/8bab26f4f68e0e26f0bb7960be334d5b520ea452/library/std/src/sys/pal/unix/stack_overflow.rs
202 1
cfn=(3246) std::sys::pal::unix::stack_overflow::imp::drop_handler
calls=1 +82 
* 501
fe=(435)
-36 4

fl=(286)
fn=(1204) <std::sys::process::unix::common::cstring_array::CStringArray as core::ops::drop::Drop>::drop
80 8
fi=(289)
3054 1
fe=(286)
84 1
fi=(195)
1050 1
fi=(336)
180 1
0 6
fi=(200)
1714 4
fi=(336)
180 2
301 2
fe=(286)
86 2
cfi=(283)
cfn=(1208)
calls=2 402 
* 52
fi=(283)
706 2
fi=(269)
1955 4
fe=(286)
86 2
fi=(265)
+42 6
cfi=(185)
cfn=(1200)
calls=2 0 
* 174
* 2
fe=(286)
-41 8

fl=(464) /rustc/8bab26f4f68e0e26f0bb7960be334d5b520ea452/library/core/src/slice/sort/shared/mod.rs
fn=(3010) core::slice::sort::unstable::ipnsort::<u64, <u64 as core::cmp::PartialOrd>::lt>
25 39960
-25 19980
34 39960
-34 19980
fi=(259)
1916 19980
fe=(464)
35 19980
-35 19980
40 19980
fi=(463) /rustc/8bab26f4f68e0e26f0bb7960be334d5b520ea452/library/core/src/slice/sort/unstable/mod.rs
-40 39960
fe=(464)
40 39960
fi=(259)
1916 39960
fe=(464)
40 399899700
fi=(259)
1916 399899700
fe=(464)
42 199969830
-2 399939660
fi=(259)
1916 19980
fi=(463)
125 19980
+13 19980
fe=(464)

fl=(450) /home/runner/.cargo/registry/src/index.crates.io-1949cf8c6b5b557f/criterion-0.5.1/src/bencher.rs
fn=(2832) <criterion::bencher::Bencher>::iter::<i64, criterion::bench_sum_even::{closure#0}::{closure#0}>
80 9
+4 1
+1 1
cfi=(451)
cfn=(2834)
calls=1 -11 
* 29
* 2
+1 3
cfi=(454)
cfn=(2842)
calls=1 222 
* 30
* 2
+1 1
fi=(259)
1916 1
fi=(371)
900 1
0 5
fi=(446)
491 4
fi=(379)
10 1
cfi=(200)
cfn=(2846)
calls=1 1714 
* 237521
fe=(450)
+78 1
fi=(256)
2107 1
fi=(259)
1916 1
fi=(371)
900 1
0 3
fe=(450)
90 1
cfi=(454)
cfn=(2852)
calls=1 224 
* 97
* 3
+1 1
cfi=(456)
cfn=(2854)
calls=1 390 
* 90
* 2
+1 8

fn=(2974) <criterion::bencher::Bencher>::iter_batched::<alloc::vec::Vec<u64>, alloc::vec::Vec<u64>, criterion::bench_dedup::{closure#1}::{closure#0}, criterion::bench_dedup::{closure#1}::{closure#1}>
236 10
+5 1
+1 5
cfi=(275)
cfn=(2976) <criterion::BatchSize>::iters_per_batch
calls=1 +7 
* 14
+1 2
0 1
244 1
cfi=(451)
cfn=(2834)
calls=1 74 
* 29
* 2
+1 2
+2 2
0 1
fi=(371)
900 1
0 10
fi=(285)
0 6
fi=(259)
1916 1
fi=(371)
900 1
0 2
fi=(285)
460 1
0 1
cfi=(185)
cfn=(904)
calls=1 0 
0 1
0 1
fi=(265)
101 3
cfi=(185)
cfn=(906)
calls=1 0 
* 348
fi=(285)
469 2
0 3
fi=(289)
977 4
fi=(287)
452 1
fi=(256)
+99 4
cob=(2)
cfi=(237)
cfn=(800)
calls=1 255 
* 319984
fi=(289)
2221 1
fi=(256)
2107 3
0 1
fe=(450)
251 1
cfi=(454)
cfn=(2842)
calls=1 -29 
* 30
0 2
fi=(446)
491 5
fi=(379)
18 2
cfi=(461) /home/runner/work/broken-app/broken-app/src/algo.rs
cfn=(2986) broken_app::algo::slow_dedup
calls=1 -16 
* 3400793534
-18 2
fi=(285)
634 1
fi=(195)
1359 1
fi=(265)
128 4
cfi=(185)
cfn=(1200)
calls=1 0 
* 182
0 1
fe=(450)
253 4
cfi=(454)
cfn=(2852)
calls=1 -29 
* 97
* 3
+1 4
cfi=(454)
cfn=(3022)
calls=1 -26 
* 9
* 4
+2 4
fi=(256)
2107 3
0 1
fi=(285)
634 1
fi=(195)
1359 1
fi=(265)
128 2
cfi=(185)
cfn=(1200)
calls=1 0 
* 370
0 2
fe=(450)
278 1
cfi=(456)
cfn=(2854)
calls=1 390 
* 90
* 2
+1 8

fn=(3122) <criterion::bencher::Bencher>::iter::<alloc::string::String, criterion::bench_normalize::{closure#0}::{closure#0}>
80 9
+4 1
+1 1
cfi=(451)
cfn=(2834)
calls=1 -11 
* 29
* 2
+1 3
cfi=(454)
cfn=(2842)
calls=1 222 
* 30
* 2
-86 1
87 1
fi=(259)
1916 1
fi=(371)
900 1
0 6
fi=(259)
1916 1
fi=(371)
900 1
fi=(446)
491 4
fi=(379)
32 2
cfi=(455)
cfn=(3128) broken_app::normalize
calls=1 -14 
* 17688086
fi=(256)
2107 3
0 1
fi=(285)
634 1
fi=(265)
128 2
cfi=(185)
cfn=(1200)
calls=1 0 
* 67
0 4
fe=(450)
90 1
cfi=(454)
cfn=(2852)
calls=1 224 
* 97
* 4
+1 1
cfi=(456)
cfn=(2854)
calls=1 390 
* 90
* 2
+1 8

fn=(3068) <criterion::bencher::Bencher>::iter::<u64, criterion::bench_fib::{closure#0}::{closure#0}>
80 8
+4 1
+1 1
cfi=(451)
cfn=(2834)
calls=1 -11 
* 29
* 2
+1 3
cfi=(454)
cfn=(2842)
calls=1 222 
* 30
* 2
+1 1
fi=(259)
1916 1
fi=(371)
900 1
0 3
fi=(446)
491 2
fi=(379)
27 1
cfi=(461)
cfn=(3072) broken_app::algo::slow_fib
calls=1 -5 
* 71323594
fe=(450)
+61 1
fi=(256)
2107 1
fi=(259)
1916 1
fi=(371)
900 1
fe=(450)
90 4
cfi=(454)
cfn=(2852)
calls=1 224 
* 97
* 3
+1 1
cfi=(456)
cfn=(2854)
calls=1 390 
* 90
* 2
+1 8

fl=(456)
fn=(2854)
390 40
fi=(451)
74 16
cfi=(452) /rustc/8bab26f4f68e0e26f0bb7960be334d5b520ea452/library/std/src/sys/pal/unix/time.rs
cfn=(2836) <std::sys::pal::unix::time::Timespec>::now
calls=8 +1 
* 216
fe=(456)
391 72
fi=(451)
78 8
cfi=(452)
cfn=(2856) <std::sys::pal::unix::time::Timespec>::sub_timespec
calls=8 +34 
* 296
* 8
fi=(292)
1094 32
fe=(456)
392 32

fl=(346) /home/runner/.cargo/registry/src/index.crates.io-1949cf8c6b5b557f/criterion-0.5.1/src/html/mod.rs
fn=(1290) <criterion::html::Html>::new
276 16
+1 2
cfi=(347)
cfn=(1292)
calls=2 177 
* 1085
+2 14
cfi=(347)
cfn=(1340)
calls=2 -91 
* 20145
fi=(268)
1183 4
fe=(346)
282 14
cfi=(347)
cfn=(1340)
calls=2 -94 
* 146788
fi=(268)
1183 4
fe=(346)
285 14
cfi=(347)
cfn=(1340)
calls=2 -97 
* 320158
fi=(268)
1183 4
fe=(346)
288 14
cfi=(347)
cfn=(1340)
calls=2 188 
* 102805
fi=(268)
1183 4
fe=(346)
292 34
+1 12

fl=(395)
fn=(3064) <alloc::vec::Vec<f64> as alloc::vec::spec_from_iter::SpecFromIter<f64, core::iter::adapters::map::Map<core::slice::iter::Iter<u64>, <criterion::routine::Function<criterion::measurement::WallTime, <criterion::benchmark_group::BenchmarkGroup<criterion::measurement::WallTime>>::bench_function<criterion::benchmark_group::BenchmarkId, criterion::bench_fib::{closure#0}>::{closure#0}, ()> as criterion::routine::Routine<criterion::measurement::WallTime, ()>>::bench::{closure#0}>>>::from_iter
32 7
fi=(369)
+19 2
fi=(307)
729 2
0 2
fi=(354)
459 1
fi=(285)
+1 2
0 3
cfi=(185)
cfn=(904)
calls=1 0 
0 1
0 1
fi=(265)
101 3
cfi=(185)
cfn=(906)
calls=1 0 
* 52
fi=(285)
469 2
0 4
fi=(368)
128 3
0 1
fi=(501) /home/runner/.cargo/registry/src/index.crates.io-1949cf8c6b5b557f/criterion-0.5.1/src/routine.rs
249 2
+1 2
fi=(256)
2107 1
fi=(379)
27 2
cfi=(450)
cfn=(3068)
calls=1 +53 
* 71323888
fi=(450)
375 2
+3 1
fi=(501)
252 1
fi=(389)
632 4
fi=(454)
234 2
cfi=(457) /rustc/8bab26f4f68e0e26f0bb7960be334d5b520ea452/library/compiler-builtins/compiler-builtins/src/macros.rs
cfn=(2862) __floattidf
calls=1 478 
* 45
fi=(256)
1933 1
fi=(386)
19 1
fi=(336)
284 2
0 1
284 1
fi=(369)
61 3
fe=(395)
-27 9

fn=(3118) <alloc::vec::Vec<f64> as alloc::vec::spec_from_iter::SpecFromIter<f64, core::iter::adapters::map::Map<core::slice::iter::Iter<u64>, <criterion::routine::Function<criterion::measurement::WallTime, <criterion::benchmark_group::BenchmarkGroup<criterion::measurement::WallTime>>::bench_function<criterion::benchmark_group::BenchmarkId, criterion::bench_normalize::{closure#0}>::{closure#0}, ()> as criterion::routine::Routine<criterion::measurement::WallTime, ()>>::bench::{closure#0}>>>::from_iter
32 7
fi=(369)
+19 2
fi=(307)
729 2
0 2
fi=(354)
459 1
fi=(285)
+1 2
0 4
cfi=(185)
cfn=(904)
calls=1 0 
0 1
0 1
fi=(265)
101 3
cfi=(185)
cfn=(906)
calls=1 0 
* 227
fi=(285)
469 2
0 4
fi=(368)
128 3
0 3
fi=(501)
249 2
+1 3
fi=(256)
2107 1
fi=(501)
250 1
fi=(443)
+4 1
fi=(379)
32 2
cfi=(450)
cfn=(3122)
calls=1 +48 
* 17688462
fi=(450)
375 2
+3 1
fi=(501)
252 1
fi=(389)
632 4
fi=(454)
234 2
cfi=(457)
cfn=(2862)
calls=1 478 
* 45
fi=(256)
1933 1
fi=(386)
19 1
fi=(336)
284 2
0 1
284 1
fi=(369)
61 3
fe=(395)
-27 9

fn=(1832)
32 18
fi=(200)
1714 2
fi=(396)
28 4
fi=(200)
1714 2
fi=(396)
262 2
fi=(200)
656 2
fi=(396)
266 2
fi=(256)
1733 2
fi=(292)
1161 4
+1 2
fi=(307)
729 8
fi=(259)
1038 6
0 2
fi=(354)
459 4
fe=(395)
0 8
fi=(285)
460 4
0 4
cfi=(185)
cfn=(904)
calls=2 0 
0 2
0 2
fi=(265)
101 6
cfi=(185)
cfn=(906)
calls=2 0 
* 483
fi=(285)
469 4
fi=(369)
0 8
fi=(256)
1933 6
fi=(369)
36 6
+5 8
fi=(396)
-13 2
fi=(200)
1714 4
fi=(396)
262 2
fi=(292)
1161 8
0 6
fi=(256)
1933 12
fi=(289)
4041 4
2221 4
fi=(200)
1714 16
fi=(396)
262 4
0 4
fi=(256)
1733 4
fi=(292)
1161 8
fi=(289)
4030 8
fi=(292)
1162 8
fi=(289)
4032 8
fi=(396)
266 4
fi=(256)
825 4
fi=(307)
-96 2
fi=(256)
+96 4
fi=(396)
203 2
0 2
fi=(285)
634 2
fi=(396)
203 2
fi=(195)
1359 4
fi=(265)
128 4
cfi=(185)
cfn=(1200)
calls=2 0 
* 174
fi=(369)
-86 10
fe=(395)
-8 18

fn=(2828) <alloc::vec::Vec<f64> as alloc::vec::spec_from_iter::SpecFromIter<f64, core::iter::adapters::map::Map<core::slice::iter::Iter<u64>, <criterion::routine::Function<criterion::measurement::WallTime, <criterion::benchmark_group::BenchmarkGroup<criterion::measurement::WallTime>>::bench_function<criterion::benchmark_group::BenchmarkId, criterion::bench_sum_even::{closure#0}>::{closure#0}, ()> as criterion::routine::Routine<criterion::measurement::WallTime, ()>>::bench::{closure#0}>>>::from_iter
32 7
fi=(369)
+19 2
fi=(307)
729 2
0 2
fi=(354)
459 1
fi=(285)
+1 2
0 4
cfi=(185)
cfn=(904)
calls=1 0 
0 1
0 1
fi=(265)
101 3
cfi=(185)
cfn=(906)
calls=1 0 
* 52
fi=(285)
469 2
0 4
fi=(368)
128 3
0 3
fi=(501)
249 2
+1 3
fi=(256)
2107 1
fi=(501)
250 1
fi=(443)
+4 1
fi=(379)
10 2
cfi=(450)
cfn=(2832)
calls=1 +70 
* 237820
fi=(450)
375 2
+3 1
fi=(501)
252 1
fi=(389)
632 4
fi=(454)
234 2
cfi=(457)
cfn=(2862)
calls=1 478 
* 45
fi=(256)
1933 1
fi=(386)
19 1
fi=(336)
284 2
0 1
284 1
fi=(369)
61 3
fe=(395)
-27 9

fn=(2970) <alloc::vec::Vec<f64> as alloc::vec::spec_from_iter::SpecFromIter<f64, core::iter::adapters::map::Map<core::slice::iter::Iter<u64>, <criterion::routine::Function<criterion::measurement::WallTime, <criterion::benchmark_group::BenchmarkGroup<criterion::measurement::WallTime>>::bench_function<criterion::benchmark_group::BenchmarkId, criterion::bench_dedup::{closure#1}>::{closure#0}, ()> as criterion::routine::Routine<criterion::measurement::WallTime, ()>>::bench::{closure#0}>>>::from_iter
32 7
fi=(369)
+19 2
fi=(307)
729 2
0 2
fi=(354)
459 1
fi=(285)
+1 2
0 4
cfi=(185)
cfn=(904)
calls=1 0 
0 1
0 1
fi=(265)
101 3
cfi=(185)
cfn=(906)
calls=1 0 
* 52
fi=(285)
469 2
0 4
fi=(368)
128 3
0 3
fi=(501)
249 2
+1 3
fi=(256)
2107 1
fi=(501)
250 1
fi=(443)
+4 1
fi=(379)
16 3
cfi=(450)
cfn=(2974)
calls=1 236 
* 3401114820
fi=(450)
375 2
+3 1
fi=(501)
252 1
fi=(389)
632 4
fi=(454)
234 2
cfi=(457)
cfn=(2862)
calls=1 478 
* 45
fi=(256)
1933 1
fi=(386)
19 1
fi=(336)
284 2
0 1
284 1
fi=(369)
61 3
fe=(395)
-27 9

fl=(263) /rustc/8bab26f4f68e0e26f0bb7960be334d5b520ea452/library/std/src/sys/pal/unix/stack_overflow/thread_info.rs
fn=(892) std::sys::pal::unix::stack_overflow::thread_info::set_current_info
112 10
fi=(264)
12 2
+1 1
cob=(2)
cfi=(261) ./misc/../sysdeps/unix/syscall-template.S
cfn=(896) gettid
calls=1 +78 
* 4
* 1
-1 1
fi=(194)
194 2
fi=(343)
555 1
fi=(194)
195 4
fi=(199)
3904 5
fi=(194)
221 4
fi=(265)
-11 1
cfi=(185)
cfn=(904)
calls=1 0 
* 1
101 3
cfi=(185)
cfn=(906)
calls=1 0 
* 194
fi=(268)
2173 2
fi=(269)
0 1
fi=(256)
551 1
fi=(292)
1162 1
fi=(256)
0 1
fe=(263)
116 1
cob=(2)
cfi=(270) ./csu/./csu/errno-loc.c
cfn=(918) __errno_location
calls=1 -91 
* 4
* 2
fi=(199)
3989 2
fi=(271)
32 1
-32 1
fi=(199)
3904 2
fi=(272) /rustc/8bab26f4f68e0e26f0bb7960be334d5b520ea452/library/std/src/panicking.rs
464 3
0 1
fi=(199)
3904 2
fi=(340) /rustc/8bab26f4f68e0e26f0bb7960be334d5b520ea452/library/std/src/sync/poison.rs
123 4
0 3
fi=(199)
3989 2
fe=(263)
96 1
-96 2
fi=(337)
1506 3
fi=(265)
210 1
cfi=(185)
cfn=(904)
calls=1 0 
* 1
101 3
cfi=(185)
cfn=(906)
calls=1 0 
* 191
fi=(269)
581 2
fi=(256)
1933 1
fi=(292)
1723 2
fi=(465) /rustc/8bab26f4f68e0e26f0bb7960be334d5b520ea452/library/alloc/src/collections/btree/node.rs
671 1
fi=(436)
-97 10
fi=(467) /rustc/8bab26f4f68e0e26f0bb7960be334d5b520ea452/library/alloc/src/collections/btree/map/entry.rs
405 1
0 2
fi=(199)
3890 1
fi=(340)
123 1
fi=(256)
825 5
0 1
825 3
fe=(263)
123 8

fl=(443)
fn=(2896) <criterion::benchmark_group::BenchmarkGroup<criterion::measurement::WallTime> as core::ops::drop::Drop>::drop
370 32
+3 12
fi=(289)
3054 4
fe=(443)
383 20
+12 8
fi=(275)
-75 4
fe=(443)
+75 4
+1 12
cfi=(445)
cfn=(2902)
calls=4 -79 
* 1284
+2 32

fn=(3042)
250 9
+28 2
fi=(444) /home/runner/.cargo/registry/src/index.crates.io-1949cf8c6b5b557f/criterion-0.5.1/src/benchmark.rs
38 1
fi=(292)
1039 2
0 3
fi=(444)
40 2
fi=(292)
1039 1
fi=(444)
40 2
fi=(292)
1039 2
fi=(444)
42 1
+2 1
fi=(292)
1039 1
fi=(444)
0 2
45 1
fi=(292)
1039 2
0 3
fi=(444)
0 5
45 1
fi=(292)
1039 7
0 1
fi=(444)
36 2
+1 2
fi=(292)
1039 5
fi=(444)
37 4
-1 2
fe=(443)
254 1
0 1
fi=(444)
36 1
fe=(443)
254 1
0 1
fi=(444)
36 2
fe=(443)
254 1
fi=(444)
36 1
fe=(443)
254 1
0 1
fi=(444)
36 1
fe=(443)
254 1
0 1
fi=(444)
36 1
fi=(289)
1864 1
0 1
fi=(354)
459 1
fi=(285)
+1 1
fi=(289)
3808 1
fi=(285)
0 1
cfi=(185)
cfn=(904)
calls=1 0 
0 1
0 1
fi=(265)
101 3
cfi=(185)
cfn=(906)
calls=1 0 
* 55
fi=(285)
469 2
fi=(256)
+82 5
cob=(2)
cfi=(237)
cfn=(800)
calls=1 255 
* 11
0 2
fi=(423)
74 4
fe=(443)
281 1
-2 1
+6 3
cfi=(338)
cfn=(2556)
calls=1 2364 
* 101
+1 4
+1 4
fi=(292)
2274 6
fe=(443)
284 2
cfi=(445)
cfn=(2690)
calls=1 112 
* 645
fi=(285)
614 1
fi=(289)
1864 1
0 1
fi=(281)
2594 2
cfi=(200)
cfn=(2722)
calls=1 1714 
* 4
fe=(443)
292 2
0 1
297 3
cfi=(445)
cfn=(2726)
calls=1 -98 
* 206
+3 1
0 1
fi=(354)
459 1
0 2
fi=(285)
460 1
fe=(443)
300 1
fi=(285)
0 1
cfi=(185)
cfn=(904)
calls=1 0 
0 1
0 1
fi=(265)
101 3
cfi=(185)
cfn=(906)
calls=1 0 
* 52
fi=(285)
469 2
fi=(400)
251 1
fi=(256)
551 4
cob=(2)
cfi=(237)
cfn=(800)
calls=1 255 
* 15
0 1
fi=(338)
1023 3
fi=(447) /rust/deps/hashbrown-0.17.1/src/set.rs
+52 1
0 1
1075 3
cfi=(351)
cfn=(2734)
calls=1 1806 
* 246
0 1
fe=(443)
301 4
cfi=(445)
cfn=(2766)
calls=1 -86 
* 206
+1 1
0 1
fi=(354)
459 1
fe=(443)
302 1
fi=(285)
460 1
fe=(443)
302 1
fi=(285)
0 1
cfi=(185)
cfn=(904)
calls=1 0 
0 1
0 1
fi=(265)
101 3
cfi=(185)
cfn=(906)
calls=1 0 
* 261
fi=(285)
469 2
fi=(400)
251 1
fi=(256)
551 4
cob=(2)
cfi=(237)
cfn=(800)
calls=1 255 
* 15
0 2
fi=(338)
1023 3
fi=(447)
+52 1
0 1
1075 4
cfi=(351)
cfn=(2734)
calls=1 1806 
* 246
fe=(443)
304 4
cfi=(275)
cfn=(2768) <criterion::Criterion>::filter_matches
calls=1 1139 
* 16
+1 2
+1 1
+2 10
+29 2
+2 5
cfi=(445)
cfn=(2770)
calls=1 -21 
* 805
0 1
340 1
0 3
fi=(501)
236 1
+2 7
fi=(368)
69 13
fi=(289)
3926 1
cfi=(395)
cfn=(3064)
calls=1 32 
* 71324054
fi=(285)
424 1
0 1
634 1
424 1
fi=(195)
1359 1
fi=(265)
128 2
cfi=(185)
cfn=(1200)
calls=1 0 
* 87
0 1
fe=(443)
341 4
cfi=(445)
cfn=(2872)
calls=1 -23 
* 315
* 1
0 2
358 2
cob=(2)
cfi=(237)
cfn=(800)
calls=1 255 
* 30
fi=(289)
1037 1
+3 2
+1 2
cfi=(285)
cfn=(2886) <alloc::raw_vec::RawVec<criterion::report::BenchmarkId>>::grow_one
calls=1 186 
* 120
fi=(262)
-80 3
0 1
fi=(256)
1933 2
cob=(2)
cfi=(237)
cfn=(800)
calls=1 255 
* 30
fi=(289)
1046 2
fi=(285)
460 1
634 1
fi=(265)
128 4
cfi=(185)
cfn=(1200)
calls=1 0 
* 87
fe=(443)
256 9

fn=(2934)
250 10
+28 2
fi=(444)
38 1
fi=(292)
1039 2
0 3
fi=(444)
40 2
fi=(292)
1039 1
fi=(444)
40 2
fi=(292)
1039 2
fi=(444)
42 1
+2 1
fi=(292)
1039 1
fi=(444)
0 2
45 1
fi=(292)
1039 2
0 3
fi=(444)
0 5
45 1
fi=(292)
1039 7
0 1
fi=(444)
36 2
+1 2
fi=(292)
1039 5
fi=(444)
37 4
-1 2
fe=(443)
254 1
0 1
fi=(444)
36 1
fe=(443)
254 1
0 1
fi=(444)
36 2
fe=(443)
254 1
fi=(444)
36 1
fe=(443)
254 1
0 1
fi=(444)
36 1
fe=(443)
254 1
0 1
fi=(444)
36 1
fi=(289)
1864 1
0 1
fi=(354)
459 1
fi=(285)
+1 1
fi=(289)
3808 1
fi=(285)
0 1
cfi=(185)
cfn=(904)
calls=1 0 
0 1
0 1
fi=(265)
101 3
cfi=(185)
cfn=(906)
calls=1 0 
* 55
fi=(285)
469 2
fi=(256)
+82 5
cob=(2)
cfi=(237)
cfn=(800)
calls=1 255 
* 11
0 2
fi=(423)
74 4
fe=(443)
281 1
-2 1
+6 3
cfi=(338)
cfn=(2556)
calls=1 2364 
* 102
+1 4
+1 4
fi=(292)
2274 6
fe=(443)
284 2
cfi=(445)
cfn=(2690)
calls=1 112 
* 705
fi=(285)
614 1
fi=(289)
1864 1
0 1
fi=(281)
2594 2
cfi=(200)
cfn=(2722)
calls=1 1714 
* 4
fe=(443)
292 2
0 1
297 3
cfi=(445)
cfn=(2726)
calls=1 -98 
* 235
+3 1
0 1
fi=(354)
459 1
0 2
fi=(285)
460 1
fe=(443)
300 1
fi=(285)
0 1
cfi=(185)
cfn=(904)
calls=1 0 
0 1
0 1
fi=(265)
101 3
cfi=(185)
cfn=(906)
calls=1 0 
* 55
fi=(285)
469 2
fi=(400)
251 1
fi=(256)
551 4
cob=(2)
cfi=(237)
cfn=(800)
calls=1 255 
* 13
0 1
fi=(338)
1023 3
fi=(447)
+52 1
0 1
1075 3
cfi=(351)
cfn=(2734)
calls=1 1806 
* 275
0 1
fe=(443)
301 4
cfi=(445)
cfn=(2766)
calls=1 -86 
* 235
+1 1
0 1
fi=(354)
459 1
fe=(443)
302 1
fi=(285)
460 1
fe=(443)
302 1
fi=(285)
0 1
cfi=(185)
cfn=(904)
calls=1 0 
0 1
0 1
fi=(265)
101 3
cfi=(185)
cfn=(906)
calls=1 0 
* 192
fi=(285)
469 2
fi=(400)
251 1
fi=(256)
551 4
cob=(2)
cfi=(237)
cfn=(800)
calls=1 255 
* 13
0 2
fi=(338)
1023 3
fi=(447)
+52 1
0 1
1075 4
cfi=(351)
cfn=(2734)
calls=1 1806 
* 275
fe=(443)
304 4
cfi=(275)
cfn=(2768)
calls=1 1139 
* 16
+1 2
+1 1
+2 10
+29 2
+2 5
cfi=(445)
cfn=(2770)
calls=1 -21 
* 824
0 1
340 1
0 3
fi=(501)
236 1
+2 7
fi=(368)
69 13
fi=(289)
3926 1
cfi=(395)
cfn=(2970)
calls=1 32 
* 3401114993
fi=(285)
424 1
0 1
634 1
424 1
fi=(195)
1359 1
fi=(265)
128 2
cfi=(185)
cfn=(1200)
calls=1 0 
* 87
0 1
fe=(443)
341 4
cfi=(445)
cfn=(2872)
calls=1 -23 
* 315
* 1
0 2
358 2
cob=(2)
cfi=(237)
cfn=(800)
calls=1 255 
* 30
fi=(289)
1037 1
+3 2
+1 2
cfi=(285)
cfn=(2886)
calls=1 186 
* 120
fi=(262)
-80 3
0 1
fi=(256)
1933 2
cob=(2)
cfi=(237)
cfn=(800)
calls=1 255 
* 30
fi=(289)
1046 2
fi=(285)
460 1
634 1
fi=(265)
128 4
cfi=(185)
cfn=(1200)
calls=1 0 
* 87
fe=(443)
256 9

fn=(3090)
250 10
+28 2
fi=(444)
38 1
fi=(292)
1039 2
0 3
fi=(444)
40 2
fi=(292)
1039 1
fi=(444)
40 2
fi=(292)
1039 2
fi=(444)
42 1
+2 1
fi=(292)
1039 1
fi=(444)
0 2
45 1
fi=(292)
1039 2
0 3
fi=(444)
0 5
45 1
fi=(292)
1039 7
0 1
fi=(444)
36 2
+1 2
fi=(292)
1039 5
fi=(444)
37 4
-1 2
fe=(443)
254 1
0 1
fi=(444)
36 1
fe=(443)
254 1
0 1
fi=(444)
36 2
fe=(443)
254 1
fi=(444)
36 1
fe=(443)
254 1
0 1
fi=(444)
36 1
fe=(443)
254 1
0 1
fi=(444)
36 1
fi=(289)
1864 1
0 1
fi=(354)
459 1
fi=(285)
+1 1
fi=(289)
3808 1
fi=(285)
0 1
cfi=(185)
cfn=(904)
calls=1 0 
0 1
0 1
fi=(265)
101 3
cfi=(185)
cfn=(906)
calls=1 0 
* 55
fi=(285)
469 2
fi=(256)
+82 5
cob=(2)
cfi=(237)
cfn=(800)
calls=1 255 
* 11
0 2
fi=(423)
74 4
fe=(443)
281 1
-2 1
+6 3
cfi=(338)
cfn=(2556)
calls=1 2364 
* 102
+1 4
+1 4
fi=(292)
2274 6
fe=(443)
284 2
cfi=(445)
cfn=(2690)
calls=1 112 
* 800
fi=(285)
614 1
fi=(289)
1864 1
0 1
fi=(281)
2594 2
cfi=(200)
cfn=(2722)
calls=1 1714 
* 4
fe=(443)
292 2
0 1
297 3
cfi=(445)
cfn=(2726)
calls=1 -98 
* 235
+3 1
0 1
fi=(354)
459 1
0 2
fi=(285)
460 1
fe=(443)
300 1
fi=(285)
0 1
cfi=(185)
cfn=(904)
calls=1 0 
0 1
0 1
fi=(265)
101 3
cfi=(185)
cfn=(906)
calls=1 0 
* 55
fi=(285)
469 2
fi=(400)
251 1
fi=(256)
551 4
cob=(2)
cfi=(237)
cfn=(800)
calls=1 255 
* 13
0 1
fi=(338)
1023 3
fi=(447)
+52 1
0 1
1075 3
cfi=(351)
cfn=(2734)
calls=1 1806 
* 1248
0 1
fe=(443)
301 4
cfi=(445)
cfn=(2766)
calls=1 -86 
* 235
+1 1
0 1
fi=(354)
459 1
fe=(443)
302 1
fi=(285)
460 1
fe=(443)
302 1
fi=(285)
0 1
cfi=(185)
cfn=(904)
calls=1 0 
0 1
0 1
fi=(265)
101 3
cfi=(185)
cfn=(906)
calls=1 0 
* 194
fi=(285)
469 2
fi=(400)
251 1
fi=(256)
551 4
cob=(2)
cfi=(237)
cfn=(800)
calls=1 255 
* 13
0 2
fi=(338)
1023 3
fi=(447)
+52 1
0 1
1075 4
cfi=(351)
cfn=(2734)
calls=1 1806 
* 1248
fe=(443)
304 4
cfi=(275)
cfn=(2768)
calls=1 1139 
* 16
+1 2
+1 1
+2 10
+29 2
+2 5
cfi=(445)
cfn=(2770)
calls=1 -21 
* 859
0 1
340 1
0 3
fi=(501)
236 1
+2 7
fi=(368)
69 13
fi=(289)
3926 1
cfi=(395)
cfn=(3118)
calls=1 32 
* 17688809
fi=(285)
424 1
0 1
634 1
424 1
fi=(195)
1359 1
fi=(265)
128 2
cfi=(185)
cfn=(1200)
calls=1 0 
* 87
0 1
fe=(443)
341 4
cfi=(445)
cfn=(2872)
calls=1 -23 
* 315
* 1
0 2
358 2
cob=(2)
cfi=(237)
cfn=(800)
calls=1 255 
* 30
fi=(289)
1037 1
+3 2
+1 2
cfi=(285)
cfn=(2886)
calls=1 186 
* 120
fi=(262)
-80 3
0 1
fi=(256)
1933 2
cob=(2)
cfi=(237)
cfn=(800)
calls=1 255 
* 30
fi=(289)
1046 2
fi=(285)
460 1
634 1
fi=(265)
128 4
cfi=(185)
cfn=(1200)
calls=1 0 
* 87
fe=(443)
256 9

fn=(2676)
250 10
+28 2
fi=(444)
38 1
fi=(292)
1039 2
0 3
fi=(444)
40 2
fi=(292)
1039 1
fi=(444)
40 2
fi=(292)
1039 2
fi=(444)
42 1
+2 1
fi=(292)
1039 1
fi=(444)
0 2
45 1
fi=(292)
1039 2
0 3
fi=(444)
0 5
45 1
fi=(292)
1039 7
0 1
fi=(444)
36 2
+1 2
fi=(292)
1039 5
fi=(444)
37 4
-1 2
fe=(443)
254 1
0 1
fi=(444)
36 1
fe=(443)
254 1
0 1
fi=(444)
36 2
fe=(443)
254 1
fi=(444)
36 1
fe=(443)
254 1
0 1
fi=(444)
36 1
fe=(443)
254 1
0 1
fi=(444)
36 1
fi=(289)
1864 1
0 1
fi=(354)
459 1
fi=(285)
+1 1
fi=(289)
3808 1
fi=(285)
0 1
cfi=(185)
cfn=(904)
calls=1 0 
0 1
0 1
fi=(265)
101 3
cfi=(185)
cfn=(906)
calls=1 0 
* 55
fi=(285)
469 2
fi=(256)
+82 5
cob=(2)
cfi=(237)
cfn=(800)
calls=1 255 
* 11
0 2
fi=(423)
74 4
fe=(443)
281 1
-2 1
+6 3
cfi=(338)
cfn=(2556)
calls=1 2364 
* 102
+1 4
+1 4
fi=(292)
2274 6
fe=(443)
284 2
cfi=(445)
cfn=(2690)
calls=1 112 
* 762
fi=(285)
614 1
fi=(289)
1864 1
0 1
fi=(281)
2594 2
cfi=(200)
cfn=(2722)
calls=1 1714 
* 4
fe=(443)
292 2
0 1
297 3
cfi=(445)
cfn=(2726)
calls=1 -98 
* 17
+3 1
0 1
fi=(354)
459 1
0 2
fi=(285)
460 1
fe=(443)
300 1
fi=(285)
0 1
cfi=(185)
cfn=(904)
calls=1 0 
0 1
0 1
fi=(265)
101 3
cfi=(185)
cfn=(906)
calls=1 0 
* 55
fi=(285)
469 2
fi=(400)
251 1
fi=(256)
551 4
cob=(2)
cfi=(237)
cfn=(800)
calls=1 255 
* 13
0 1
fi=(338)
1023 3
fi=(447)
+52 1
0 1
1075 3
cfi=(351)
cfn=(2734)
calls=1 1806 
* 448
0 1
fe=(443)
301 4
cfi=(445)
cfn=(2766)
calls=1 -86 
* 17
+1 1
0 1
fi=(354)
459 1
fe=(443)
302 1
fi=(285)
460 1
fe=(443)
302 1
fi=(285)
0 1
cfi=(185)
cfn=(904)
calls=1 0 
0 1
0 1
fi=(265)
101 3
cfi=(185)
cfn=(906)
calls=1 0 
* 300
fi=(285)
469 2
fi=(400)
251 1
fi=(256)
551 4
cob=(2)
cfi=(237)
cfn=(800)
calls=1 255 
* 13
0 2
fi=(338)
1023 3
fi=(447)
+52 1
0 1
1075 4
cfi=(351)
cfn=(2734)
calls=1 1806 
* 448
fe=(443)
304 4
cfi=(275)
cfn=(2768)
calls=1 1139 
* 16
+1 2
+1 1
+2 10
+29 2
+2 5
cfi=(445)
cfn=(2770)
calls=1 -21 
* 845
0 1
340 1
0 3
fi=(501)
236 1
+2 7
fi=(368)
69 13
fi=(289)
3926 1
cfi=(395)
cfn=(2828)
calls=1 32 
* 237992
fi=(285)
424 1
0 1
634 1
424 1
fi=(195)
1359 1
fi=(265)
128 2
cfi=(185)
cfn=(1200)
calls=1 0 
* 87
0 1
fe=(443)
341 4
cfi=(445)
cfn=(2872)
calls=1 -23 
* 315
* 1
0 2
358 2
cob=(2)
cfi=(237)
cfn=(800)
calls=1 255 
* 30
fi=(289)
1037 1
+3 2
+1 2
cfi=(285)
cfn=(2886)
calls=1 186 
* 326
fi=(262)
-80 3
0 1
fi=(256)
1933 2
cob=(2)
cfi=(237)
cfn=(800)
calls=1 255 
* 30
fi=(289)
1046 2
fi=(285)
460 1
634 1
fi=(265)
128 4
cfi=(185)
cfn=(1200)
calls=1 0 
* 87
fe=(443)
256 9

fl=(275)
fn=(2668)
1179 36
fi=(354)
459 4
fi=(285)
+1 4
0 16
cfi=(185)
cfn=(904)
calls=4 0 
0 4
0 4
fi=(265)
101 12
cfi=(185)
cfn=(906)
calls=4 0 
* 217
fi=(285)
469 8
fi=(287)
0 4
fi=(256)
551 16
cob=(2)
cfi=(237)
cfn=(800)
calls=4 255 
* 54
fe=(275)
1183 8
+5 12
fi=(443)
239 60
fe=(275)
1189 32

fn=(3226)
753 6
316 1
754 1
+10 7

fn=(1654)
770 22
fi=(380)
139 102
fi=(383)
-80 26
+73 70
fi=(384)
779 2
0 2
779 4
cfi=(381)
cfn=(1658)
calls=2 176 
* 447
fi=(382)
42 6
+1 4
fe=(275)
-43 2
fi=(256)
825 6
fi=(383)
2270 6
+1 12
fi=(384)
790 2
fi=(383)
2271 6
cob=(2)
cfi=(237)
cfn=(800)
calls=2 255 
* 178
fi=(384)
790 8
fi=(380)
173 2
cfn=(1678)
calls=2 +4 
* 1147
0 4
174 4
cob=(2)
cfi=(237)
cfn=(800)
calls=2 +81 
* 202
fi=(383)
59 28
+73 4
+98 70
fi=(289)
1037 2
0 2
1040 4
fi=(383)
256 2
fi=(289)
1041 2
cfi=(285)
cfn=(1690) <alloc::raw_vec::RawVec<(clap_builder::builder::str::Str, bool)>>::grow_one
calls=2 186 
* 533
fi=(285)
614 2
fi=(262)
961 2
fi=(256)
1933 8
fi=(289)
1046 8
fi=(383)
260 6
cob=(2)
cfi=(237)
cfn=(800)
calls=2 -5 
* 178
fe=(275)
780 26
cfi=(383)
cfn=(1698)
calls=2 1048 
* 893
0 4
fi=(383)
1853 4
cob=(2)
cfi=(237)
cfn=(800)
calls=2 255 
* 178
fi=(285)
0 2
cfi=(185)
cfn=(904)
calls=2 0 
0 2
fi=(265)
101 6
cfi=(185)
cfn=(906)
calls=2 0 
* 309
fi=(285)
469 4
fi=(369)
0 2
fi=(256)
1933 4
fi=(285)
424 2
0 2
634 2
fi=(383)
1879 10
+1 4
cob=(2)
cfi=(237)
cfn=(800)
calls=2 255 
* 178
fi=(384)
779 2
0 2
779 4
cfi=(381)
cfn=(1658)
calls=2 176 
* 614
fi=(382)
42 6
+1 4
fi=(256)
825 6
fi=(383)
2270 10
+1 6
cob=(2)
cfi=(237)
cfn=(800)
calls=2 255 
* 178
* 2
fi=(380)
173 4
cfn=(1678)
calls=2 +4 
* 442
0 4
174 4
cob=(2)
cfi=(237)
cfn=(800)
calls=2 +81 
* 202
fi=(383)
59 28
+73 4
1211 72
fi=(384)
779 2
0 2
779 4
cfi=(381)
cfn=(1658)
calls=2 176 
* 447
fi=(382)
42 6
+1 4
fi=(256)
825 6
fi=(383)
2270 10
+1 6
cob=(2)
cfi=(237)
cfn=(800)
calls=2 255 
* 178
* 2
fi=(380)
173 4
cfn=(1678)
calls=2 +4 
* 442
0 4
174 4
cob=(2)
cfi=(237)
cfn=(800)
calls=2 +81 
* 202
fi=(383)
59 28
+73 4
1211 70
fi=(289)
1037 2
+3 4
fe=(275)
0 2
fi=(289)
1041 2
cfi=(285)
cfn=(1718) <alloc::raw_vec::RawVec<clap_builder::util::id::Id>>::grow_one
calls=2 186 
* 401
fi=(285)
614 2
fi=(262)
961 4
fi=(256)
1933 4
fi=(289)
1046 8
fi=(383)
4004 4
cob=(2)
cfi=(237)
cfn=(800)
calls=2 255 
* 178
fi=(384)
779 2
0 2
779 4
cfi=(381)
cfn=(1658)
calls=2 176 
* 364
fi=(382)
42 6
+1 4
fi=(256)
825 6
fi=(383)
2270 10
+1 6
cob=(2)
cfi=(237)
cfn=(800)
calls=2 255 
* 178
* 2
fi=(380)
173 4
cfn=(1678)
calls=2 +4 
* 442
0 4
174 4
cob=(2)
cfi=(237)
cfn=(800)
calls=2 +81 
* 202
fi=(383)
59 28
+73 4
1211 72
fi=(384)
779 2
0 2
779 4
cfi=(381)
cfn=(1658)
calls=2 176 
* 364
fi=(382)
42 6
+1 4
fi=(256)
825 6
fi=(383)
2270 10
+1 6
cob=(2)
cfi=(237)
cfn=(800)
calls=2 255 
* 178
* 2
fi=(380)
173 4
cfn=(1678)
calls=2 +4 
* 1536
0 4
174 4
cob=(2)
cfi=(237)
cfn=(800)
calls=2 +81 
* 202
fi=(383)
59 28
+73 4
1853 70
fi=(285)
0 2
cfi=(185)
cfn=(904)
calls=2 0 
0 2
fi=(265)
101 6
cfi=(185)
cfn=(906)
calls=2 0 
* 516
fi=(285)
469 4
fi=(369)
0 2
fi=(256)
1933 6
fi=(285)
424 2
0 2
634 2
fi=(383)
1879 10
+1 4
cob=(2)
cfi=(237)
cfn=(800)
calls=2 255 
* 178
fi=(384)
779 2
0 2
779 4
cfi=(381)
cfn=(1658)
calls=2 176 
* 364
fi=(382)
42 6
+1 4
fi=(256)
825 6
fi=(383)
2270 10
+1 6
cob=(2)
cfi=(237)
cfn=(800)
calls=2 255 
* 178
* 2
fi=(380)
173 4
cfn=(1678)
calls=2 +4 
* 442
0 4
174 4
cob=(2)
cfi=(237)
cfn=(800)
calls=2 +81 
* 202
fi=(383)
59 28
+73 4
1211 70
fi=(285)
619 2
fi=(289)
1471 2
fi=(195)
2621 2
fi=(285)
767 2
0 2
614 2
fi=(262)
961 4
fi=(256)
1933 16
fi=(386)
19 2
+12 6
fi=(383)
4068 4
cob=(2)
cfi=(237)
cfn=(800)
calls=2 255 
* 178
fi=(384)
779 2
0 2
779 4
cfi=(381)
cfn=(1658)
calls=2 176 
* 500
fi=(382)
42 6
+1 4
fi=(256)
825 6
fi=(383)
2270 10
+1 6
cob=(2)
cfi=(237)
cfn=(800)
calls=2 255 
* 178
* 2
fi=(380)
173 4
cfn=(1678)
calls=2 +4 
* 442
0 4
174 4
cob=(2)
cfi=(237)
cfn=(800)
calls=2 +81 
* 202
fi=(383)
59 28
+73 4
+98 68
fi=(289)
1471 2
fi=(285)
767 4
0 2
614 2
fi=(262)
961 4
fi=(256)
1933 8
fi=(386)
19 2
+12 6
fi=(383)
4068 4
cob=(2)
cfi=(237)
cfn=(800)
calls=2 255 
* 178
fi=(384)
779 2
0 2
779 4
cfi=(381)
cfn=(1658)
calls=2 176 
* 880
fi=(382)
42 6
+1 4
fi=(256)
825 6
fi=(383)
2270 10
+1 6
cob=(2)
cfi=(237)
cfn=(800)
calls=2 255 
* 178
* 2
fi=(380)
173 4
cfn=(1678)
calls=2 +4 
* 442
0 4
174 4
cob=(2)
cfi=(237)
cfn=(800)
calls=2 +81 
* 202
fi=(383)
59 28
+73 4
+98 66
fi=(289)
1471 2
fi=(285)
767 4
0 2
614 2
fi=(262)
961 4
fi=(256)
1933 8
fi=(386)
19 2
+12 6
fi=(383)
4068 4
cob=(2)
cfi=(237)
cfn=(800)
calls=2 255 
* 178
fi=(384)
779 2
0 2
779 4
cfi=(381)
cfn=(1658)
calls=2 176 
* 535
fi=(382)
42 6
+1 4
fi=(256)
825 6
fi=(383)
2270 10
+1 6
cob=(2)
cfi=(237)
cfn=(800)
calls=2 255 
* 178
* 2
fi=(380)
173 4
cfn=(1678)
calls=2 +4 
* 1832
0 4
174 4
cob=(2)
cfi=(237)
cfn=(800)
calls=2 +81 
* 202
fi=(383)
59 28
+73 4
1211 70
fi=(384)
779 2
0 2
779 4
cfi=(381)
cfn=(1658)
calls=2 176 
* 500
fi=(382)
42 6
+1 4
fi=(256)
825 6
fi=(383)
2270 10
+1 4
cob=(2)
cfi=(237)
cfn=(800)
calls=2 255 
* 178
fi=(285)
619 2
fi=(289)
1471 2
fi=(195)
2621 2
fi=(285)
767 2
0 2
614 2
fi=(262)
961 4
fi=(256)
1933 12
fi=(386)
19 2
+12 6
fi=(383)
4068 6
cob=(2)
cfi=(237)
cfn=(800)
calls=2 255 
* 178
0 2
fi=(380)
173 4
cfn=(1678)
calls=2 +4 
* 442
0 4
174 4
cob=(2)
cfi=(237)
cfn=(800)
calls=2 +81 
* 202
fi=(383)
59 28
+73 4
+98 68
fe=(275)
824 20
cfi=(383)
cfn=(1724)
calls=2 1048 
* 1104
0 4
fi=(383)
1853 4
cob=(2)
cfi=(237)
cfn=(800)
calls=2 255 
* 178
fi=(285)
0 2
cfi=(185)
cfn=(904)
calls=2 0 
0 2
fi=(265)
101 6
cfi=(185)
cfn=(906)
calls=2 0 
* 248
fi=(285)
469 4
fi=(369)
0 2
fi=(256)
1933 4
fi=(285)
424 2
0 2
634 2
fi=(383)
1879 10
+1 4
cob=(2)
cfi=(237)
cfn=(800)
calls=2 255 
* 178
fi=(384)
779 2
0 2
779 4
cfi=(381)
cfn=(1658)
calls=2 176 
* 500
fi=(382)
42 6
+1 4
fi=(256)
825 6
fi=(383)
2270 10
+1 6
cob=(2)
cfi=(237)
cfn=(800)
calls=2 255 
* 178
* 2
fi=(380)
173 4
cfn=(1678)
calls=2 +4 
* 442
0 4
174 4
cob=(2)
cfi=(237)
cfn=(800)
calls=2 +81 
* 202
fi=(383)
59 28
+73 4
1211 70
fi=(384)
779 2
0 2
779 4
cfi=(381)
cfn=(1658)
calls=2 176 
* 522
fi=(382)
42 6
+1 4
fi=(256)
825 6
fi=(383)
2270 10
+1 6
cob=(2)
cfi=(237)
cfn=(800)
calls=2 255 
* 178
* 2
fi=(380)
173 4
cfn=(1678)
calls=2 +4 
* 442
0 4
174 4
cob=(2)
cfi=(237)
cfn=(800)
calls=2 +81 
* 202
fi=(383)
59 28
+73 4
1211 70
fi=(384)
779 2
0 2
779 4
cfi=(381)
cfn=(1658)
calls=2 176 
* 502
fi=(382)
42 6
+1 4
fi=(256)
825 6
fi=(383)
2270 10
+1 6
cob=(2)
cfi=(237)
cfn=(800)
calls=2 255 
* 178
* 2
fi=(380)
173 4
cfn=(1678)
calls=2 +4 
* 442
0 4
174 4
cob=(2)
cfi=(237)
cfn=(800)
calls=2 +81 
* 202
fi=(383)
59 28
+73 4
+98 66
fi=(265)
99 2
cfi=(185)
cfn=(904)
calls=2 -99 
* 2
+2 6
cfi=(185)
cfn=(906)
calls=2 0 
* 239
fi=(269)
248 4
+41 4
fi=(385)
2568 14
fe=(275)
839 2
cfi=(383)
cfn=(1740)
calls=2 1048 
* 240
fi=(384)
-60 2
0 2
779 4
cfi=(381)
cfn=(1658)
calls=2 176 
* 535
fi=(382)
42 6
+1 4
fi=(256)
825 6
fi=(383)
2270 10
+1 4
cob=(2)
cfi=(237)
cfn=(800)
calls=2 255 
* 178
fi=(285)
619 2
fi=(289)
1471 2
fi=(195)
2621 2
fi=(285)
767 2
0 2
614 2
fi=(262)
961 4
fi=(256)
1933 10
fi=(386)
19 2
+12 6
fi=(383)
4068 6
cob=(2)
cfi=(237)
cfn=(800)
calls=2 255 
* 178
0 2
fi=(380)
173 4
cfn=(1678)
calls=2 +4 
* 442
0 4
174 4
cob=(2)
cfi=(237)
cfn=(800)
calls=2 +81 
* 202
fi=(383)
59 28
+73 4
+98 68
fi=(289)
1037 2
+3 4
fe=(275)
0 2
fi=(289)
1041 2
cfi=(285)
cfn=(1718)
calls=2 186 
* 513
fi=(285)
614 2
fi=(262)
961 4
fi=(256)
1933 4
fi=(289)
1046 8
fi=(383)
4004 4
cob=(2)
cfi=(237)
cfn=(800)
calls=2 255 
* 178
fi=(289)
1037 2
+3 4
fi=(383)
827 2
fi=(289)
1041 2
cfi=(285)
cfn=(1746) <alloc::raw_vec::RawVec<(i32, alloc::string::String)>>::grow_one
calls=2 186 
* 240
fi=(285)
614 2
fi=(262)
961 4
fi=(256)
1933 6
fi=(289)
1046 8
fi=(383)
831 4
cob=(2)
cfi=(237)
cfn=(800)
calls=2 255 
* 178
fi=(384)
-52 2
0 2
779 4
cfi=(381)
cfn=(1658)
calls=2 176 
* 500
fi=(382)
42 6
+1 4
fi=(256)
825 6
fi=(383)
2270 10
+1 6
cob=(2)
cfi=(237)
cfn=(800)
calls=2 255 
* 178
* 2
fi=(380)
173 4
cfn=(1678)
calls=2 +4 
* 442
0 4
174 4
cob=(2)
cfi=(237)
cfn=(800)
calls=2 +81 
* 202
fi=(383)
59 28
+73 4
+98 68
fi=(265)
99 2
cfi=(185)
cfn=(904)
calls=2 -99 
* 2
+2 6
cfi=(185)
cfn=(906)
calls=2 0 
* 237
fi=(269)
248 4
+41 4
fi=(385)
2568 14
fe=(275)
849 2
cfi=(383)
cfn=(1740)
calls=2 1048 
* 240
+1 8
fi=(387)
659 2
0 4
659 2
cfn=(1750)
calls=2 -9 
* 1189
fi=(382)
192 2
42 4
+1 4
fi=(256)
825 6
fi=(383)
2270 10
+1 6
cob=(2)
cfi=(237)
cfn=(800)
calls=2 255 
* 178
* 2
fi=(380)
173 4
cfn=(1678)
calls=2 +4 
* 438
0 4
174 4
cob=(2)
cfi=(237)
cfn=(800)
calls=2 +81 
* 202
fi=(383)
59 28
+73 4
+98 68
fi=(265)
99 2
cfi=(185)
cfn=(904)
calls=2 -99 
* 2
+2 6
cfi=(185)
cfn=(906)
calls=2 0 
* 237
fi=(269)
248 4
0 4
289 4
fi=(385)
2568 14
fe=(275)
853 4
cfi=(383)
cfn=(1740)
calls=2 1048 
* 240
fi=(389)
507 4
fe=(275)
854 6
fi=(387)
659 2
0 4
659 2
cfn=(1750)
calls=2 -9 
* 1026
fi=(382)
192 2
42 4
+1 4
fi=(256)
825 6
fi=(383)
2270 10
+1 6
cob=(2)
cfi=(237)
cfn=(800)
calls=2 255 
* 178
* 2
fi=(380)
173 4
cfn=(1678)
calls=2 +4 
* 941
0 4
174 4
cob=(2)
cfi=(237)
cfn=(800)
calls=2 +81 
* 202
fi=(383)
59 28
+73 4
+98 68
fi=(265)
99 2
cfi=(185)
cfn=(904)
calls=2 -99 
* 2
+2 6
cfi=(185)
cfn=(906)
calls=2 0 
* 237
fi=(269)
248 4
+41 4
fi=(385)
2568 14
fe=(275)
857 4
cfi=(383)
cfn=(1740)
calls=2 1048 
* 240
fi=(389)
507 4
fe=(275)
858 4
fi=(387)
659 2
0 4
659 2
cfn=(1750)
calls=2 -9 
* 1159
fi=(382)
192 2
42 6
+1 4
fi=(256)
825 8
fi=(383)
2270 10
+1 6
cob=(2)
cfi=(237)
cfn=(800)
calls=2 255 
* 178
* 2
fi=(380)
173 4
cfn=(1678)
calls=2 +4 
* 442
* 4
0 4
174 4
cob=(2)
cfi=(237)
cfn=(800)
calls=2 +81 
* 202
fi=(383)
59 28
+73 4
+98 68
fi=(265)
99 2
cfi=(185)
cfn=(904)
calls=2 -99 
* 2
+2 6
cfi=(185)
cfn=(906)
calls=2 0 
* 458
fi=(269)
248 4
+41 2
fi=(385)
2568 12
fe=(275)
861 2
cfi=(383)
cfn=(1740)
calls=2 1048 
* 240
+1 6
fi=(387)
659 2
0 4
659 2
cfn=(1750)
calls=2 -9 
* 1267
fi=(382)
192 2
42 4
+1 4
fi=(256)
825 6
fi=(383)
2270 10
+1 6
cob=(2)
cfi=(237)
cfn=(800)
calls=2 255 
* 178
* 2
fi=(380)
173 4
cfn=(1678)
calls=2 +4 
* 442
0 4
174 4
cob=(2)
cfi=(237)
cfn=(800)
calls=2 +81 
* 202
fi=(383)
59 28
+73 4
+98 68
fi=(265)
99 2
cfi=(185)
cfn=(904)
calls=2 -99 
* 2
+2 6
cfi=(185)
cfn=(906)
calls=2 0 
* 373
fi=(269)
248 4
+41 4
fi=(385)
2568 14
fe=(275)
865 2
cfi=(383)
cfn=(1740)
calls=2 1048 
* 240
+1 8
fi=(387)
659 2
0 4
659 2
cfn=(1750)
calls=2 -9 
* 1967
fi=(382)
192 2
42 4
+1 4
fi=(256)
825 6
fi=(383)
2270 10
+1 6
cob=(2)
cfi=(237)
cfn=(800)
calls=2 255 
* 178
* 2
fi=(380)
173 4
cfn=(1678)
calls=2 +4 
* 442
0 4
174 4
cob=(2)
cfi=(237)
cfn=(800)
calls=2 +81 
* 202
fi=(383)
59 28
+73 4
+98 68
fi=(265)
99 2
cfi=(185)
cfn=(904)
calls=2 -99 
* 2
+2 6
cfi=(185)
cfn=(906)
calls=2 0 
* 476
fi=(269)
248 4
+41 4
fi=(385)
2568 14
fe=(275)
869 2
cfi=(383)
cfn=(1740)
calls=2 1048 
* 240
+1 6
fi=(387)
659 2
0 4
659 2
cfn=(1750)
calls=2 -9 
* 2140
fi=(382)
192 2
42 4
+1 4
fi=(256)
825 6
fi=(383)
2270 10
+1 6
cob=(2)
cfi=(237)
cfn=(800)
calls=2 255 
* 178
* 2
fi=(380)
173 4
cfn=(1678)
calls=2 +4 
* 442
0 4
174 4
cob=(2)
cfi=(237)
cfn=(800)
calls=2 +81 
* 202
fi=(383)
59 28
+73 4
+98 68
fi=(265)
99 2
cfi=(185)
cfn=(904)
calls=2 -99 
* 2
+2 6
cfi=(185)
cfn=(906)
calls=2 0 
* 359
fi=(269)
248 4
+41 4
fi=(385)
2568 14
fe=(275)
873 2
cfi=(383)
cfn=(1740)
calls=2 1048 
* 240
+1 6
fi=(387)
659 2
0 4
659 2
cfn=(1750)
calls=2 -9 
* 1976
fi=(382)
192 2
42 4
+1 4
fi=(256)
825 6
fi=(383)
2270 10
+1 6
cob=(2)
cfi=(237)
cfn=(800)
calls=2 255 
* 178
* 2
fi=(380)
173 4
cfn=(1678)
calls=2 +4 
* 442
0 4
174 4
cob=(2)
cfi=(237)
cfn=(800)
calls=2 +81 
* 202
fi=(383)
59 28
+73 4
1211 70
fi=(289)
1037 2
+3 4
fe=(275)
0 2
fi=(289)
1041 2
cfi=(285)
cfn=(1718)
calls=2 186 
* 385
fi=(285)
614 2
fi=(262)
961 4
fi=(256)
1933 6
fi=(289)
1046 8
fi=(383)
4004 4
cob=(2)
cfi=(237)
cfn=(800)
calls=2 255 
* 178
fe=(275)
879 8
fi=(387)
659 2
0 4
659 2
cfn=(1750)
calls=2 -9 
* 988
fi=(382)
192 2
42 4
+1 4
fi=(256)
825 6
fi=(383)
2270 10
+1 6
cob=(2)
cfi=(237)
cfn=(800)
calls=2 255 
* 178
* 2
fi=(380)
173 4
cfn=(1678)
calls=2 +4 
* 438
0 4
174 4
cob=(2)
cfi=(237)
cfn=(800)
calls=2 +81 
* 202
fi=(383)
59 28
+73 4
1211 52
0 2
1211 16
fi=(384)
779 2
0 2
779 4
cfi=(381)
cfn=(1658)
calls=2 176 
* 529
fi=(382)
42 6
+1 4
fi=(256)
825 6
fi=(383)
2270 10
+1 4
cob=(2)
cfi=(237)
cfn=(800)
calls=2 255 
* 178
fi=(285)
619 2
fi=(289)
1471 2
fi=(195)
2621 2
fi=(285)
767 2
0 2
614 2
fi=(262)
961 4
fi=(256)
1933 8
fi=(386)
19 2
+12 6
fi=(383)
4068 6
cob=(2)
cfi=(237)
cfn=(800)
calls=2 255 
* 178
0 2
fi=(380)
173 4
cfn=(1678)
calls=2 +4 
* 442
0 4
174 6
cob=(2)
cfi=(237)
cfn=(800)
calls=2 +81 
* 202
fi=(383)
59 28
+73 4
fi=(384)
790 72
fi=(380)
173 4
cfn=(1678)
calls=2 +4 
* 442
0 4
174 4
cob=(2)
cfi=(237)
cfn=(800)
calls=2 +81 
* 202
fi=(383)
59 28
+73 4
+98 68
fe=(275)
892 20
cfi=(383)
cfn=(1724)
calls=2 1048 
* 1046
fi=(384)
779 2
0 2
779 4
cfi=(381)
cfn=(1658)
calls=2 176 
* 542
fi=(382)
42 6
+1 4
fi=(256)
825 6
fi=(383)
2270 10
+1 6
cob=(2)
cfi=(237)
cfn=(800)
calls=2 255 
* 178
* 2
fi=(380)
173 4
cfn=(1678)
calls=2 +4 
* 442
0 4
174 4
cob=(2)
cfi=(237)
cfn=(800)
calls=2 +81 
* 202
fi=(383)
59 28
+73 4
+98 68
fe=(275)
896 20
cfi=(383)
cfn=(1724)
calls=2 1048 
* 1040
0 4
fi=(383)
1853 4
cob=(2)
cfi=(237)
cfn=(800)
calls=2 255 
* 178
fi=(285)
0 2
cfi=(185)
cfn=(904)
calls=2 0 
0 2
fi=(265)
101 6
cfi=(185)
cfn=(906)
calls=2 0 
* 407
fi=(285)
469 4
fi=(369)
0 2
fi=(256)
1933 4
fi=(285)
424 2
0 2
634 2
fi=(383)
1879 10
+1 4
cob=(2)
cfi=(237)
cfn=(800)
calls=2 255 
* 178
fi=(384)
779 2
0 2
779 4
cfi=(381)
cfn=(1658)
calls=2 176 
* 400
fi=(382)
42 6
+1 4
fi=(256)
825 6
fi=(383)
2270 10
+1 6
cob=(2)
cfi=(237)
cfn=(800)
calls=2 255 
* 178
* 2
fi=(380)
173 4
cfn=(1678)
calls=2 +4 
* 442
0 4
174 4
cob=(2)
cfi=(237)
cfn=(800)
calls=2 +81 
* 202
fi=(383)
59 28
+73 4
1211 68
fi=(401)
9 2
fi=(384)
779 2
0 2
779 4
cfi=(381)
cfn=(1658)
calls=2 176 
* 509
fi=(382)
42 6
+1 4
fi=(256)
825 6
fi=(383)
2270 10
+1 6
cob=(2)
cfi=(237)
cfn=(800)
calls=2 255 
* 178
* 2
fi=(380)
173 4
cfn=(1678)
calls=2 +4 
* 442
0 4
174 4
cob=(2)
cfi=(237)
cfn=(800)
calls=2 +81 
* 202
fi=(383)
59 28
+73 4
1211 68
fi=(401)
9 2
fi=(384)
779 2
0 2
779 4
cfi=(381)
cfn=(1658)
calls=2 176 
* 509
fi=(382)
42 6
+1 4
fi=(256)
825 6
fi=(383)
2270 10
+1 6
cob=(2)
cfi=(237)
cfn=(800)
calls=2 255 
* 178
* 2
fi=(380)
173 4
cfn=(1678)
calls=2 +4 
* 442
0 4
174 6
cob=(2)
cfi=(237)
cfn=(800)
calls=2 +81 
* 202
fi=(383)
59 28
+73 4
fi=(384)
790 74
fi=(380)
173 4
cfn=(1678)
calls=2 +4 
* 442
0 4
174 4
cob=(2)
cfi=(237)
cfn=(800)
calls=2 +81 
* 202
fi=(384)
779 2
0 2
779 4
cfi=(381)
cfn=(1658)
calls=2 176 
* 630
fi=(382)
42 6
+1 4
fi=(256)
825 6
fi=(380)
2023 10
+1 4
cob=(2)
cfi=(237)
cfn=(800)
calls=2 255 
* 202
* 2
665 2
cfi=(373) /rustc/8bab26f4f68e0e26f0bb7960be334d5b520ea452/library/std/src/env.rs
cfn=(1812) std::env::args_os
calls=2 861 
* 2006
0 6
665 4
cfn=(1830)
calls=2 +94 
* 210055
fi=(292)
-32 2
fe=(275)
929 2
+32 8
cfi=(430)
cfn=(2502)
calls=2 181 
* 214
0 2
962 8
cfi=(430)
cfn=(2502)
calls=2 181 
* 228
+1 4
0 2
969 8
cfi=(430)
cfn=(2502)
calls=2 181 
* 382
* 4
+14 4
0 6
969 4
+29 2
fi=(256)
825 4
fe=(275)
998 2
+3 8
cfi=(430)
cfn=(2502)
calls=2 181 
* 410
0 2
1001 4
fi=(430)
119 12
cfn=(2522)
calls=2 1081 
* 414
0 4
fi=(432) /home/runner/.cargo/registry/src/index.crates.io-1949cf8c6b5b557f/clap_builder-4.5.53/src/parser/error.rs
26 4
+1 2
fe=(275)
1004 4
0 2
1004 2
fi=(268)
0 2
fe=(275)
1019 8
cob=(2)
cfi=(237)
cfn=(800)
calls=2 255 
* 154
717 4
cfi=(256)
cfn=(2536) core::ptr::drop_glue::<criterion::BenchmarkFilter>
calls=2 825 
* 26
* 16
+2 8
cob=(2)
cfi=(237)
cfn=(800)
calls=2 255 
* 154
1019 8
cob=(2)
cfi=(237)
cfn=(800)
calls=2 255 
* 150
fi=(430)
119 4
0 2
119 8
cfn=(2522)
calls=2 1081 
* 358
0 4
fi=(432)
26 4
+1 2
fi=(292)
1161 4
fe=(275)
1029 8
cfi=(430)
cfn=(2502)
calls=2 181 
* 284
* 4
fi=(430)
119 12
cfn=(2522)
calls=2 1081 
* 354
0 4
fi=(432)
26 4
+1 2
fe=(275)
1033 4
+1 4
fi=(415)
78 2
cfi=(338)
cfn=(2556)
calls=2 2364 
* 202
fe=(275)
1035 2
fi=(285)
424 2
0 2
634 2
424 2
fi=(265)
128 4
cfi=(185)
cfn=(1200)
calls=2 0 
* 174
fe=(275)
1035 8
+2 8
cfi=(430)
cfn=(2502)
calls=2 181 
* 312
* 4
fi=(430)
119 12
cfn=(2522)
calls=2 1081 
* 302
0 4
fi=(432)
26 4
+1 2
fe=(275)
1040 4
fi=(430)
119 12
cfn=(2522)
calls=2 1081 
* 358
0 4
fi=(432)
26 4
+1 2
fe=(275)
1044 4
fi=(292)
633 2
fe=(275)
1049 2
fi=(430)
119 12
cfn=(2522)
calls=2 1081 
* 508
0 4
fi=(432)
26 4
+1 2
fi=(292)
1161 4
fi=(304)
21 4
fe=(275)
1062 8
cfi=(430)
cfn=(2502)
calls=2 181 
* 256
0 4
1063 4
+2 8
cfi=(430)
cfn=(2502)
calls=2 181 
* 382
* 4
+5 2
cfi=(199)
cfn=(2568)
calls=2 3905 
* 167
fi=(437) /home/runner/.cargo/registry/src/index.crates.io-1949cf8c6b5b557f/is-terminal-0.4.17/src/lib.rs
90 4
cob=(2)
cfi=(438) ./io/../sysdeps/posix/isatty.c
cfn=(2596) isatty
calls=2 -66 
* 84
* 6
fe=(275)
1071 6
0 2
1071 2
fi=(430)
119 12
cfn=(2522)
calls=2 1081 
* 354
0 4
fi=(432)
26 4
+1 2
fi=(292)
1161 4
fi=(285)
614 2
fi=(289)
1864 2
fi=(304)
21 8
fe=(275)
1084 2
+1 6
fi=(430)
119 12
cfn=(2522)
calls=2 1081 
* 414
0 4
fi=(432)
26 4
+1 2
fe=(275)
1091 4
fi=(430)
119 12
cfn=(2600)
calls=2 1081 
* 358
0 4
fi=(432)
26 4
+1 2
fe=(275)
1095 4
fi=(430)
119 12
cfn=(2610)
calls=2 1081 
* 302
0 4
fi=(432)
26 4
+1 2
fe=(275)
1099 4
fi=(430)
119 12
cfn=(2610)
calls=2 1081 
* 358
0 4
fi=(432)
26 4
+1 2
fe=(275)
1105 4
fi=(430)
119 12
cfn=(2600)
calls=2 1081 
* 302
0 4
fi=(432)
26 4
+1 2
fe=(275)
1111 4
fi=(430)
119 12
cfn=(2610)
calls=2 1081 
* 302
0 4
fi=(432)
26 4
+1 2
fe=(275)
1116 4
fi=(430)
119 12
cfn=(2610)
calls=2 1081 
* 358
0 4
fi=(432)
26 4
+1 2
fe=(275)
1121 4
fi=(430)
119 12
cfn=(2610)
calls=2 1081 
* 302
0 4
fi=(432)
26 4
+1 2
fe=(275)
1126 4
+6 8
cfi=(430)
cfn=(2502)
calls=2 181 
* 606
* 4
+4 10
cob=(2)
cfi=(237)
cfn=(800)
calls=2 255 
* 154
* 2
+1 2
cfi=(256)
cfn=(2620) core::ptr::drop_glue::<clap_builder::parser::matches::arg_matches::ArgMatches>
calls=2 825 
* 46226
* 18
0 2
fi=(285)
675 8
cfn=(1660)
calls=2 -14 
* 402
fi=(386)
14 4
fe=(275)
-14 2
fi=(285)
675 8
cfn=(1660)
calls=2 -14 
* 402
fi=(386)
14 4
fe=(275)
-14 2
fi=(285)
675 8
cfn=(1660)
calls=2 -14 
* 402
fi=(386)
14 4
fi=(383)
4067 2
fi=(285)
675 8
cfn=(1660)
calls=2 -14 
* 402
fi=(386)
14 4
fi=(383)
4067 2
fi=(285)
675 8
cfn=(1660)
calls=2 -14 
* 400
fi=(386)
14 4
fi=(383)
4067 2
fi=(285)
675 8
cfn=(1660)
calls=2 -14 
* 409
fi=(386)
14 4
fe=(275)

fn=(2768)
1139 16
+1 20
0 4
1140 4
+6 20

fn=(930)
415 16
fi=(199)
3905 4
fi=(277)
54 2
fi=(276)
1157 2
fe=(275)
421 1
291 2
0 2
291 4
0 6
fi=(276)
1161 3
cfi=(277)
cfn=(934)
calls=1 61 
* 6151
fe=(275)
421 1
291 2
fi=(256)
0 2
fi=(278)
250 2
cfi=(346)
cfn=(1290)
calls=2 +26 
* 591117
fi=(292)
1162 34
fe=(275)
416 32
+21 2
+1 6
fi=(285)
0 2
cfi=(185)
cfn=(904)
calls=2 0 
0 2
fi=(265)
101 6
cfi=(185)
cfn=(906)
calls=2 0 
* 104
fi=(285)
469 4
fi=(287)
0 2
fi=(256)
551 2
fi=(199)
3905 2
fi=(277)
54 2
fi=(276)
1157 2
fi=(289)
1864 2
0 2
fi=(354)
459 2
fi=(285)
+1 2
fi=(289)
3808 2
fi=(285)
0 2
cfi=(185)
cfn=(904)
calls=2 0 
0 2
0 2
fi=(265)
101 6
cfi=(185)
cfn=(906)
calls=2 0 
* 110
fi=(285)
469 4
0 4
fi=(256)
551 6
cob=(2)
cfi=(237)
cfn=(800)
calls=2 255 
* 22
fi=(378)
105 6
fi=(498)
-46 4
fi=(343)
555 4
fi=(195)
2584 2
fi=(502) /rustc/8bab26f4f68e0e26f0bb7960be334d5b520ea452/library/std/src/collections/hash/set.rs
1286 12
fi=(195)
2584 2
fi=(196)
931 2
fi=(502)
1286 8
fi=(265)
99 2
cfi=(185)
cfn=(904)
calls=2 -99 
* 2
+2 6
cfi=(185)
cfn=(906)
calls=2 0 
* 104
fi=(269)
248 4
0 4
289 2
fi=(199)
3905 4
fi=(277)
54 2
fi=(276)
1157 2
fi=(292)
742 4
fe=(275)
425 44
cob=(2)
cfi=(237)
cfn=(800)
calls=2 255 
* 60
* 56
fi=(292)
633 4
fe=(275)
453 2
0 2
460 6
cob=(2)
cfi=(237)
cfn=(800)
calls=2 255 
* 154
+1 18
fi=(276)
1161 3
cfi=(277)
cfn=(1580)
calls=1 61 
* 3816
* 5
cfi=(277)
cfn=(1634)
calls=1 61 
* 1327
fi=(292)
742 1
0 1
742 3
fe=(275)

fn=(2976)
249 2
+1 3
+1 1
0 1
251 4
+7 3

fl=(332) /rustc/8bab26f4f68e0e26f0bb7960be334d5b520ea452/library/std/src/io/mod.rs
fn=(2782) <std::io::default_write_fmt::Adapter<std::io::stdio::StdoutLock> as core::fmt::Write>::write_str
610 140
+1 40
cfi=(339)
cfn=(2784) <std::io::stdio::StdoutLock as std::io::Write>::write_all
calls=20 860 
* 3449
* 100
+7 120

fn=(1170) std::io::default_read_to_end::small_probe_read::<&std::sys::fd::unix::FileDesc>
425 20
+1 6
fi=(297)
162 4
fi=(331)
-50 4
cob=(2)
cfi=(333) ./io/../sysdeps/unix/sysv/linux/read.c
cfn=(1172) read
calls=2 -87 
* 16
fi=(198)
233 2
+10 2
0 2
fi=(195)
1050 2
fi=(285)
619 2
fi=(289)
1471 2
fi=(195)
2621 2
fi=(285)
767 4
-94 2
fi=(289)
2934 4
+5 6
fe=(332)
440 18

fn=(1252) <std::io::default_write_fmt::Adapter<std::io::stdio::StderrLock> as core::fmt::Write>::write_str
610 24
+1 4
fi=(341)
401 4
fi=(343)
2066 8
0 4
fi=(196)
931 4
fi=(339)
1093 4
cfn=(1256) <std::io::stdio::StderrRaw as std::io::Write>::write_all
calls=4 190 
* 166
* 4
fi=(196)
931 4
fe=(332)
611 16
+7 24

fl=(388) /rustc/8bab26f4f68e0e26f0bb7960be334d5b520ea452/library/core/src/fmt/num.rs
fn=(1770) <u64>::_fmt_inner
190 56
+8 16
+15 10
0 2
209 4
+1 4
+3 4
0 14
213 2
fi=(436)
574 2
fe=(388)
214 10
fi=(436)
574 2
fe=(388)
215 8
0 6
215 2
fi=(436)
574 2
fe=(388)
216 10
fi=(436)
574 2
fe=(388)
198 10
+22 6
0 6
220 12
+9 28
+2 12
fi=(436)
574 4
fe=(388)
227 8
0 4
236 4
0 4
236 20
+12 18
fi=(436)
574 6
fe=(388)
243 6
+10 56

fn=(1768) <u64 as core::fmt::Display>::fmt
135 48
+8 24
+42 16
cfn=(1770)
calls=8 +5 
* 360
fi=(345)
410 8
89 16
fe=(388)
+54 48
cfi=(342)
cfn=(1774) <core::fmt::Formatter>::pad_integral
calls=8 1826 
* 978
+8 40

fl=(285)
fn=(1468)
186 168
492 42
+30 42
fi=(259)
1038 126
fe=(285)
528 252
cfn=(1002) <alloc::raw_vec::RawVecInner>::finish_grow
calls=42 +15 
* 28398
fi=(268)
2173 84
+1 42
fe=(285)
776 42
+1 42
189 168

fn=(1660)
661 48
511 24
fi=(195)
896 12
fi=(354)
459 12
0 12
fe=(285)
522 24
fi=(259)
1038 24
fe=(285)
159 84
fi=(259)
1038 24
0 12
fe=(285)
528 12
0 12
528 24
cfn=(1002)
calls=12 +15 
* 1985
fi=(268)
2173 24
+1 12
fe=(285)
776 12
+1 12
671 48
-10 16
511 8
fi=(195)
896 4
fi=(354)
459 4
0 4
fe=(285)
522 8
fi=(259)
1038 8
fe=(285)
159 28
fi=(259)
1038 8
0 4
fe=(285)
528 4
0 4
528 8
cfn=(1002)
calls=4 +15 
* 381
fi=(268)
2173 8
+1 4
fe=(285)
776 4
+1 4
671 16
-10 192
511 96
fi=(195)
896 48
fi=(354)
459 48
0 48
fe=(285)
522 96
fi=(259)
1038 96
fe=(285)
159 336
fi=(259)
1038 96
0 48
fe=(285)
528 48
0 48
528 96
cfn=(1002)
calls=48 +15 
* 8295
fi=(268)
2173 96
+1 48
fe=(285)
776 48
+1 48
671 192
-10 68
511 34
fi=(195)
896 17
fi=(354)
459 17
0 17
fe=(285)
522 34
fi=(259)
1038 34
fe=(285)
159 119
fi=(259)
1038 34
0 17
fe=(285)
528 17
0 17
528 34
cfn=(1002)
calls=17 +15 
* 286756
fi=(268)
2173 34
+1 17
fe=(285)
776 17
+1 17
671 68

fn=(1690)
186 8
492 2
+30 2
fi=(259)
1038 6
fe=(285)
528 12
cfn=(1002)
calls=2 +15 
* 485
fi=(268)
2173 4
+1 2
fe=(285)
776 2
+1 2
189 8

fn=(2650)
424 6
0 6
634 6
424 6
fi=(265)
128 12
cfi=(185)
cfn=(1200)
calls=6 0 
* 648
fe=(285)

fn=(2886)
186 16
492 4
+30 4
fi=(259)
1038 12
fe=(285)
528 24
cfn=(1002)
calls=4 +15 
* 590
fi=(268)
2173 8
+1 4
fe=(285)
776 4
+1 4
189 16

fn=(1718)
186 64
492 16
+30 16
fi=(259)
1038 48
fe=(285)
528 96
cfn=(1002)
calls=16 +15 
* 4342
fi=(268)
2173 32
+1 16
fe=(285)
776 16
+1 16
189 64

fn=(2992) <alloc::raw_vec::RawVec<u64>>::grow_one
186 56
492 14
+30 14
fi=(259)
1038 42
fe=(285)
528 84
cfn=(1002)
calls=14 +15 
* 23405
fi=(268)
2173 28
+1 14
fe=(285)
776 14
+1 14
189 56

fn=(1460)
186 40
492 10
+30 10
fi=(259)
1038 30
fe=(285)
528 60
cfn=(1002)
calls=10 +15 
* 1982
fi=(268)
2173 20
+1 10
fe=(285)
776 10
+1 10
189 40

fn=(1746)
186 8
492 2
+30 2
fi=(259)
1038 6
fe=(285)
528 12
cfn=(1002)
calls=2 +15 
* 192
fi=(268)
2173 4
+1 2
fe=(285)
776 2
+1 2
189 8

fn=(1002)
543 96
fi=(195)
3178 48
0 48
fi=(354)
459 36
0 12
fe=(285)
634 12
fi=(265)
206 24
+4 12
cfi=(185)
cfn=(904)
calls=12 0 
* 12
101 36
cfi=(185)
cfn=(906)
calls=12 0 
* 1493
fe=(285)
563 24
+1 24
0 36
567 72
-24 96
fi=(195)
3178 48
0 48
fi=(354)
459 36
0 12
fe=(285)
634 12
fi=(265)
206 24
+4 12
cfi=(185)
cfn=(904)
calls=12 0 
* 12
101 36
cfi=(185)
cfn=(906)
calls=12 0 
* 1156
fe=(285)
563 24
+1 24
0 36
567 72
-24 1792
fi=(195)
3178 896
0 896
fi=(354)
459 672
fe=(285)
634 448
fi=(195)
1359 20
fi=(265)
155 100
cfi=(185)
cfn=(1006) __rustc::__rust_realloc
calls=20 0 
* 9023
fe=(285)
563 40
fi=(265)
206 408
+4 204
cfi=(185)
cfn=(904)
calls=204 0 
* 204
101 612
cfi=(185)
cfn=(906)
calls=204 0 
* 36399
fe=(285)
563 408
+1 448
0 672
567 1344
-24 416
fi=(195)
3178 208
0 208
fi=(354)
459 156
fe=(285)
634 104
fi=(195)
1359 36
fi=(265)
155 180
cfi=(185)
cfn=(1006)
calls=36 0 
* 27120
fe=(285)
563 72
fi=(265)
206 32
+4 16
cfi=(185)
cfn=(904)
calls=16 0 
* 16
101 48
cfi=(185)
cfn=(906)
calls=16 0 
* 1164
fe=(285)
563 32
+1 104
0 156
567 312
-24 248
fi=(195)
3178 124
0 124
fi=(354)
459 93
0 31
fe=(285)
634 31
fi=(195)
1359 29
fi=(265)
155 145
cfi=(185)
cfn=(1006)
calls=29 0 
* 308663
fe=(285)
563 58
fi=(265)
206 4
+4 2
cfi=(185)
cfn=(904)
calls=2 0 
* 2
101 6
cfi=(185)
cfn=(906)
calls=2 0 
* 256
fe=(285)
563 4
+1 62
0 93
567 186
-24 315
fi=(195)
3178 280
fi=(354)
459 105
fe=(285)
634 70
fi=(195)
1359 1
fi=(265)
155 5
cfi=(185)
cfn=(1006)
calls=1 0 
* 387
fe=(285)
563 2
fi=(265)
206 68
+4 34
cfi=(185)
cfn=(904)
calls=34 0 
* 34
101 102
cfi=(185)
cfn=(906)
calls=34 0 
* 6747
fe=(285)
563 68
+1 105
0 70
567 210

fn=(2100) <alloc::raw_vec::RawVec<clap_builder::parser::matches::matched_arg::MatchedArg>>::grow_one
186 32
492 8
+30 8
fi=(259)
1038 24
fe=(285)
528 48
cfn=(1002)
calls=8 +15 
* 4071
fi=(268)
2173 16
+1 8
fe=(285)
776 8
+1 8
189 32

fn=(2652)
424 2
634 4
424 2
fi=(265)
128 4
cfi=(185)
cfn=(1200)
calls=2 0 
* 216
fe=(285)

fn=(1000)
186 6
492 1
+30 1
fi=(259)
1038 3
fe=(285)
528 6
cfn=(1002)
calls=1 +15 
* 428
fi=(268)
2173 2
+1 1
fe=(285)
776 1
+1 1
189 5

fn=(1978)
186 144
492 36
+30 36
fi=(259)
1038 108
fe=(285)
528 216
cfn=(1002)
calls=36 +15 
* 8675
fi=(268)
2173 72
+1 36
fe=(285)
776 36
+1 36
189 144

fn=(2152)
186 204
492 34
+30 34
fi=(259)
1038 102
fe=(285)
528 204
cfn=(1002)
calls=34 +15 
* 8175
fi=(268)
2173 68
+1 34
fe=(285)
776 34
+1 34
189 170

fn=(2170)
186 152
492 38
+30 38
fi=(259)
1038 114
fe=(285)
528 228
cfn=(1002)
calls=38 +15 
* 8515
fi=(268)
2173 76
+1 38
fe=(285)
776 38
+1 38
189 152

fn=(1684)
186 32
492 8
+30 8
fi=(259)
1038 24
fe=(285)
528 48
cfn=(1002)
calls=8 +15 
* 3490
fi=(268)
2173 16
+1 8
fe=(285)
776 8
+1 8
189 32

fn=(2548)
614 6
fi=(289)
1864 6
fi=(292)
764 30
0 12
764 12
0 6
fi=(200)
656 6
fi=(292)
764 6
0 6
fi=(418)
104 6
fe=(285)

fn=(2106)
186 280
492 70
+30 70
fi=(259)
1038 210
fe=(285)
528 420
cfn=(1002)
calls=70 +15 
* 17198
fi=(268)
2173 140
+1 70
fe=(285)
776 70
+1 70
189 280

fl=(448)
fn=(2810)
195 45
+30 5
+22 5
0 20
225 8
+22 4
+1 4
fi=(345)
573 12
89 4
fi=(331)
346 16
cob=(2)
cfi=(344) ./io/../sysdeps/unix/sysv/linux/write.c
cfn=(1262) write
calls=4 25 
* 32
fi=(198)
233 4
+10 4
fe=(448)
+7 4
+2 8
-32 4
+43 4
0 1
247 1
fi=(345)
1031 4
fe=(448)
238 4
fi=(262)
961 4
fi=(256)
642 12
cob=(2)
cfi=(237)
cfn=(800)
calls=4 255 
* 52
* 4
fi=(289)
1830 4
-3 4
fe=(448)
265 40

fl=(282)
fn=(1348)
51 2268
fi=(256)
2308 1512
fe=(282)
71 1512
-71 200
81 100
fi=(259)
1077 1312
fe=(282)
39 1312
-39 1312
40 4984
+4 2486
-5 4972
-39 650
81 1300
-81 1400
fi=(306)
1481 2100
0 1400
fe=(282)
89 700
-70 2800
+71 700
-71 2100
+72 2800
fi=(306)
-91 2130
fe=(282)
89 2130
-70 8520
+71 2130
-71 6390
+72 8520
+4 2176
-14 4352
-81 750
39 1500
-39 730
40 12972
-1 17454
+68 246
0 668
107 2004
0 12
107 18

fn=(2788) core::slice::memchr::memrchr
111 120
fi=(256)
2308 40
+1 60
fi=(281)
4512 40
2054 32
4466 16
fe=(282)
128 32
fi=(345)
568 16
0 16
fi=(336)
405 48
fi=(200)
1714 32
fi=(336)
25 16
405 12
fi=(200)
1714 8
fi=(336)
25 4
fi=(200)
1714 114
fi=(336)
25 57
407 65
fe=(282)
132 130
fi=(336)
407 73
0 24
fi=(306)
1481 36
0 24
fe=(282)
142 24
0 12
fi=(195)
1050 12
0 12
fi=(200)
1714 12
fi=(336)
25 12
fi=(200)
1714 16
fi=(336)
25 16
406 20
fe=(282)
160 40
fi=(336)
407 20
0 24
fe=(282)
161 140

fl=(417)
fn=(2074)
55 238
fi=(289)
1864 34
0 34
fi=(200)
1714 34
fi=(336)
180 34
0 288
180 32
0 128
fi=(421)
120 272
fi=(200)
1714 1088
fi=(336)
180 272
fi=(304)
21 544
fi=(366)
2494 32
0 32
fi=(304)
157 64
cob=(2)
cfi=(303)
cfn=(1080)
calls=32 -84 
* 704
* 32
fi=(366)
2494 32
fi=(289)
0 96
fe=(417)
61 288
fi=(289)
-61 2
fe=(417)
61 18

fn=(2342)
36 16
+1 18
fi=(285)
614 4
fi=(262)
961 4
fi=(256)
1933 20
fi=(289)
1046 8
fi=(336)
0 4
fi=(200)
1714 8
fi=(336)
180 4
0 30
fi=(200)
1714 60
fi=(336)
180 30
fi=(200)
1714 2
fi=(336)
180 2
fi=(200)
1714 34
fi=(336)
180 34
fi=(292)
1161 34
fi=(366)
2494 34
fi=(367)
195 4
fi=(292)
1161 4
fi=(426)
449 16
cfn=(2352)
calls=4 +41 
* 1582
fi=(292)
1162 4
fe=(417)
37 8
-37 28
fi=(289)
1037 4
+3 8
+1 4
cfi=(285)
cfn=(1718)
calls=2 186 
* 240
fi=(285)
614 4
fi=(262)
961 8
fi=(256)
1933 12
fi=(289)
1046 8
-9 4
+3 8
+1 4
cfi=(285)
cfn=(2106)
calls=2 186 
* 512
* 2
fe=(417)
40 16

fn=(2094)
155 204
+1 34
0 68
156 68
fi=(289)
1037 34
+3 68
+1 16
cfi=(285)
cfn=(1718)
calls=8 186 
* 3187
fi=(285)
614 34
fi=(262)
961 68
fi=(256)
1933 68
fi=(289)
1046 68
-9 34
+3 68
fe=(417)
160 8
fi=(289)
1041 8
cfi=(285)
cfn=(2100)
calls=8 186 
* 4263
fi=(285)
614 34
fi=(262)
961 34
fi=(256)
1933 476
fi=(289)
1046 68
fi=(281)
305 34
fi=(285)
614 34
fi=(281)
305 102
0 34
fe=(417)
164 238

fl=(338)
fn=(3130) <core::str::iter::SplitWhitespace as alloc::string::SpecExtendStr>::spec_extend_into
2537 8
fi=(503) /rustc/8bab26f4f68e0e26f0bb7960be334d5b520ea452/library/core/src/iter/traits/collect.rs
323 15
0 2
fi=(305)
658 400004
0 200001
fi=(200)
1714 200001
fi=(336)
180 200001
fi=(200)
1714 500000
fi=(336)
180 500000
0 1400000
fi=(301)
37 700000
+1 1400000
-38 700000
38 700000
fi=(305)
189 2100000
fi=(364)
995 1400000
0 600000
997 1000000
fi=(302)
0 600000
fi=(362)
174 200000
fi=(366)
2494 300000
0 1
fi=(305)
670 2
fi=(366)
0 300000
fi=(285)
619 100000
fi=(289)
1471 100000
fi=(195)
2621 100000
fi=(285)
767 100000
-94 100000
0 200000
fi=(262)
961 100000
fi=(256)
551 200000
cob=(2)
cfi=(237)
cfn=(800)
calls=100000 255 
* 1500000
0 100000
fi=(289)
2939 500000
0 300000
fi=(366)
2670 100000
0 3
fi=(362)
174 1
fi=(366)
2494 1
fi=(285)
675 119
cfn=(1660)
calls=17 -14 
* 287368
* 34
fi=(289)
3054 17
0 17
fe=(338)
2539 8

fn=(1764) <alloc::string::String as core::fmt::Write>::write_str
3357 464
fi=(285)
619 58
fi=(289)
1471 58
fi=(195)
2621 58
fi=(285)
767 58
-94 58
fi=(289)
2934 116
0 58
fi=(262)
961 58
fi=(256)
551 116
cob=(2)
cfi=(237)
cfn=(800)
calls=58 255 
* 900
fi=(289)
2939 116
fe=(338)
3360 406

fn=(2556)
2364 98
+1 14
fi=(285)
460 28
fe=(338)
2365 14
fi=(265)
99 14
cfi=(185)
cfn=(904)
calls=14 -99 
* 14
+2 42
cfi=(185)
cfn=(906)
calls=14 0 
* 755
fi=(285)
469 28
fi=(287)
0 14
fi=(256)
551 56
cob=(2)
cfi=(237)
cfn=(800)
calls=14 255 
* 192
* 14
fe=(338)
2365 42
+1 98

fl=(331)
fn=(1166)
159 18
fi=(285)
619 2
fi=(289)
3054 2
fi=(332)
443 14
0 2
444 4
cfn=(1170)
calls=2 -19 
* 98
* 2
fi=(268)
2173 4
fi=(332)
446 4
fe=(331)
162 18
0 8

fl=(455)
fn=(3128)
18 5
fi=(262)
961 1
fi=(362)
1196 8
fi=(338)
447 3
0 2
2521 1
cfn=(3130)
calls=1 +16 
* 17187603
2403 3
fe=(455)
19 3
cfi=(400)
cfn=(3152)
calls=1 433 
* 500371
-19 1
fi=(285)
634 1
fi=(265)
128 4
cfi=(185)
cfn=(1200)
calls=1 0 
* 74
fe=(455)
20 6

fl=(353)
fn=(1312)
256 28
+2 28
+4 84
0 14
263 14
fi=(259)
1077 42
fe=(353)
126 28
0 56
132 56
+5 28
+2 70
265 56
+1 28
+1 14
0 14
300 28
-22 14
+1 28
0 14
282 28
0 50
fi=(256)
551 10
fe=(353)
288 10
fi=(195)
2584 10
fi=(354)
2032 10
fi=(195)
2584 10
fe=(353)
78 10
fi=(354)
2032 10
fe=(353)
79 10
fi=(354)
2032 10
fi=(195)
2584 20
fi=(354)
2032 10
fe=(353)
79 10
fi=(354)
2032 20
fe=(353)
78 10
290 10
+2 10
-10 20
0 40
126 28
fi=(256)
551 10
0 10
fe=(353)
132 44
0 8
132 16
fi=(307)
863 6
fi=(256)
551 6
fe=(353)
134 18
+1 6
+2 28
+2 24
298 4
0 4
300 8
-2 10
0 10
300 20
-44 12
+2 12
+4 36
0 6
263 6
fi=(259)
1077 18
fe=(353)
126 12
0 24
132 24
+5 12
+2 30
265 24
+1 12
+1 6
0 6
300 12
-22 6
+1 12
0 6
282 12
0 20
fi=(256)
551 4
fe=(353)
288 4
fi=(195)
2584 4
fi=(354)
2032 4
fi=(195)
2584 4
fe=(353)
78 4
fi=(354)
2032 4
fe=(353)
79 4
fi=(354)
2032 4
fi=(195)
2584 8
fi=(354)
2032 4
fe=(353)
79 4
fi=(354)
2032 8
fe=(353)
78 4
290 4
+2 4
-10 8
0 16
126 12
fi=(256)
551 4
0 4
fe=(353)
132 16
0 4
132 8
fi=(307)
863 4
fi=(256)
551 4
fe=(353)
134 12
+1 4
+2 12
+2 12
298 2
0 2
300 4
-2 4
0 4
300 8
-44 32
+2 32
+4 96
0 12
263 12
fi=(259)
1077 36
fe=(353)
126 24
0 64
132 48
+5 24
+2 60
265 48
+1 24
+1 12
0 12
300 24
-22 20
+1 40
0 20
282 40
0 60
fi=(256)
551 12
fe=(353)
288 12
fi=(195)
2584 12
fi=(354)
2032 12
fi=(195)
2584 12
fe=(353)
78 12
fi=(354)
2032 12
fe=(353)
79 12
fi=(354)
2032 12
fi=(195)
2584 24
fi=(354)
2032 12
fe=(353)
79 12
fi=(354)
2032 24
fe=(353)
78 12
290 12
+2 12
-10 24
fi=(256)
551 4
fe=(353)
288 4
fi=(195)
2584 4
fi=(354)
2032 4
fi=(195)
2584 4
fe=(353)
78 4
fi=(354)
2032 4
fe=(353)
79 4
fi=(354)
2032 4
fi=(195)
2584 8
fi=(354)
2032 4
fe=(353)
79 4
fi=(354)
2032 8
fe=(353)
78 4
290 4
+2 4
-10 8
0 48
126 40
fi=(256)
551 6
0 6
fe=(353)
132 28
0 28
132 56
fi=(307)
863 6
fi=(256)
551 6
fe=(353)
134 18
+1 6
+2 40
+2 84
298 14
0 14
300 28
-2 6
0 6
300 12

fl=(342)
fn=(1280) <str as core::fmt::Display>::fmt
2966 3
+1 2
cfn=(1282) <core::fmt::Formatter>::pad
calls=1 1910 
* 69

fn=(1804) <core::fmt::Formatter>::write_formatted_parts
2031 66
+9 18
+3 6
fi=(200)
1714 6
fi=(336)
180 6
0 36
fe=(342)
2044 78
+1 6
+3 12
+21 24
-32 24
+15 12
+1 16
0 32
cfi=(338)
cfn=(1764)
calls=16 3357 
0 720
fi=(268)
2173 32
0 18
fi=(200)
1714 18
fi=(336)
180 18
0 12
fe=(342)
2075 48

fn=(1274) <&criterion_plot::VersionError as core::fmt::Display>::fmt
2872 2
cfi=(279)
cfn=(1276)
calls=1 946 
* 247

fn=(2804) <&criterion::report::BenchmarkId as core::fmt::Display>::fmt
2872 8
fi=(285)
614 4
fi=(289)
1864 4
fi=(445)
233 8
cfi=(342)
cfn=(2806) <core::fmt::Formatter>::write_str
calls=4 2100 
* 817
fe=(342)

fn=(1802)
1981 60
+1 18
+3 60
cfn=(1804)
calls=6 +46 
* 1208

fn=(2806)
2100 20
cfi=(332)
cfn=(2782)
calls=4 610 
* 797

fn=(1774)
1826 104
+4 96
0 8
1838 24
0 8
1855 8
+1 16
+2 64
cfn=(1776) <core::fmt::Formatter>::pad_integral::write_prefix
calls=8 -11 
* 168
* 16
fi=(268)
2173 16
fe=(342)
1859 96
cfi=(338)
cfn=(1764)
calls=8 3357 
* 354

fn=(1776)
1847 80
+1 16
+3 16
0 8
1852 48

fn=(1246)
1631 319
878 58
fi=(256)
1733 21
fe=(342)
-80 42
0 105
fi=(256)
1733 126
fe=(342)
-80 126
fi=(200)
656 126
fe=(342)
1656 126
+9 168
cfi=(332)
cfn=(2782)
calls=8 610 
* 1644
cfi=(338)
cfn=(1764)
calls=32 3357 
* 1364
cfi=(332)
cfn=(1252)
calls=2 610 
* 148
fi=(268)
2173 84
fe=(342)
0 42
fi=(268)
2173 42
fe=(342)
1666 84
0 21
fi=(200)
656 42
fe=(342)
-79 105
fi=(504) /rustc/8bab26f4f68e0e26f0bb7960be334d5b520ea452/library/core/src/fmt/rt.rs
144 21
+8 42
cfi=(342)
cfn=(2804)
calls=4 2872 
* 841
cfi=(342)
cfn=(1810) <bool as core::fmt::Display>::fmt
calls=2 2910 
* 150
cfi=(390)
cfn=(1782)
calls=6 +65 
* 3436
cfi=(388)
cfn=(1768)
calls=8 -17 
* 1538
cfi=(342)
cfn=(1274)
calls=1 2872 
* 249
fi=(268)
2173 42
fe=(342)
0 63
883 8
1633 96
cfi=(332)
cfn=(2782)
calls=8 610 
* 1408
0 42
1740 168

fn=(1247)
1631 11
878 2
fi=(256)
1733 1
fe=(342)
-80 2
0 5
fi=(256)
1733 4
fe=(342)
-80 4
fi=(200)
656 4
fe=(342)
1656 4
+9 4
cfi=(332)
cfn=(1252)
calls=1 610 
* 74
fi=(268)
2173 2
fe=(342)
0 1
fi=(268)
2173 1
fe=(342)
1666 4
0 1
fi=(200)
656 2
fe=(342)
-79 5
fi=(504)
144 1
+8 2
cfi=(342)
cfn=(1278) <&alloc::string::String as core::fmt::Display>::fmt
calls=1 2872 
* 79
fi=(268)
2173 2
fe=(342)
0 5
1740 8

fn=(1282)
1910 27
+2 9
0 39
cfi=(338)
cfn=(1764)
calls=2 3357 
0 86
cfi=(332)
cfn=(1252)
calls=1 610 
0 44

fn=(1810)
2910 2
+1 4
+56 8
cfn=(1282)
calls=2 1910 
* 136

fn=(1278)
2872 4
fi=(338)
2725 1
cfi=(342)
cfn=(1280)
calls=1 2966 
* 74
fe=(342)

fl=(278)
fn=(1586)
250 8
fi=(373)
+10 1
0 1
260 2
cfn=(1588) std::env::_var_os
calls=1 +3 
* 1233
fi=(275)
139 2
fi=(373)
260 1
0 1
260 2
cfn=(1588)
calls=1 +3 
* 1185
fi=(292)
1161 3
fi=(373)
260 1
0 1
260 2
cfn=(1588)
calls=1 +3 
* 1187
fi=(292)
2775 3
fi=(285)
0 1
cfi=(185)
cfn=(904)
calls=1 0 
0 1
fi=(265)
101 3
cfi=(185)
cfn=(906)
calls=1 0 
* 55
fi=(285)
469 2
fi=(256)
+82 2
fi=(398)
2001 3
fe=(278)
250 9

fn=(1640)
250 5
fi=(373)
-27 1
0 1
223 2
cfn=(1642) std::env::_var
calls=1 +3 
* 1192
fi=(275)
-98 2
+6 1
0 2
fi=(256)
825 1
fe=(278)
250 6

fn=(946)
250 2
fi=(199)
3905 2
fi=(277)
54 1
fi=(276)
1157 1
+4 3
cfi=(277)
cfn=(950)
calls=1 61 
* 5432
fi=(275)
108 3
+4 2
+2 2
0 1
114 6
0 1
cfi=(339)
cfn=(1234) std::io::stdio::_eprint
calls=1 1286 
0 593
0 1
fe=(278)
250 3

fl=(457)
fn=(2862)
478 4
fi=(491)
+12 4
fi=(442)
2463 32
fi=(195)
154 32
2043 24
fi=(505) /rustc/8bab26f4f68e0e26f0bb7960be334d5b520ea452/library/compiler-builtins/compiler-builtins/src/float/conv.rs
185 4
+3 4
-3 4
+3 8
fi=(491)
613 4
63 8
178 4
fi=(506) /rustc/8bab26f4f68e0e26f0bb7960be334d5b520ea452/library/core/src/ops/arith.rs
+38 4
fi=(491)
613 4
fi=(505)
190 20
fi=(506)
-86 8
fi=(491)
282 4
fi=(490)
1271 4
fe=(457)
481 4

fl=(434)
fn=(2576)
146 18
fi=(199)
3905 12
0 3
fe=(434)
149 2
+1 2
+1 3
+8 1
fi=(199)
4057 2
fe=(434)
160 1
+19 2
-2 5
+6 1
cfi=(435)
cfn=(2580)
calls=1 +43 
* 82
-6 5
+6 1
cfi=(435)
cfn=(3230)
calls=1 -17 
* 676
fi=(343)
555 2
fi=(199)
3922 2
fe=(434)
62 4
210 16
-61 2
+1 3
+1 3
+8 1
fi=(199)
4057 2
fe=(434)
160 1
0 1
160 1

fl=(468) /rustc/8bab26f4f68e0e26f0bb7960be334d5b520ea452/library/alloc/src/collections/btree/remove.rs
fn=(3268) <alloc::collections::btree::node::Handle<alloc::collections::btree::node::NodeRef<alloc::collections::btree::node::marker::Mut, usize, std::sys::pal::unix::stack_overflow::thread_info::ThreadInfo, alloc::collections::btree::node::marker::Leaf>, alloc::collections::btree::node::marker::KV>>::remove_leaf_kv::<<alloc::collections::btree::map::entry::OccupiedEntry<usize, std::sys::pal::unix::stack_overflow::thread_info::ThreadInfo>>::remove_kv::{closure#0}, alloc::alloc::Global>
26 11
fi=(465)
314 1
1272 1
290 1
fi=(262)
961 1
fi=(256)
1733 2
fi=(262)
961 2
fi=(465)
1845 3
fi=(256)
642 3
cob=(2)
cfi=(237)
cfn=(800)
calls=1 255 
* 13
* 1
fi=(262)
961 3
fi=(256)
1733 8
fi=(262)
961 2
fi=(256)
642 2
cob=(2)
cfi=(237)
cfn=(800)
calls=1 255 
* 13
fi=(465)
1274 2
+1 1
fe=(468)
33 2
fi=(465)
338 1
fi=(292)
742 2
fi=(465)
880 3
0 2
fe=(468)
59 5
fi=(465)
338 1
fi=(292)
742 2
fi=(469) /rustc/8bab26f4f68e0e26f0bb7960be334d5b520ea452/library/alloc/src/collections/btree/fix.rs
0 3
fe=(468)
74 13
+1 8

fl=(339)
fn=(1236) std::io::stdio::print_to_buffer_if_capture_used
1170 104
fi=(199)
3904 13
fe=(339)
1171 26
fi=(340)
0 13
fe=(339)
1181 104

fn=(1234)
1286 10
1160 1
cfn=(1236)
calls=1 +10 
* 20
* 2
+5 3
1041 5
cfn=(1240) <&std::io::stdio::Stderr as std::io::Write>::write_fmt
calls=1 +25 
* 545
1165 2
1288 5

fn=(1240)
1066 9
+1 1
-65 1
fi=(194)
34 2
fi=(343)
555 1
fi=(292)
1062 2
fi=(199)
3904 1
fi=(341)
101 1
290 1
0 1
fi=(199)
3989 2
fi=(271)
32 1
fi=(199)
3889 1
fi=(341)
296 1
fe=(339)
1067 2
fi=(332)
621 3
+1 5
cfi=(342)
cfn=(1246)
calls=1 1631 
* 488
0 2
622 2
0 1
fi=(256)
825 1
0 1
fe=(339)
1067 1
fi=(341)
425 1
+1 1
fi=(199)
3889 2
+33 1
fi=(271)
90 2
fe=(339)
1068 7

fn=(2874) <std::io::stdio::StdoutRaw as std::io::Write>::write_all
158 64
fi=(332)
1859 16
0 48
1859 16
fi=(331)
346 32
cob=(2)
cfi=(344)
cfn=(1262)
calls=8 25 
* 64
fi=(198)
243 32
fi=(345)
568 24
89 16
fi=(332)
1867 8
fi=(256)
0 8
fe=(339)
160 64

fn=(2772)
1275 120
1160 12
cfn=(1236)
calls=12 +10 
* 240
* 24
fi=(199)
3905 12
fi=(433)
156 24
fe=(339)
1165 36
809 60
cfn=(2776) <&std::io::stdio::Stdout as std::io::Write>::write_fmt
calls=12 +25 
* 5149
1165 24
1277 60

fn=(2776)
834 108
+1 12
-65 12
fi=(194)
34 24
fi=(343)
555 12
fi=(292)
1062 24
fi=(199)
3904 12
fi=(341)
101 12
290 12
0 12
fi=(199)
3989 24
fi=(271)
32 12
fi=(199)
3889 12
fi=(341)
296 12
fe=(339)
835 24
fi=(332)
621 36
+1 60
cfi=(342)
cfn=(1246)
calls=12 1631 
* 4465
0 24
622 24
0 12
fi=(256)
825 12
0 12
fe=(339)
835 12
fi=(341)
425 12
+1 12
fi=(199)
3889 24
+33 12
fi=(271)
90 24
fe=(339)
836 84

fn=(2784)
860 160
fi=(341)
401 20
fi=(343)
2066 40
0 40
fi=(196)
931 20
fi=(449) /rustc/8bab26f4f68e0e26f0bb7960be334d5b520ea452/library/std/src/io/buffered/linewritershim.rs
269 40
cfi=(282)
cfn=(2788)
calls=20 111 
* 1375
fe=(339)
861 20
fi=(449)
269 40
fe=(339)
861 12
fi=(449)
278 12
fi=(281)
2155 24
fi=(289)
1864 12
fi=(449)
280 24
fi=(285)
619 8
fi=(448)
466 4
+85 8
0 4
fi=(262)
961 4
fi=(256)
551 12
cob=(2)
cfi=(237)
cfn=(800)
calls=4 255 
* 64
fi=(448)
-91 4
fi=(289)
2221 8
fi=(449)
290 4
cfi=(448)
cfn=(2810)
calls=4 -95 
* 292
* 4
fi=(289)
1864 8
fi=(281)
282 16
fi=(285)
614 4
fi=(449)
47 8
fi=(289)
-47 4
fi=(285)
619 4
fi=(448)
466 4
+85 8
fi=(285)
+68 4
fi=(448)
466 4
+85 8
0 8
fi=(262)
961 8
fi=(256)
551 24
cob=(2)
cfi=(237)
cfn=(800)
calls=8 255 
* 106
fi=(448)
-91 8
fi=(289)
2221 16
fi=(449)
281 24
cfi=(339)
cfn=(2874)
calls=8 158 
* 392
fi=(268)
2173 24
fi=(449)
0 12
fi=(285)
619 12
fi=(289)
3054 12
fi=(448)
466 12
+85 24
0 12
fi=(262)
961 12
fi=(256)
551 36
cob=(2)
cfi=(237)
cfn=(800)
calls=12 255 
* 156
fi=(448)
-91 12
fi=(289)
2221 12
0 12
fi=(196)
931 12
fe=(339)
-69 96
fi=(289)
0 8
fi=(196)
931 8
fe=(339)
-69 64

fn=(1256)
190 32
fi=(332)
1859 8
0 18
1859 6
fi=(331)
346 12
cob=(2)
cfi=(344)
cfn=(1262)
calls=3 25 
* 24
fi=(198)
243 12
fi=(345)
568 9
89 6
fi=(332)
1867 3
fi=(256)
0 4
fe=(339)
192 32

fl=(256)
fn=(2894)
825 28
cfi=(443)
cfn=(2896)
calls=4 370 
* 1412
fi=(285)
424 4
0 4
634 4
424 4
fi=(265)
128 8
cfi=(185)
cfn=(1200)
calls=4 0 
* 367
fi=(285)
614 4
fi=(289)
4285 4
fe=(256)
825 32
cfn=(2906) core::ptr::drop_glue::<criterion::report::BenchmarkId>
calls=4 * 
* 1667
* 8
fi=(285)
424 4
0 4
634 4
424 4
fi=(195)
1359 8
fi=(265)
128 28
cfi=(185)
cfn=(1200)
calls=4 0 
* 348
fe=(256)

fn=(3182)
825 32
cfn=(3184) core::ptr::drop_glue::<criterion::report::Reports>
calls=2 * 
* 32189
fi=(285)
424 2
0 2
634 2
424 2
fi=(265)
128 4
cfi=(185)
cfn=(1200)
calls=2 0 
* 214
fi=(285)
424 2
0 2
634 2
424 2
fi=(265)
128 4
cfi=(185)
cfn=(1200)
calls=2 0 
* 216
fe=(256)
825 6
fi=(355)
2656 2
2271 4
-59 3
0 1
2439 1
fi=(358)
1320 1
fi=(307)
863 1
fi=(355)
3591 4
0 16
3853 8
fi=(372)
40 8
fi=(359)
644 4
fi=(262)
1072 8
fi=(285)
424 4
0 4
634 4
fi=(355)
0 4
fi=(285)
424 4
fi=(265)
128 8
cfi=(185)
cfn=(1200)
calls=4 0 
* 432
0 4
fi=(195)
3178 1
896 1
fi=(355)
222 1
+1 1
fi=(265)
-3 1
0 1
220 1
fi=(355)
3150 1
fi=(262)
1072 1
fi=(265)
128 3
cfi=(185)
cfn=(1200)
calls=1 0 
* 87
fi=(355)
2656 2
2271 4
-59 3
0 1
2439 1
fi=(358)
1320 1
fi=(307)
863 1
fi=(355)
3591 4
0 16
3853 8
fi=(372)
40 8
fi=(359)
644 4
fi=(262)
1072 8
fi=(285)
424 4
0 4
634 4
fi=(355)
0 4
fi=(285)
424 4
fi=(265)
128 8
cfi=(185)
cfn=(1200)
calls=4 0 
* 430
0 4
fi=(195)
3178 1
896 1
fi=(355)
222 1
+1 1
fi=(265)
-3 1
0 1
220 1
fi=(355)
3150 1
fi=(262)
1072 1
fi=(265)
128 3
cfi=(185)
cfn=(1200)
calls=1 0 
* 87
fe=(256)
825 14
fi=(196)
458 22
fi=(269)
1955 4
fi=(265)
128 4
cfi=(185)
cfn=(1200)
calls=2 0 
* 216
fe=(256)
825 22

fn=(2474)
825 28
0 2
fi=(285)
634 2
424 2
fi=(265)
128 4
cfi=(185)
cfn=(1200)
calls=2 0 
* 174
fe=(256)
825 30
0 2
fi=(285)
634 2
424 2
fi=(265)
128 4
cfi=(185)
cfn=(1200)
calls=2 0 
* 174
fe=(256)
825 6
fi=(285)
424 2
0 2
634 2
424 2
0 2
634 2
424 2
0 2
634 2
fe=(256)
825 18
fi=(285)
614 2
fi=(289)
4285 2
fe=(256)
825 2
0 4
825 304
cfn=(2478) core::ptr::drop_glue::<clap_builder::builder::arg::Arg>
calls=60 * 
* 23706
* 120
fi=(285)
424 2
0 2
634 2
fi=(195)
1359 2
fi=(265)
128 6
cfi=(185)
cfn=(1200)
calls=2 0 
* 340
fi=(285)
424 2
0 2
634 2
424 2
fi=(195)
1359 2
fi=(265)
128 4
cfi=(185)
cfn=(1200)
calls=2 0 
* 340
fi=(285)
614 2
fi=(289)
4285 2
fe=(256)
825 2
0 4
825 4
fi=(285)
424 2
0 2
634 2
-20 2
fi=(289)
4285 2
fe=(256)
825 4
fi=(285)
424 2
0 2
634 2
fe=(256)
825 26
cfn=(2496) core::ptr::drop_glue::<clap_builder::builder::ext::Extensions>
calls=2 * 
* 52

fn=(2482) core::ptr::drop_glue::<alloc::vec::Vec<clap_builder::util::any_value::AnyValue>>
825 752
fi=(285)
614 94
fi=(289)
4285 94
fe=(256)
825 188
0 34
fi=(440)
2831 170
fe=(256)
825 170
fi=(200)
441 34
fi=(199)
3956 34
fi=(440)
2831 34
fe=(256)
825 34
fi=(440)
2874 34
cfn=(2630)
calls=34 2132 
* 5576
* 34
fi=(285)
424 94
0 94
634 94
fi=(195)
1359 34
fi=(265)
128 340
cfi=(185)
cfn=(1200)
calls=34 0 
* 6020
fe=(256)
825 480

fn=(3184)
825 10
0 2
825 2
cfi=(355)
cfn=(3186)
calls=2 3486 
* 31853
* 4
cfi=(355)
cfn=(3198)
calls=2 3486 
* 294
* 10
fi=(196)
458 2
fi=(269)
1955 4
fe=(256)
825 8

fn=(2478)
825 540
0 56
fi=(285)
634 56
424 56
fi=(265)
128 112
cfi=(185)
cfn=(1200)
calls=56 0 
* 4975
fe=(256)
825 616
cfn=(2486) core::ptr::drop_glue::<clap_builder::builder::value_parser::PossibleValuesParser>
calls=8 * 
* 1066
fi=(196)
458 24
fi=(269)
1955 48
fi=(196)
597 24
fi=(265)
128 48
cfi=(185)
cfn=(1200)
calls=24 0 
* 2548
fi=(285)
424 60
0 60
634 60
424 18
fi=(195)
1359 18
fi=(265)
128 36
cfi=(185)
cfn=(1200)
calls=18 0 
* 1730
fi=(285)
424 60
0 60
634 60
424 60
0 60
634 60
424 60
0 60
634 60
424 2
fi=(195)
1359 2
fi=(265)
128 4
cfi=(185)
cfn=(1200)
calls=2 0 
* 174
fi=(285)
424 60
0 60
634 60
424 60
0 60
634 60
424 60
0 60
634 60
424 60
0 60
634 60
424 60
0 60
634 60
424 2
fi=(195)
1359 4
fi=(265)
128 4
cfi=(185)
cfn=(1200)
calls=2 0 
* 174
fi=(285)
424 60
0 60
634 60
424 60
0 60
634 60
424 60
0 60
634 60
424 34
fi=(195)
1359 34
fi=(265)
128 68
cfi=(185)
cfn=(1200)
calls=34 0 
* 3565
fi=(285)
614 60
fi=(289)
4285 60
fe=(256)
825 120
fi=(285)
424 60
0 60
634 60
424 60
0 60
634 60
424 26
fi=(195)
1359 26
fi=(265)
128 52
cfi=(185)
cfn=(1200)
calls=26 0 
* 2764
fi=(285)
424 60
0 60
634 60
fe=(256)
825 480
cfn=(2482)
calls=60 * 
* 1380

fn=(2496)
825 16
fi=(285)
424 2
0 2
634 2
-20 2
fi=(289)
4285 2
fe=(256)
825 4
fi=(285)
424 2
0 2
634 2
fe=(256)
825 16

fn=(2620)
825 16
fi=(285)
424 2
0 2
634 2
424 2
fi=(195)
1359 2
fi=(265)
128 4
cfi=(185)
cfn=(1200)
calls=2 0 
* 174
fi=(285)
614 2
fi=(289)
4285 2
fe=(256)
825 2
0 4
825 174
cfn=(2624) core::ptr::drop_glue::<clap_builder::parser::matches::matched_arg::MatchedArg>
calls=34 * 
* 34414
* 68
fi=(285)
424 2
0 2
634 2
fi=(195)
1359 2
fi=(265)
128 6
cfi=(185)
cfn=(1200)
calls=2 0 
* 11320
fe=(256)
825 22

fn=(2906)
825 8
fi=(285)
424 4
0 4
634 4
424 4
fi=(265)
128 8
cfi=(185)
cfn=(1200)
calls=4 0 
* 369
fe=(256)
825 24
fi=(285)
424 4
0 4
634 4
424 4
fi=(265)
128 8
cfi=(185)
cfn=(1200)
calls=4 0 
* 369
fi=(285)
424 4
0 4
634 4
424 4
fi=(265)
128 8
cfi=(185)
cfn=(1200)
calls=4 0 
* 388
fi=(285)
424 4
0 4
634 4
424 4
fi=(265)
128 12
cfi=(185)
cfn=(1200)
calls=4 0 
* 409
fe=(256)

fn=(1196)
825 6
fi=(283)
706 1
fi=(269)
1955 2
fi=(265)
128 2
cfi=(185)
cfn=(1200)
calls=1 0 
* 87
fe=(256)
825 2
cfi=(286)
cfn=(1204)
calls=1 80 
* 278
fi=(285)
424 1
634 2
424 1
fi=(195)
1359 1
fi=(265)
128 2
cfi=(185)
cfn=(1200)
calls=1 0 
* 87
fe=(256)
825 2
cfi=(337)
cfn=(1218)
calls=1 207 
* 55
* 9
cfi=(289)
cfn=(1224)
calls=1 4280 
* 14
fi=(285)
424 1
634 2
fe=(256)
825 13

fn=(2078)
825 578

fn=(2468)
825 18
fi=(285)
634 4
-20 2
fi=(289)
4285 2
fe=(256)
825 2
0 4
825 6
fi=(285)
634 4
fe=(256)
825 16

fn=(2624)
825 272
fi=(285)
424 34
0 34
634 34
424 34
fi=(195)
1359 34
fi=(265)
128 68
cfi=(185)
cfn=(1200)
calls=34 0 
* 3670
fe=(256)
825 102
0 68
825 238
cfn=(2482)
calls=34 * 
* 13058
* 68
fi=(285)
424 34
0 34
634 34
fi=(195)
1359 68
fi=(265)
128 102
cfi=(185)
cfn=(1200)
calls=34 0 
* 3626
fe=(256)
825 102
0 34
825 68
0 102
825 136
fi=(289)
4285 34
fe=(256)
825 68
fi=(289)
4285 34
fi=(285)
634 34
0 34
fe=(256)
825 102
fi=(285)
424 34
0 34
634 34
424 34
fi=(265)
128 68
cfi=(185)
cfn=(1200)
calls=34 0 
* 3672
0 34
fe=(256)
825 34
fi=(285)
424 34
0 34
634 34
424 34
fi=(195)
1359 68
fi=(265)
128 68
cfi=(185)
cfn=(1200)
calls=34 0 
* 3630
0 68
fi=(285)
424 34
0 34
634 34
fi=(195)
1359 68
fi=(265)
128 340
cfi=(185)
cfn=(1200)
calls=34 0 
* 3630
fe=(256)

fn=(2536)
825 26

fn=(2486)
825 48
fi=(285)
614 8
fi=(289)
4285 8
fe=(256)
825 148
fi=(285)
424 18
0 18
634 18
424 8
0 8
634 8
fi=(195)
1359 16
fi=(265)
128 64
cfi=(185)
cfn=(1200)
calls=8 0 
* 696
fe=(256)

fl=(461)
fn=(2986)
2 8
fi=(289)
464 3
fi=(200)
1714 1
fi=(336)
180 1
0 4
fi=(262)
961 1
fi=(200)
1714 1
fi=(336)
180 1
0 119997
fi=(259)
1878 39999
fe=(461)
7 39999
fi=(259)
1878 399960001
fe=(461)
7 399960001
fi=(200)
1714 799960000
fi=(336)
180 399980000
fe=(461)
14 20000
fi=(289)
1040 40000
+1 28
cfi=(285)
cfn=(2992)
calls=14 186 
* 23741
fi=(285)
614 14
fi=(256)
1933 14
fi=(289)
1046 28
fi=(463)
34 14
fi=(354)
436 14
fi=(256)
1933 19986
fi=(289)
1046 39972
fi=(463)
34 19986
fi=(354)
436 19986
fe=(461)
0 40000
fi=(200)
1714 40000
fi=(336)
180 40000
fi=(285)
614 39999
fi=(289)
1864 39999
fi=(262)
961 39999
fi=(200)
1714 39999
fi=(336)
180 39999
fe=(461)
15 19999
fi=(463)
+35 19999
fi=(354)
436 19999
fi=(462) /rustc/8bab26f4f68e0e26f0bb7960be334d5b520ea452/library/core/src/slice/sort/shared/smallsort.rs
541 77
fi=(259)
1916 10
fi=(462)
541 10
0 9
541 9
fi=(262)
961 10
fi=(462)
541 38
0 18
541 36
fi=(262)
961 90
fi=(462)
593 270
-52 180
fi=(259)
1916 90
fi=(462)
541 270
fi=(259)
1916 90
fi=(462)
541 90
fi=(463)
55 59940
cfi=(464)
cfn=(3010)
calls=19980 -30 
* 1400088510
* 19980
fe=(461)
-37 6
+1 9

fn=(3072)
22 5
+1 2
-23 2
26 2
cfn=(3073) broken_app::algo::slow_fib'2
calls=1 -4 
* 44080403
* 30
cfn=(3073)
calls=15 -4 
* 27243080
* 32
-3 32
-23 1
28 5

fn=(3073)
22 17622885
+1 7049154
-23 4356616
26 4356616
cfn=(3073)
calls=2178308 -4 
* 580494202
* 2692506
cfn=(3073)
calls=1346253 -4 
* 319338544
* 7049122
-3 7049122
-23 3524577
28 17622885

fl=(193) /rustc/8bab26f4f68e0e26f0bb7960be334d5b520ea452/library/std/src/rt.rs
fn=(660) std::rt::lang_start_internal
152 13
fi=(194)
34 2
fi=(343)
555 1
fi=(292)
1062 2
fi=(194)
108 1
fi=(199)
3904 1
0 1
fi=(195)
896 1
fi=(354)
459 1
fi=(195)
896 1
fi=(199)
4045 1
fi=(507) /rustc/8bab26f4f68e0e26f0bb7960be334d5b520ea452/library/std/src/thread/id.rs
53 1
fi=(196)
931 1
0 3
fi=(199)
3889 1
fi=(198)
95 6
-95 1
101 4
cob=(2)
cfi=(197)
cfn=(668)
calls=1 -74 
* 8
* 2
+69 2
0 3
170 3
fi=(199)
0 5
fi=(200)
1714 1
fi=(336)
180 1
fi=(200)
1714 3
fi=(336)
180 3
fi=(200)
656 3
fi=(198)
118 9
+63 2
cob=(2)
cfi=(201) ./signal/../sysdeps/posix/signal.c
cfn=(676) signal
calls=1 30 
* 120
* 2
fi=(206)
6 2
cob=(2)
cfi=(207) ./posix/../sysdeps/unix/sysv/linux/x86/sysconf.c
cfn=(690) sysconf
calls=1 +26 
* 58
fi=(199)
3889 1
+15 1
fi=(256)
713 5
fi=(212)
372 1
cob=(2)
cfi=(211) ./nptl/./nptl/pthread_self.c
cfn=(698) pthread_self
calls=1 23 
* 3
* 3
cob=(2)
cfi=(213) ./nptl/./nptl/pthread_getattr_np.c
cfn=(702) pthread_getattr_np@@GLIBC_2.32
calls=1 33 
* 110376
* 1
+1 3
fi=(253) /rustc/8bab26f4f68e0e26f0bb7960be334d5b520ea452/library/core/src/ptr/metadata.rs
133 1
fi=(212)
375 4
+2 2
cob=(2)
cfi=(254) ./nptl/./nptl/pthread_attr_getstack.c
cfn=(872) pthread_attr_getstack@@GLIBC_2.34
calls=1 24 
* 9
* 1
-1 2
+4 2
+3 1
cob=(2)
cfi=(255) ./nptl/./nptl/pthread_attr_destroy.c
cfn=(874) pthread_attr_destroy
calls=1 26 
* 191
* 3
+15 10
+1 5
+50 2
fi=(256)
713 12
fi=(212)
168 3
cob=(2)
cfi=(204) ./signal/./signal/sigaction.c
cfn=(682) sigaction
calls=1 26 
* 59
+2 2
fi=(199)
3904 1
fi=(212)
171 2
fi=(199)
3890 1
fi=(212)
174 2
cfn=(876) std::sys::pal::unix::stack_overflow::imp::make_handler
calls=1 +76 
* 248
fi=(199)
3889 1
fi=(212)
373 1
178 1
+1 3
cfi=(263)
cfn=(892)
calls=1 -67 
* 508
0 1
183 1
+1 3
+4 3
cob=(2)
cfi=(204)
cfn=(682)
calls=1 26 
* 60
0 1
168 3
cob=(2)
cfi=(204)
cfn=(682)
calls=1 26 
* 59
+2 2
fi=(199)
3904 1
fi=(212)
171 2
+12 1
+1 3
+4 3
cob=(2)
cfi=(204)
cfn=(682)
calls=1 26 
* 60
0 1
fi=(199)
3889 5
fi=(278)
287 1
cfi=(193)
cfn=(924) std::rt::lang_start::<()>::{closure#0}
calls=1 -81 
* 3492227547
fe=(193)
185 1
fi=(199)
3905 1
fi=(435)
161 2
fi=(470) /rustc/8bab26f4f68e0e26f0bb7960be334d5b520ea452/library/std/src/sys/exit.rs
36 1
cob=(2)
cfi=(270)
cfn=(918)
calls=1 -11 
* 4
* 1
fi=(199)
3989 2
fi=(470)
37 1
fe=(193)
195 9
fi=(435)
-30 2
+1 7
cfi=(434)
cfn=(2576)
calls=1 -20 
* 723
* 1
fe=(193)

fn=(924)
206 3
cfi=(273)
cfn=(926)
calls=1 -44 
* 3492227541
* 3

fl=(188) /rustc/8bab26f4f68e0e26f0bb7960be334d5b520ea452/library/std/src/sys/args/unix.rs
fn=(638) std::sys::args::unix::imp::ARGV_INIT_ARRAY::init_wrapper
131 1
fi=(199)
3889 2
fe=(188)
132 1

fl=(290) /rustc/8bab26f4f68e0e26f0bb7960be334d5b520ea452/library/std/src/sys/process/unix/unix.rs
fn=(1020) <std::sys::process::unix::common::Command>::spawn
55 13
+7 2
cfi=(280)
cfn=(1022)
calls=1 339 
* 22
+2 2
+7 5
cfi=(280)
cfn=(1028)
calls=1 354 
* 305
fi=(268)
2173 2
fi=(256)
825 2
fe=(290)
165 8
fi=(268)
2174 6
fe=(290)
71 3
460 2
0 1
fi=(291)
76 4
fe=(290)
463 6
fi=(280)
238 1
fe=(290)
494 2
fi=(199)
0 2
fe=(290)
540 1
cfi=(206)
cfn=(1060)
calls=1 72 
* 409
* 2
fi=(259)
1931 7
fe=(290)
541 3
fi=(292)
742 3
fe=(290)
165 1
cob=(2)
cfi=(328)
cfn=(1152)
calls=1 26 
* 8
* 1
0 4
fi=(280)
304 5
fe=(290)
688 1
cob=(2)
cfi=(308) ./posix/./posix/spawnattr_init.c
cfn=(1096) posix_spawnattr_init
calls=1 24 
* 53
fi=(198)
263 1
fi=(268)
2173 1
0 1
fe=(290)
694 1
cob=(2)
cfi=(310) ./posix/./posix/spawn_faction_init.c
cfn=(1102) posix_spawn_file_actions_init
calls=1 49 
* 9
fi=(198)
263 1
fi=(268)
2173 1
fi=(280)
481 2
0 2
fe=(290)
698 2
cob=(2)
cfi=(311) ./posix/./posix/spawn_faction_adddup2.c
cfn=(1104) posix_spawn_file_actions_adddup2
calls=1 29 
* 478
fi=(198)
263 1
fi=(268)
2173 1
fi=(280)
481 2
0 2
fe=(290)
705 2
cob=(2)
cfi=(311)
cfn=(1104)
calls=1 29 
* 234
fi=(198)
263 1
fi=(268)
2173 1
fi=(280)
481 2
0 2
fe=(290)
712 2
cob=(2)
cfi=(311)
cfn=(1104)
calls=1 29 
* 234
fi=(198)
263 1
fi=(268)
2173 1
0 1
fe=(290)
718 2
fi=(268)
2173 2
fe=(290)
74 8
fi=(256)
825 3
fi=(297)
216 1
cob=(2)
cfi=(328)
cfn=(1152)
calls=1 26 
* 8
fi=(256)
825 3
fi=(297)
216 1
cob=(2)
cfi=(328)
cfn=(1152)
calls=1 26 
* 8
fi=(256)
825 4
fe=(290)
722 2
fi=(268)
0 1
fi=(199)
3904 1
741 1
fe=(290)
-7 1
fi=(280)
312 1
fe=(290)
749 4
+11 1
cob=(2)
cfi=(317) ./posix/./posix/spawnattr_setflags.c
cfn=(1124) posix_spawnattr_setflags
calls=1 35 
* 7
fi=(198)
263 1
fi=(268)
2173 1
fi=(292)
0 1
fe=(290)
736 1
cob=(2)
cfi=(314) ./signal/./signal/sigempty.c
cfn=(1112) sigemptyset
calls=1 26 
* 6
fi=(198)
233 1
+10 1
0 1
fe=(290)
737 2
cob=(2)
cfi=(315) ./signal/./signal/sigaddset.c
cfn=(1116) sigaddset
calls=1 26 
* 14
fi=(198)
233 1
+10 1
0 2
fe=(290)
742 1
cob=(2)
cfi=(316) ./posix/./posix/spawnattr_setdefault.c
cfn=(1122) posix_spawnattr_setsigdefault
calls=1 25 
* 19
* 1
fi=(198)
263 1
fi=(268)
2173 1
fe=(290)
746 3
fi=(199)
3904 1
fi=(318)
54 2
+45 1
fi=(199)
4054 1
fi=(318)
97 1
fi=(199)
3904 1
fi=(292)
742 1
fe=(290)
+22 1
0 2
764 1
+8 2
974 4
fi=(285)
614 1
fi=(283)
-47 3
fe=(290)
816 1
cob=(2)
cfi=(319) ./posix/./posix/spawnp.c
cfn=(1128) posix_spawnp@@GLIBC_2.15
calls=1 29 
* 321
fi=(198)
263 1
fi=(268)
2173 1
fe=(290)
829 5
fi=(199)
3956 1
fi=(318)
111 1
+7 5
0 1
fe=(290)
671 1
cob=(2)
cfi=(326) ./posix/./posix/spawn_faction_destroy.c
cfn=(1146) posix_spawn_file_actions_destroy
calls=1 26 
* 138
* 1
+10 1
cob=(2)
cfi=(327) ./posix/./posix/spawnattr_destroy.c
cfn=(1148) posix_spawnattr_destroy
calls=1 23 
* 3
* 1
fi=(268)
2173 2
fe=(290)

fn=(1184) <std::sys::process::unix::unix::Process>::wait
1018 10
+2 2
fi=(292)
742 3
fe=(290)
1029 3
+1 3
cob=(2)
cfi=(334) ./posix/./posix/waitpid.c
cfn=(1188) waitpid
calls=1 37 
* 12
fi=(198)
233 1
+10 1
fe=(290)
1031 3
0 2
1033 8

fl=(185)
fn=(906)
0 801
cfi=(266)
cfn=(908)
calls=801 450 
0 151349

fn=(626)
0 12
cob=(2)
cfi=(186) ./csu/../csu/libc-start.c
cfn=(628) __libc_start_main@@GLIBC_2.34
calls=1 242 
0 3492342500

fn=(640) 0x000000000008e8a0
0 12

fn=(1200)
0 799
cfi=(267)
cfn=(1202)
calls=799 48 
0 95300

fn=(658) main
0 10
cfi=(193)
cfn=(660)
calls=1 152 
0 3492340252
0 2

fn=(904)
0 801

fn=(3312) 0x000000000008e7f0
0 5

fn=(1006)
0 86
cfi=(266)
cfn=(1008)
calls=86 467 
0 345107

fn=(3296)
0 9
cob=(2)
cfi=(477)
cfn=(3304)
calls=1 30 
0 78
0 1
0 1
cfn=(3312)
calls=1 0 
0 5
0 3

fl=(373)
fn=(1588)
263 21
fi=(374) /rustc/8bab26f4f68e0e26f0bb7960be334d5b520ea452/library/std/src/sys/helpers/small_c_string.rs
25 6
-25 3
fi=(256)
551 9
cob=(2)
cfi=(237)
cfn=(800)
calls=3 255 
* 39
1933 3
fi=(374)
47 15
cfi=(299)
cfn=(1594)
calls=3 352 
* 176
* 6
+1 9
cfi=(375)
cfn=(1598)
calls=3 +64 
* 3276
fi=(268)
713 3
0 3
713 6
+1 6
fi=(292)
0 3
fe=(373)
265 21

fn=(1812)
861 16
fi=(199)
3904 4
fi=(188)
145 4
0 2
fi=(199)
3904 2
fi=(195)
3178 4
fi=(354)
459 4
fi=(262)
961 4
fe=(373)
-99 8
+1 18
fi=(285)
460 4
0 6
cfi=(185)
cfn=(904)
calls=2 0 
0 2
fi=(265)
101 6
cfi=(185)
cfn=(906)
calls=2 0 
* 394
* 10
fi=(285)
469 4
fi=(289)
977 4
fi=(188)
0 2
fi=(259)
1916 2
fi=(371)
900 2
0 16
fi=(256)
1933 18
fi=(188)
0 6
fi=(259)
1916 18
fi=(371)
900 6
0 6
fi=(256)
1733 6
fi=(188)
42 12
-42 6
fi=(299)
767 12
cob=(2)
cfi=(241)
cfn=(814)
calls=6 52 
* 116
* 6
fi=(285)
460 12
0 6
cfi=(185)
cfn=(904)
calls=6 0 
0 6
fi=(265)
101 18
cfi=(185)
cfn=(906)
calls=6 0 
* 1060
fi=(285)
469 12
fi=(287)
0 6
fi=(256)
551 24
cob=(2)
cfi=(237)
cfn=(800)
calls=6 255 
* 104
fi=(289)
1040 18
fi=(371)
0 2
fi=(188)
61 8
fe=(373)

fn=(1642)
226 8
fi=(374)
25 2
-25 1
fi=(256)
551 3
cob=(2)
cfi=(237)
cfn=(800)
calls=1 255 
* 11
1933 1
fi=(374)
47 5
cfi=(299)
cfn=(1594)
calls=1 352 
* 63
* 2
+1 3
cfi=(375)
cfn=(1598)
calls=1 +64 
* 1075
fi=(268)
713 3
fe=(373)
227 2
fi=(268)
0 5
fe=(373)
231 8

fl=(451)
fn=(2834)
74 16
cfi=(452)
cfn=(2836)
calls=8 +1 
* 216

fl=(288)
fn=(1018)
1112 10
fi=(329) /rustc/8bab26f4f68e0e26f0bb7960be334d5b520ea452/library/std/src/sys/process/mod.rs
53 3
cfi=(290)
cfn=(1020)
calls=1 +2 
* 2496
fi=(268)
2173 2
+1 7
fi=(329)
53 3
fi=(196)
931 1
fi=(256)
825 2
fi=(329)
56 6
fi=(196)
930 2
+1 1
fi=(329)
57 4
-57 2
68 2
cfi=(280)
cfn=(1158)
calls=1 636 
* 358
fi=(268)
1231 2
fi=(297)
0 2
fi=(329)
73 1
cfi=(290)
cfn=(1184)
calls=1 1018 
* 48
fi=(268)
2173 2
+1 1
fi=(329)
74 7
+1 1
fi=(256)
825 2
fi=(268)
2173 2
fe=(288)
1113 4
+1 5
+1 9

fl=(452)
fn=(2836)
75 80
+32 16
cob=(2)
cfi=(453) ./time/../sysdeps/unix/sysv/linux/clock_gettime.c
cfn=(2838) clock_gettime@@GLIBC_2.17
calls=16 -77 
* 176
fi=(198)
233 16
+10 16
fe=(452)
108 16
-41 16
fi=(268)
1231 16
fe=(452)
108 16
+2 64

fn=(2856)
112 48
fi=(259)
2000 16
fe=(452)
25 40
fi=(259)
539 8
fe=(452)
25 8
fi=(259)
539 8
fe=(452)
25 8
+94 16
+1 64
0 8
fi=(389)
195 16
fe=(452)
-59 24
+7 32

fl=(212)
fn=(3246)
284 8
+1 2
0 1
310 2
cob=(2)
cfi=(258) ./misc/./misc/getauxval.c
cfn=(882) getauxval
calls=1 56 
* 146
fi=(259)
1038 3
fi=(199)
3904 1
fe=(212)
288 4
+10 2
cob=(2)
cfi=(257) ./signal/../sysdeps/unix/syscall-template.S
cfn=(880) sigaltstack
calls=1 120 
* 6
fi=(262)
1072 1
fe=(212)
301 4
cob=(2)
cfi=(261)
cfn=(1144) munmap
calls=1 117 
* 6
fi=(263)
126 1
cob=(2)
cfi=(270)
cfn=(918)
calls=1 25 
* 4
* 2
fi=(199)
3989 2
fi=(271)
32 1
fi=(199)
3904 2
fi=(272)
464 3
0 1
fi=(199)
3904 2
fi=(340)
123 3
0 3
fi=(199)
3989 2
fi=(263)
96 1
fi=(292)
764 3
fi=(465)
641 1
fi=(466) /rustc/8bab26f4f68e0e26f0bb7960be334d5b520ea452/library/alloc/src/collections/btree/search.rs
57 3
fi=(465)
396 1
fi=(466)
225 3
0 1
fi=(200)
1714 1
fi=(336)
180 1
fi=(259)
2011 3
fi=(466)
226 8
fi=(467)
590 1
fi=(465)
731 2
fi=(468)
19 7
cfn=(3268)
calls=1 +7 
* 112
fi=(467)
591 2
+4 1
+1 2
fi=(256)
825 4
fi=(265)
128 4
cfi=(185)
cfn=(1200)
calls=1 0 
* 108
0 1
fi=(199)
3890 1
fi=(340)
123 1
fi=(256)
825 5
0 1
825 3
fe=(212)
305 8

fn=(876)
250 6
fi=(199)
3905 1
fe=(212)
251 2
+4 2
fi=(256)
713 5
fe=(212)
264 2
cob=(2)
cfi=(257)
cfn=(880)
calls=1 120 
* 6
+2 2
+44 2
cob=(2)
cfi=(258)
cfn=(882)
calls=1 56 
* 146
fi=(259)
1038 3
fi=(199)
3904 1
fe=(212)
229 1
-2 6
cob=(2)
cfi=(260) ./misc/../sysdeps/unix/sysv/linux/mmap64.c
cfn=(886) mmap
calls=1 47 
* 26
+8 2
0 1
238 4
cob=(2)
cfi=(261)
cfn=(888) mprotect
calls=1 117 
* 6
+1 2
fi=(262)
961 1
fe=(212)
269 4
+1 2
cob=(2)
cfi=(257)
cfn=(880)
calls=1 120 
* 6
+2 2
+4 7

fl=(300)
fn=(1068)
89 100
fi=(301)
+44 60
+12 40
0 133
145 54
+19 42
+1 84
fi=(195)
2621 84
fi=(301)
222 84
+23 54
-7 2
-14 34
+9 2
+1 6
+7 30
0 15
241 174
+1 87
-1 189
fe=(300)
94 80
-94 20
98 80

ob=(6)
fl=(184)
fn=(3342) 0x00000000000048f0
0 32

fn=(618)
0 12

fn=(3352)
0 9
cob=(4)
cfi=(175)
cfn=(3358)
calls=1 0 
0 80
0 1
cfn=(3362) 0x0000000000005a60
calls=1 0 
0 5
0 3

fn=(616)
0 364

fn=(3340)
0 5
cfn=(3342)
calls=1 0 
0 16
0 2
cfn=(3342)
calls=1 0 
0 16
0 3

fn=(3362)
0 5

ob=(2)
fl=(333)
fn=(1172)
25 2
+1 12
+1 2

fl=(204)
fn=(682)
26 5
+1 15
fi=(202) ./signal/../sysdeps/unix/sysv/linux/internal-signals.h
+26 5
fe=(204)
-26 10
+6 5
cfi=(205) ./signal/../sysdeps/unix/sysv/linux/libc_sigaction.c
cfn=(686) __libc_sigaction
calls=5 +10 
* 282

fl=(224) ./libio/./libio/genops.c
fn=(780) _IO_switch_to_get_mode
164 30
+1 15
+3 15
+4 10
+1 10
+7 5
-4 5
+4 5
-2 10
+3 5
+1 20

fn=(820) _IO_sputbackc
635 1372
+3 588
+1 392
+9 196
+3 980
-10 392
+1 196
+5 196

fn=(3388) _IO_cleanup
842 6
-66 1
+66 6
+1 1
cfn=(3390) _IO_flush_all
calls=1 686 
* 183
-67 2
+67 1
-67 3
cfi=(226) ./nptl/./nptl/libc-cleanup.c
cfn=(744) __libc_cleanup_push_defer
calls=1 24 
* 13
+1 6
fi=(234) ./libio/./libio/libioP.h
1025 1
fe=(224)
785 1
-1 1
+1 4
-1 2
+1 25
+9 6
+20 2
+2 4
+1 3
-37 9
+41 7
+1 2
cfi=(226)
cfn=(746) __libc_cleanup_pop_restore
calls=1 54 
* 9
+33 12
-78 2
+39 24
-2 1
+2 1
-31 6
+7 7
-15 1
+3 2
-3 1
+3 2

fn=(736) _IO_no_init
563 550
+1 50
cfn=(738) _IO_old_init
calls=50 -33 
* 1152
+1 50
+1 100
+2 1
+4 1
+7 1
+2 1
-9 5
+15 1
+1 6
-1 49
+1 294
-2 98

fn=(764) __underflow
269 25
+1 5
-1 5
+1 11
+5 15
+3 5
173 5
278 10
+2 10
+6 10
+7 5
fi=(234)
1025 15
+1 10
fe=(224)
293 10
+1 15
-1 5
cfi=(225) ./libio/./libio/fileops.c
cfn=(766) _IO_file_underflow@@GLIBC_2.2.5
calls=5 462 
* 775
-23 8
+21 15

fn=(842) _IO_unsave_markers
937 6
+2 2
+5 3
+2 3

fn=(738)
531 50
+3 50
-2 50
+2 50
+5 50
-7 50
+2 50
+10 50
-10 50
+16 50
-11 50
-5 50
+16 50
-16 50
+21 50
-16 250
+16 100
+1 2
+2 50

fn=(742) _IO_link_in
87 14
+1 10
+18 18
-16 1
+2 3
-2 1
+2 4
cfi=(226)
cfn=(744)
calls=1 -68 
* 13
+1 7
+10 2
cfi=(226)
cfn=(746)
calls=1 -49 
* 9
+3 1
-11 5
+2 1
-2 1
+3 1
-3 1
+2 1
+3 4
+2 1
-2 1
+1 1
+1 5
-9 2
+1 1
+1 2

fn=(776) _IO_setb
329 561
+1 206
+5 102
-3 51
+3 102
-2 51
+2 102
+3 306
-7 1
cob=(4)
cfi=(175)
cfn=(828)
calls=1 0 
* 87
+4 2

fn=(852) _IO_default_finish
601 6
+2 3
+6 3
+3 3
54 2
624 3

fn=(768) _IO_doallocbuf
343 1
+1 2
-1 7
+3 3
+1 1
fi=(234)
1025 3
+1 2
fe=(224)
347 2
cfi=(232) ./libio/./libio/filedoalloc.c
cfn=(770) _IO_file_doallocate
calls=1 78 
* 269
* 2
+3 6

fn=(836) _IO_un_link
53 2
+1 4
+28 2
cfn=(838) __GI__IO_un_link.part.0
calls=1 -30 
* 86

fn=(838)
52 4
+6 1
-6 2
+6 1
-6 4
+6 4
cfi=(226)
cfn=(744)
calls=1 -34 
* 13
+1 7
+2 1
-1 1
+1 3
+4 2
+9 2
+2 2
-13 4
+14 1
+1 3
+1 2
cfi=(226)
cfn=(746)
calls=1 -25 
* 9
+3 9
-4 5
-12 3
-7 3

fn=(3390)
686 5
+5 1
-5 1
+5 1
-5 6
+5 4
cfi=(226)
cfn=(744)
calls=1 24 
* 13
+1 6
-5 1
fi=(234)
1025 2
fe=(224)
708 33
+1 3
-14 9
+2 3
+1 27
+2 21
+13 7
+1 2
cfi=(226)
cfn=(746)
calls=1 54 
* 9
+4 12
-20 9
-6 2
-5 2
+8 1
-3 1
+3 2

fl=(315)
fn=(1116)
26 1
+1 5
fi=(202)
+26 1
fe=(315)
-25 2
fi=(203) ./signal/../sysdeps/unix/sysv/linux/sigsetops.h
+74 2
+2 1
fe=(315)
-69 1
+1 1

fl=(319)
fn=(1128)
29 2
+1 2
cfi=(320) ./posix/../sysdeps/unix/sysv/linux/spawni.c
cfn=(1130) __spawni
calls=1 482 
* 315
+2 2

fl=(92)
fn=(304)
29 1
fi=(93) ./debug/../sysdeps/x86_64/multiarch/ifunc-memmove.h
+28 3
-1 2
+4 3
+14 2
+3 2
+8 2
+8 2
+3 5
fe=(92)

fl=(251) ./nptl/./nptl/pthread_attr_setaffinity.c
fn=(860) pthread_attr_setaffinity_np@@GLIBC_2.32
29 8
+5 5
+28 1
+1 7
-18 1
cfi=(252) ./nptl/./nptl/pthread_attr_extension.c
cfn=(862) __pthread_attr_extension
calls=1 -20 
* 259
+1 2
+3 1
+2 1
-2 2
+2 2
cob=(4)
cfi=(175)
cfn=(790)
calls=1 -51 
* 218
* 1
+1 2
+3 2
+1 1
fi=(215) ./nptl/../string/bits/string_fortified.h
-27 3
cob=(4)
cfi=(175)
cfn=(798)
calls=1 -29 
* 14
* 1
fe=(251)

fl=(312) ./posix/./posix/spawn_valid_fd.c
fn=(1106) __spawn_valid_fd
25 30
+1 6
-1 6
+1 6
cfi=(207)
cfn=(690)
calls=6 +6 
* 492
+2 24
+1 12
+1 18

fl=(247) ./libio/./libio/iofclose.c
fn=(834) fclose@@GLIBC_2.2.5
34 8
+14 3
+9 1
fi=(234)
1025 3
+1 2
fe=(247)
57 3
cfi=(225)
cfn=(850) _IO_file_finish@@GLIBC_2.2.5
calls=1 168 
* 34
+1 3
+13 2
fi=(234)
951 4
+1 4
+6 2
cob=(4)
cfi=(175)
cfn=(828)
calls=1 0 
* 87
fe=(247)
76 7
-27 1
cfi=(224)
cfn=(836)
calls=1 +4 
* 90
+2 3
+1 2
+1 2
cfi=(225)
cfn=(840) _IO_file_close_it@@GLIBC_2.2.5
calls=1 +75 
* 204
fi=(234)
979 1
fe=(247)
53 1
fi=(234)
979 3
+1 9
fe=(247)

fl=(107)
fn=(340)
30 1
fi=(101) ./wcsmbs/../sysdeps/x86_64/multiarch/ifunc-avx2.h
+10 3
-2 4
fe=(107)
-8 2
fi=(101)
+11 2
+1 3
+3 2
+4 3
+3 5
fe=(107)

fl=(218) ./malloc/./malloc/arena.c
fn=(716) ptmalloc_init.part.0
262 1
fi=(219) ./malloc/../sysdeps/unix/sysv/linux/not-cancel.h
97 3
fe=(218)
262 7
+5 1
fi=(219)
97 3
fi=(217)
3143 2
fe=(218)
292 2
+4 3
fi=(217)
1946 4
+3 1
-3 1
+3 2
-3 2
+3 126
-3 126
+3 252
-3 252
+11 1
fe=(218)
300 3
fi=(217)
1958 1
+2 1
fe=(218)
300 1
cob=(4)
cfi=(175)
cfn=(558)
calls=1 0 
* 25
+1 4
cob=(4)
cfi=(175)
cfn=(558)
calls=1 0 
* 26
+1 4
cob=(4)
cfi=(175)
cfn=(558)
calls=1 0 
* 25
+1 4
cob=(4)
cfi=(175)
cfn=(558)
calls=1 0 
* 25
+1 4
cob=(4)
cfi=(175)
cfn=(558)
calls=1 0 
* 26
+1 4
cob=(4)
cfi=(175)
cfn=(558)
calls=1 0 
* 25
+1 4
cob=(4)
cfi=(175)
cfn=(558)
calls=1 0 
* 25
+2 4
cob=(4)
cfi=(175)
cfn=(558)
calls=1 0 
* 25
+1 4
cob=(4)
cfi=(175)
cfn=(558)
calls=1 0 
* 25
+1 4
cob=(4)
cfi=(175)
cfn=(558)
calls=1 0 
* 25
+3 4
cob=(4)
cfi=(175)
cfn=(558)
calls=1 0 
* 25
+1 4
cob=(4)
cfi=(175)
cfn=(558)
calls=1 0 
* 25
+2 2
+10 8

fl=(125)
fn=(382)
29 1
fi=(118) ./string/../sysdeps/x86_64/multiarch/ifunc-strcpy.h
+9 2
+1 1
-1 2
+1 2
+3 2
+4 3
+3 3
fe=(125)
-20 1

fl=(232)
fn=(770)
78 11
+6 4
fi=(234)
1025 3
+1 2
fe=(232)
84 3
cfi=(225)
cfn=(772) _IO_file_stat
calls=1 1147 
* 9
* 2
+2 4
+11 4
+4 2
cob=(4)
cfi=(175)
cfn=(710)
calls=1 0 
* 179
* 1
+1 2
+2 4
cfi=(224)
cfn=(776)
calls=1 329 
* 29
+1 1
+1 9

fl=(474)
fn=(3290)
77 1
+3 3
+2 1
+2 2
-7 4
+11 2
+91 1
+3 1
+2 1
+3 1
-63 1
+66 3
-93 2
+11 4
+4 1
+3 2
-71 1
+1 7
+1 1
+84 3
+1 2

fl=(240) ./libio/./libio/strops.c
fn=(810) _IO_str_init_static_internal
36 490
+4 98
+1 98
cob=(4)
cfi=(175)
cfn=(812)
calls=49 -41 
* 1628
* 49
+5 245
cfi=(224)
cfn=(776)
calls=49 329 
* 1421
+5 147
-3 49
+1 49
+1 49
+3 49
+1 49
+1 49
+9 49
+1 294
-14 196

fl=(295)
fn=(1042)
120 10
+2 2

fl=(349)
fn=(1298)
28 1
+1 6
+1 1

fl=(86)
fn=(290)
79 1
-31 2
+1 1
-2 4
+2 2
+3 2
+4 3
+3 3
+20 1

fl=(116)
fn=(360)
60 1
-17 2
-1 4
+2 3
+2 2
+4 3
+10 1

fl=(136)
fn=(422)
29 1
fi=(508) ./string/../sysdeps/x86_64/multiarch/ifunc-sse4_2.h
+7 5
fe=(136)
-7 1

fl=(252)
fn=(862)
25 1
+1 2
-1 1
+3 1
-3 3
+3 1
-3 1
+3 1
cob=(4)
cfi=(175)
cfn=(864)
calls=1 -28 
* 241
* 1
+1 2
-2 1
+5 3

fl=(441) ./misc/../sysdeps/unix/sysv/linux/setvmaname.c
fn=(2662) __set_vma_name
33 28
+2 20
+14 39
-9 4
cob=(4)
cfi=(175)
cfn=(558)
calls=1 -40 
* 26
* 3
+7 1
+1 1

fl=(255)
fn=(874)
26 1
+10 3
-10 5
+12 2
cob=(4)
cfi=(175)
cfn=(828)
calls=1 -38 
* 87
+1 2
cob=(4)
cfi=(175)
cfn=(828)
calls=1 -39 
* 87
+5 4

fl=(258)
fn=(882)
56 2
-24 2
-2 4
+5 4
+7 184
+1 88
+19 4
+1 2
+1 2

fl=(328)
fn=(1152)
26 5
+1 30
+1 5

fl=(127)
fn=(394)
29 2
fi=(84) ./string/../sysdeps/x86_64/multiarch/ifunc-avx2.h
+11 6
-2 8
fe=(127)
-9 4
fi=(84)
+12 4
+1 6
+3 4
+4 6
+3 10
fe=(127)

fl=(94)
fn=(308)
29 1
fi=(93)
+28 3
-1 2
+4 3
+14 2
+3 2
+8 2
+8 2
+3 5
fe=(94)

fl=(298)
fn=(1062)
62 1
+1 1
+1 1

fl=(226)
fn=(744)
24 53
+1 53
+2 106
+2 106
+3 106
+14 159
+2 53
+1 53

fn=(746)
54 53
+1 53
+2 106
+2 53
+1 159
+11 53

fl=(250)
fn=(858)
158 12
+1 24
+5 12
+1 12
+1 1
+1 1
+1 1
+69 1
+1 1
+6 1
+1 1
+12 1
+3 1
+1 1
+12 1
+1 1
+13 1
+1 1
+2 1
+18 1
+1 1
+1 1
+1 1
+3 2
+23 11
+9 11
+1 11
+31 11
+1 11
+1 11

fl=(344)
fn=(1262)
25 15
+1 90
+1 15

fl=(100)
fn=(324)
31 2
fi=(101)
+9 6
-2 8
fi=(102) ./wcsmbs/../sysdeps/x86_64/multiarch/wcschr.c
-7 4
fi=(101)
+10 4
+1 6
+3 4
+4 6
+3 10
fe=(100)

fn=(390)
31 1
fi=(97) ./wcsmbs/../sysdeps/x86_64/multiarch/ifunc-wcs.h
+9 3
-1 4
+2 3
+3 2
+4 4
fe=(100)
-17 1

fl=(108)
fn=(344)
31 1
fi=(109) ./string/../sysdeps/x86_64/multiarch/ifunc-strncpy.h
+4 5
+1 3
+3 2
+4 3
+3 4
fe=(108)
-15 1

fl=(211)
fn=(698)
23 1
+2 2

fl=(227) ./io/../sysdeps/unix/sysv/linux/open64_nocancel.c
fn=(752) __open_nocancel
28 2
+3 1
-3 6
+3 6
+8 7
+2 5

fl=(261)
fn=(888)
117 5
+5 1

fn=(896)
91 3
+2 1

fn=(1144)
117 30
+5 6

fl=(189) ./csu/../sysdeps/nptl/libc_start_call_main.h
fn=(650) (below main)
29 4
+15 1
-15 5
+15 1
cfi=(190) ./setjmp/../sysdeps/x86_64/bsd-_setjmp.S
cfn=(652) _setjmp
calls=1 -16 
* 38
* 1
+2 2
+5 2
+1 2
+3 2
+3 6
cob=(7)
cfi=(185)
cfn=(658)
calls=1 -58 
* 3492340264
+16 2
cfi=(471) ./stdlib/./stdlib/exit.c
cfn=(3282) exit
calls=1 +63 
* 1987

fl=(248) ./io/../sysdeps/unix/sysv/linux/close_nocancel.c
fn=(846) __close_nocancel
25 1
+1 4
+1 1

fl=(117)
fn=(362)
29 1
fi=(118)
+9 2
+1 1
-1 2
+1 2
+3 2
+4 3
+3 3
fe=(117)
-20 1

fl=(323) ./misc/../sysdeps/unix/sysv/linux/x86_64/clone3.S
fn=(1138) clone3
42 1
+2 1
+1 1
+1 1
+1 1
+1 1
+4 1
+3 1
+5 1
+2 1
+1 1
+23 5

fl=(139)
fn=(432)
31 1
fi=(114) ./string/../sysdeps/x86_64/multiarch/ifunc-strcasecmp.h
+6 2
-1 4
fe=(139)
-5 2
fi=(114)
+7 3
+3 2
+4 3
+3 4
fe=(139)

fl=(320)
fn=(1132) __spawnix
318 15
+13 6
+13 1
-7 1
+7 1
+1 6
-1 9
+20 4
-1 7
-11 4
-1 1
+13 1
cfi=(260)
cfn=(886)
calls=1 47 
* 26
* 1
+2 2
+5 3
cfi=(321) ./nptl/./nptl/pthread_setcancelstate.c
cfn=(1134) pthread_setcancelstate
calls=1 25 
* 24
+5 1
-1 1
+3 1
-2 1
+1 2
+2 4
fi=(509) ./posix/../sysdeps/unix/sysv/linux/internal-signals.h
81 2
fe=(320)
384 1
-3 1
fi=(509)
81 2
fe=(320)
384 1
fi=(509)
81 2
fe=(320)
380 1
+2 1
+1 1
fi=(509)
81 1
fe=(320)
396 4
+6 1
-5 4
+5 3
-5 7
-1 1
+13 2
+8 6
-20 1
+19 1
+1 1
cfi=(323)
cfn=(1138)
calls=1 42 
* 16
* 1
+3 2
+22 2
+8 1
+1 2
+14 4
-2 3
cfi=(261)
cfn=(1144)
calls=1 117 
* 6
+2 2
+1 5
fi=(509)
89 6
fe=(320)
470 3
cfi=(321)
cfn=(1134)
calls=1 25 
* 21
+3 12
-53 5
+4 1
-1 1
+1 1
+1 4
cfi=(324) ./misc/../sysdeps/unix/sysv/linux/clone-internal.c
cfn=(1140) __clone_internal_fallback
calls=1 49 
* 37
* 2

fn=(1130)
482 2
+3 2
-3 1
+3 5
cfn=(1132)
calls=1 318 
* 303
+2 2

fl=(321)
fn=(1134)
25 2
+3 4
+5 12
fi=(322) ./nptl/../nptl/descr.h
439 2
fe=(321)
50 4
+7 4
+1 2
-20 2
+6 2
+3 2
-5 1
-4 1
+4 1
-4 1
+4 1
+2 2
+3 2

fl=(110)
fn=(348)
31 2
fi=(111) ./wcsmbs/../sysdeps/x86_64/multiarch/ifunc-evex.h
+7 6
-1 8
+2 6
+6 4
-3 4
+9 6
+3 8
fe=(110)
-23 2

fl=(235) ./io/../sysdeps/unix/sysv/linux/read_nocancel.c
fn=(784) __read_nocancel
25 5
+1 20
+1 5

fl=(335) ./posix/../sysdeps/unix/sysv/linux/wait4.c
fn=(1190) wait4
27 1
+3 1
-3 1
+3 5
+79 1

fl=(95)
fn=(312)
29 1
fi=(84)
+11 3
-2 4
fe=(95)
-9 2
fi=(84)
+12 2
+1 3
+3 2
+4 3
+3 5
fe=(95)

fl=(233) ./io/../sysdeps/unix/sysv/linux/fstat64.c
fn=(774) fstat
30 1
+9 4
+33 1

fl=(311)
fn=(1104)
29 27
+3 3
-3 3
+3 3
cfi=(312)
cfn=(1106)
calls=3 -7 
* 297
* 12
cfi=(312)
cfn=(1106)
calls=3 -7 
* 297
* 6
+4 9
+6 3
+6 3
-6 6
+1 3
+1 3
+1 3
+3 6
+3 18
-14 2
cfi=(310)
cfn=(1110) __posix_spawn_file_actions_realloc
calls=1 -7 
* 236
* 1
+2 1
-2 2
+5 2

fl=(377)
fn=(1608)
206 28
+24 28
+5 28
+14 28
+25 28
+1 28
+1 28
+2 28
+1 28
+4 28
+4 28
+2 28
+2 28
+3 28
+2 28
+1 28
+11 25
+10 25
+1 25
+3 25
+4 50
+5 28
+1 28
+1 28
+4 3
+1 6
957 14
+1 14
+1 14
+1 14
+2 14
+3 14
+1 14
1076 14
+1 14

fl=(478) ./posix/./posix/register-atfork.c
fn=(3306) __unregister_atfork
82 8
+1 8
-1 16
+1 8
fi=(479) ./posix/../malloc/dynarray-skeleton.c
243 4
fe=(478)
71 8
+38 16
+1 12

fl=(237)
fn=(800)
255 100668
+1 100668
+6 100668
+1 100668
+2 493
+1 493
+1 493
+3 50
+1 50
+1 50
+3 100
+30 100175
+1 100175
+2 100156
+1 100156
+2 100118
+4 100118
+1 60
+1 60
+1 42
+1 42
+1 10
+1 10
+2 10
+2 10
-2 32
+2 50
+6 100058
+1 100058
+1 100058
+1 100058
+1 100058
+7 19
+1 19
+1 19
+1 19
+2 19
+17 38
+1 38
+1 38
+1 38
+1 38
+7 45
+1 45
+1 45
+1 45
+1 45
+1 45
+1 90
+5 443
+1 443
+5 433
+1 433
+2 84
+1 84
+1 84
+2 39
+1 39
+1 39
+1 39
+1 39
+1 39
+1 39
+1 39
+1 39
+1 39
+1 39
+1 39
+1 39
+1 39
+1 78
+4 349
+1 349
+4 349
+2 349
+4 349
+1 349
+11 349
+3 349
+2 349
+2 349
+4 349
+1 349
+9 343
+1 343
+2 343
+2 343
+1 343
+1 343
+3 343
+2 343
+2 343
+2 686
+6 343
+1 343
+1 343
+1 343
+1 343
+1 343
+1 343
+1 343
+1 343
+1 343
+1 343
+1 343
-11 1400
+1 1400
+1 1400
+1 1400
+1 1400
+1 1400
+1 1400
+1 1400
+1 1400
+1 1400
+1 1400
+1 1400
+2 343
+1 343
+1 343
+1 343
+2 343
+4 686
+13 6
+1 6
+2 6
+1 6
+1 6
+2 6
+2 6
+2 12
+6 6
+1 6
+1 6
+1 6
+1 6
+1 6
+1 6
+1 6
+1 6
+1 6
+1 6
+1 6
-11 16
+1 16
+1 16
+1 16
+1 16
+1 16
+1 16
+1 16
+1 16
+1 16
+1 16
+1 16
+2 6
+1 6
+1 6
+1 6
+2 6
+1 12
+9 10
+7 10
+1 10
+6 5
+3 5
+2 5
+3 5
+1 5
+2 5
+2 671093
+2 5
+2 5
+2 10
+5 10
+1 10
+4 10
+2 10
+3 10
+4 10
+1 10
+4 10
+4 10
+24 5
+2 5
+2 5
+2 5
+3 5
+1 5
+2 629101
+3 5
+2 5
+2 10

fl=(128)
fn=(398)
29 1
fi=(109)
+6 5
+1 3
+3 2
+4 3
+3 4
fe=(128)
-17 1

fl=(254)
fn=(872)
24 1
+7 1
-7 1
+7 3
+7 1
-3 1
+3 1

fl=(115)
fn=(358)
29 1
fi=(508)
+7 5
fe=(115)
-7 1

fl=(134)
fn=(418)
29 1
fi=(135) ./string/../sysdeps/x86_64/multiarch/ifunc-evex.h
+9 3
-1 4
+2 3
+6 2
-3 2
+9 3
+3 4
fe=(134)
-25 1

fl=(230) ./stdio-common/./stdio-common/getline.c
fn=(760) getline
27 98
+1 98
cfi=(231) ./libio/./libio/iogetdelim.c
cfn=(762) getdelim
calls=49 +13 
* 8823

fl=(316)
fn=(1122)
25 1
fi=(309) ./posix/../string/bits/string_fortified.h
+4 1
fe=(316)
+1 1
fi=(309)
-1 15
fe=(316)
+1 1

fl=(471)
fn=(3282)
137 2
+1 3
-1 1
+1 1
cfn=(3284) __run_exit_handlers
calls=1 38 
* 1980

fn=(3284)
38 12
+2 2
+3 5
+11 2
+2 2
+38 2
-30 6
+2 1
+1 1
-1 1
+3 7
+44 3
+13 1
-66 1
+66 3
+2 2
+3 2
cfi=(480) ./posix/../sysdeps/unix/sysv/linux/_exit.c
cfn=(3394) _Exit
calls=1 27 
* 4
-29 1
+1 1
-2 1
+3 1
+3 1
-3 2
+3 3
+1 3
cob=(1)
cfi=(473)
cfn=(3288)
calls=1 -82 
* 1527
+1 4
+10 3
+1 2
-79 1
cfi=(472) ./stdlib/./stdlib/cxa_thread_atexit_impl.c
cfn=(3286) __call_tls_dtors
calls=1 148 
* 13
* 1
+88 1
cfi=(224)
cfn=(3388)
calls=1 842 
* 357
* 1

fl=(187) ./stdlib/./stdlib/cxa_atexit.c
fn=(630) __cxa_atexit
67 7
-26 2
+2 8
+1 2
cfn=(632) __new_exitfn
calls=1 +36 
* 33
+2 2
+8 1
-2 1
+3 1
+1 1
-4 2
+1 1
+4 4
+1 1
+11 6

fn=(632)
80 1
+6 2
-6 4
+11 2
-10 1
+10 4
+2 4
-2 1
+10 1
-10 3
+45 1
+5 3
-4 1
+4 2
-18 1
-1 1
+12 1

fl=(330)
fn=(1160)
26 24
+2 15
+7 6
+1 9
+7 18

fl=(205)
fn=(686)
43 40
+5 10
+2 3
fi=(510) ./signal/../string/bits/string_fortified.h
-21 3
fe=(205)
+29 3
fi=(510)
-29 6
fe=(205)
+21 3
+3 3
fi=(510)
-24 9
fe=(205)
+24 3
fi=(510)
-24 9
fe=(205)
+24 6
fi=(510)
-24 3
fe=(205)
+29 3
-5 3
+5 9
fi=(510)
-29 18
fe=(205)
+29 30
+5 16
+2 3
fi=(510)
-36 15
fe=(205)
+36 3
fi=(510)
-36 9
fe=(205)
+38 3
fi=(510)
-38 9
fe=(205)
+38 3
+1 3
fi=(510)
-39 3
fe=(205)
+39 3
fi=(510)
-39 12
fe=(205)
+42 30
-13 6

fl=(439) ./termios/../sysdeps/unix/sysv/linux/tcgetattr.c
fn=(2598) tcgetattr
34 6
+4 2
-4 10
+4 10
+39 12
-39 10

fl=(87)
fn=(292)
30 1
fi=(88) ./wcsmbs/../sysdeps/x86_64/multiarch/ifunc-wcslen.h
+11 2
-1 4
+2 3
+3 2
+4 3
+3 3
fe=(87)
-22 1

fl=(228) ./string/../string/strstr.c
fn=(754) __GI_strstr
77 9
+5 1
-5 3
+5 2
+2 4
cob=(4)
cfi=(175)
cfn=(756)
calls=1 -84 
* 23
* 1
+1 2
+1 2
+75 12

fl=(98)
fn=(320)
29 2
fi=(99) ./string/../sysdeps/x86_64/multiarch/ifunc-memmove.h
+28 6
-1 4
+4 6
+14 4
+3 4
+8 4
+8 4
+3 10
fe=(98)

fl=(182)
fn=(600)
545 1
+1 4
+1 3
+1 3
+2 1

fl=(190)
fn=(652)
28 1
+2 1
+2 1
cfi=(191) ./setjmp/../sysdeps/x86_64/setjmp.S
cfn=(654) __sigsetjmp
calls=1 -1 
* 35

fl=(126)
fn=(386)
31 1
fi=(114)
+6 2
-1 4
fe=(126)
-5 2
fi=(114)
+7 3
+3 2
+4 3
+3 4
fe=(126)

fl=(325) ./misc/../sysdeps/unix/sysv/linux/x86_64/clone.S
fn=(1142) clone
52 1
+2 1
+1 1
+1 1
+3 1
+1 1
+3 1
+2 1
+4 1
+3 1
+1 1
+1 1
+1 1
+1 1
+5 1
+2 1
+1 1
+1 1
+2 1

fl=(96)
fn=(316)
31 1
fi=(97)
+9 3
-1 4
+2 3
+3 2
+4 4
fe=(96)
-17 1

fl=(138)
fn=(428)
33 1
fi=(99)
+24 3
-1 2
+4 3
+14 2
+3 2
+8 2
+8 2
+3 5
fe=(138)

fl=(221) ./misc/./misc/sbrk.c
fn=(728) sbrk
37 64
+3 8
+3 8
-3 8
+3 8
+35 21
-20 16
+4 16
+4 17
+2 2
-2 3
+8 1
cfi=(222) ./misc/../sysdeps/unix/sysv/linux/brk.c
cfn=(730) brk
calls=1 -38 
* 9
* 4
cfi=(222)
cfn=(730)
calls=4 -38 
* 36
* 10
+4 35
-19 2
cfi=(222)
cfn=(730)
calls=1 -23 
* 9
* 2
+4 2

fl=(376)
fn=(1604)
24 36
+1 32
+3 4
cob=(4)
cfi=(175)
cfn=(812)
calls=4 -28 
* 64
+1 4
-1 4
+1 1992
+2 992
+1 112
cob=(4)
cfi=(175)
cfn=(1606)
calls=28 -32 
* 873
* 62
+5 36

fl=(472)
fn=(3286)
148 4
+1 1
-1 1
+1 3
+16 4

fl=(174) ./nptl/./nptl/pthread_mutex_conf.c
fn=(556) __pthread_tunables_init
55 2
+1 2
-1 2
+1 2
-1 4
+1 1
cob=(4)
cfi=(175)
cfn=(558)
calls=1 -56 
* 26
+2 4
cob=(4)
cfi=(175)
cfn=(558)
calls=1 -58 
* 25
+2 4
cob=(4)
cfi=(175)
cfn=(558)
calls=1 -60 
* 26
+2 6

fl=(334)
fn=(1188)
37 1
+1 2
cfi=(335)
cfn=(1190)
calls=1 -11 
* 9

fl=(113)
fn=(354)
31 1
fi=(114)
+6 2
-1 4
fe=(113)
-5 2
fi=(114)
+7 3
+3 2
+4 3
+3 4
fe=(113)

fl=(129)
fn=(402)
29 1
fi=(130) ./wcsmbs/../sysdeps/x86_64/multiarch/ifunc-memcmp.h
+5 5
+1 2
+1 2
+1 3
+3 2
+4 3
+3 4
fe=(129)
-18 2

fl=(137)
fn=(424)
31 1
fi=(97)
+9 3
-1 4
+2 3
+3 2
+4 4
fi=(511) ./wcsmbs/../sysdeps/x86_64/multiarch/wcpncpy.c
-17 1
fe=(137)

fl=(207)
fn=(690)
32 84
+1 21
fi=(208) ./posix/../sysdeps/unix/sysv/linux/x86/../sysconf.c
+16 70
fe=(207)
-12 70
fi=(209) ./posix/../sysdeps/posix/sysconf.c
+23 84
221 1
cfi=(210) ./misc/../sysdeps/unix/sysv/linux/getpagesize.c
cfn=(696) getpagesize
calls=1 27 
* 6
* 2
93 6
cfi=(313) ./misc/../sysdeps/posix/getdtsz.c
cfn=(1108) getdtablesize
calls=6 -67 
* 180
* 12
-33 14
fe=(207)

fl=(241)
fn=(814)
52 62
+13 62
+1 62
+1 62
+3 62
+2 62
+1 62
+3 62
+1 62
+8 62
+1 62
+1 11
+5 22
+26 15
+13 15
+1 15
+1 15
+6 30
+29 12
+13 12
+1 12
+1 12
+6 24
+4 20
+13 20
+1 20
+1 20
+6 40
+7 51
+15 51
+6 51
+1 51
+1 51
+2 36
+1 36
+1 36
+1 36
+2 36
+1 36
+1 36
+1 36
+2 24
+1 24
+1 24
+1 24
+18 4
+1 8
+14 4
+1 4
+1 4
+1 4
+2 4
+1 4
+1 4
+2 4
+1 4
+1 4
+3 4
+1 4
+1 4
+1 4
+1 4
+2 4
+1 4
+1 4
+1 4
+77 4
+1 4
+1 4
+5 8

fl=(480)
fn=(3394)
27 2
+3 2

fl=(242) ./stdio-common/./stdio-common/vfscanf-internal.c
fn=(816) __vfscanf_internal
278 637
+10 245
+1 49
fi=(246) ./stdio-common/../include/scratch_buffer.h
78 49
fe=(242)
289 49
fi=(246)
77 98
fe=(242)
339 49
fi=(246)
77 49
fe=(242)
339 196
+6 147
+3 196
+4 49
+20 98
-20 49
+13 49
-6 49
+8 98
-8 49
+8 49
+5 98
-5 49
+5 147
cfi=(226)
cfn=(744)
calls=49 24 
* 637
* 147
+9 49
fi=(512) ./stdio-common/../string/bits/string_fortified.h
59 49
fe=(242)
381 147
-49 49
-48 49
-1 49
+10 49
-11 49
+46 49
-1 49
-1 49
-1 49
-12 49
-30 98
419 294
+24 294
+1 294
+3 245
+7 392
+8 49
-8 49
+8 98
+8 98
-27 98
-62 588
3094 294
+3 98
223 98
-17 98
+17 98
-1 98
489 98
222 196
489 196
222 98
489 196
-6 98
fi=(243) ./stdio-common/./stdio-common/printf-parse.h
55 588
fe=(242)
506 490
345 98
3104 196
cfi=(226)
cfn=(746)
calls=49 54 
* 441
fi=(246)
85 196
fe=(242)
3108 98
+17 98
+6 588
660 196
+4 196
+1 588
+4 98
+1 294
-1 98
+1 686
+6 588
+3 196
-3 98
+3 392
-3 196
+4 784
+1 490
+4 294
-4 294
cfi=(224)
cfn=(820)
calls=98 -46 
* 2156
+4 1176
530 98
+3 882
+13 294
+8 98
-21 196
1449 588
+5 98
-5 98
+5 196
+9 686
+2 128
260 64
1465 128
260 128
+3 192
1469 448
+2 512
+12 128
+10 128
1812 392
+9 98
fi=(246)
113 392
fe=(242)
1821 196
fi=(246)
113 294
fe=(242)
1814 1732
260 1536
1876 768
260 1536
+3 2304
1878 3072
+2 6912
-68 1928
231 98
1883 196
206 98
1890 196
214 196
1891 196
+28 686
cfi=(224)
cfn=(820)
calls=98 635 
* 2156
* 294
260 196
+3 294
1923 196
1741 196
1941 196
206 98
1741 196
1940 294
+7 294
+3 490
+6 98
-4 196
+18 882
+9 196
3083 98
-5 196
1816 4428
1497 68
1812 196
1500 294
1944 98
cfi=(244) ./stdlib/../stdlib/strtol.c
cfn=(822) __strtoul_internal
calls=98 107 
* 26072
* 294
+25 196
+1 294

fl=(171) ./ctype/./ctype/ctype-info.c
fn=(550) __ctype_init
29 1
+2 7
+2 4
+2 4
+1 1

fl=(214) ./nptl/./nptl/pthread_attr_init.c
fn=(704) pthread_attr_init@@GLIBC_2.2.5
32 2
fi=(215)
+27 1
fe=(214)
-27 4
fi=(215)
+27 4
fe=(214)
-13 1
cfi=(210)
cfn=(696)
calls=1 -19 
* 6
* 2
+3 4

fl=(231)
fn=(762)
41 490
+6 49
-6 147
+6 98
+7 196
+8 291
+12 147
+1 98
-34 98
+60 53
+6 53
-7 106
+1 53
+6 53
-6 106
+4 5
+2 1
cob=(4)
cfi=(175)
cfn=(790)
calls=1 0 
* 374
+1 2
-1 1
+1 1
+6 2
+1 2
+2 2
fi=(513) ./libio/../string/bits/string_fortified.h
-88 4
cob=(4)
cfi=(175)
cfn=(798)
calls=1 -29 
* 32
fe=(231)
+88 52
fi=(513)
-88 208
cob=(4)
cfi=(175)
cfn=(798)
calls=52 -29 
* 1084
fe=(231)
+91 53
-2 53
+2 114
cfi=(224)
cfn=(764)
calls=4 269 
* 524
* 8
+2 8
-3 4
+3 4
-33 16
cob=(4)
cfi=(175)
cfn=(786)
calls=4 -89 
* 114
* 196
cob=(4)
cfi=(175)
cfn=(786)
calls=49 -89 
* 1919
* 53
+2 212
+1 212
fi=(234)
979 98
fe=(231)
130 441
-82 98
+16 1
+1 1
-1 1
+1 1
cob=(4)
cfi=(175)
cfn=(710)
calls=1 -65 
* 192
* 2
+1 2
+58 147
fi=(234)
979 98
fe=(231)
77 2
cfi=(224)
cfn=(764)
calls=1 269 
* 435
* 2
+5 4

fl=(310)
fn=(1110)
30 5
+1 1
-1 1
+2 1
-1 1
+1 3
cob=(4)
cfi=(175)
cfn=(790)
calls=1 -32 
* 215
+3 2
+5 1
-1 1
+3 1
+1 4

fn=(1102)
49 1
fi=(309)
+10 1
fe=(310)
-6 1
fi=(309)
+6 5
fe=(310)
-6 1

fl=(181)
fn=(598)
53 1
+1 1
+1 1
+2 1
+1 1
+4 1
+1 1
+1 1
+3 1
+2 1
+1 1
+1 1
+1 1
+84 1
+3 1
+1 1
+1 1
+1 1
+1 1
+1 1
+2 1
+1 1
+1 1
+1 1
+1 1
+3 1
+1 1
+1 2
+5 1
+1 1
+2 1
+1 1
+1 1
+1 1
+1 1
+1 1
+2 1
+1 1
+2 1
+1 1
+4 1
+1 1
+1 1
+4 1
+1 1
+1 1
+26 1
+1 1
+1 1
+1 1
+2 1
+1 1
+1 1
+1 1
+1 1
+1 1
+1 1
+2 1
+1 1
+4 2

fl=(270)
fn=(918)
25 3
+1 6
+1 3

fl=(244)
fn=(822)
107 98
+1 392
cfi=(245) ./stdlib/../stdlib/strtol_l.c
cfn=(824) ____strtoul_l_internal
calls=98 238 
* 25582

fl=(225)
fn=(740) _IO_new_file_init_internal
106 6
+5 1
-1 1
+3 1
cfi=(224)
cfn=(742)
calls=1 -26 
* 89
+1 1
+1 3

fn=(766)
462 5
+4 15
-4 45
+7 10
+6 15
+3 10
+12 8
fi=(234)
1025 5
fe=(225)
506 10
cfi=(224)
cfn=(780)
calls=5 164 
* 130
+6 5
+5 5
-5 5
fi=(234)
1025 10
fe=(225)
512 5
fi=(234)
1025 5
fe=(225)
512 15
fi=(234)
1026 10
fe=(225)
517 20
cfn=(782) _IO_file_read
calls=5 1131 
* 55
+2 10
+16 5
-9 5
+9 10
+2 10
+1 40
-57 3
+5 2
cfi=(224)
cfn=(768)
calls=1 343 
* 298
+4 4

fn=(772)
1147 1
+1 2
cfi=(233)
cfn=(774)
calls=1 30 
* 6

fn=(748) _IO_file_fopen@@GLIBC_2.2.5
213 12
+9 2
+2 6
+23 14
357 12
-89 1
+1 1
+3 1
-25 20
+34 4
cfn=(750) _IO_file_open
calls=1 -99 
* 87
* 1
+3 2
+3 3
cfi=(228)
cfn=(754)
calls=1 77 
* 59
* 1
+1 2
-41 8
-33 1
+13 1
+1 2
+44 1
-1 1
+1 2

fn=(782)
1131 5
+3 5
-1 5
+1 5
-1 5
cfi=(235)
cfn=(784)
calls=5 25 
* 30

fn=(844) _IO_file_close
1165 1
+3 2
cfi=(248)
cfn=(846)
calls=1 25 
* 6

fn=(840)
128 7
+2 3
+4 2
+3 1
-3 1
-1 2
+6 1
+3 1
-3 1
cfi=(224)
cfn=(842)
calls=1 937 
* 14
+3 3
fi=(234)
1025 3
+1 2
fe=(225)
142 2
cfn=(844)
calls=1 1165 
* 9
* 1
+3 3
+8 5
cfi=(224)
cfn=(776)
calls=1 329 
* 121
+1 1
+3 1
-3 3
+3 1
cfi=(224)
cfn=(836)
calls=1 53 
* 4
+5 1
-4 1
+1 1
+3 1
-2 1
+3 7

fn=(750)
182 2
+3 1
-3 10
+2 2
+5 2
+3 2
+3 1
-4 1
+1 3
+3 1
-3 1
+3 1
+10 2
cfi=(224)
cfn=(742)
calls=1 87 
* 21
+1 1
+1 6
-22 1
cfi=(227)
cfn=(752)
calls=1 28 
* 27
* 2

fn=(850)
168 5
+1 1
-1 1
+1 1
+6 2
+1 3
-1 1
cfi=(224)
cfn=(852)
calls=1 601 
* 20

fl=(238) ./stdio-common/./stdio-common/isoc23_sscanf.c
fn=(806) __isoc23_sscanf
24 735
fi=(239) ./stdio-common/../libio/strfile.h
+64 196
fe=(238)
-64 147
fi=(239)
+64 49
-1 49
+1 98
cfi=(224)
cfn=(736)
calls=49 563 
* 2303
+1 49
+1 196
-1 49
+1 49
cfi=(240)
cfn=(810)
calls=49 -54 
* 5009
fe=(238)
-60 49
+1 98
-1 49
+1 49
-1 49
+1 49
-1 147
+1 49
cfi=(242)
cfn=(816)
calls=49 278 
* 86365
+5 441

fl=(303)
fn=(1080)
73 1605
+7 1605
+1 1605
+75 357
+10 357
+1 357
+1 357
+3 714
401 1605
+1 1605
+5 540
+1 540
+1 540
+1 540
+1 540
+3 537
+1 537
+1 537
+1 537
+3 537
+1 537
+1 180
+1 360
+6 3
+1 3
+2 3
+1 3
+2 2
+1 2
+2 2
+1 2
+1 2
+1 2
+1 2
+1 2
+1 2
+1 2
+1 2
+2 2
+2 1
+4 1065
+1 789
+1 789
+1 789
+2 789
+4 1
+1 1
+2 1
+4 276
+2 276
+4 1
+1 1
+1 1
+1 1
+1 1
+1 1
+1 1
+2 1
+2 1

fl=(91)
fn=(300)
29 1
fi=(88)
+12 2
-1 4
+2 3
+3 2
+4 3
+3 3
fe=(91)
-23 1

fl=(197)
fn=(668)
27 2
+2 12
+14 2

fl=(213)
fn=(702)
33 10
+4 1
-4 4
+4 1
cfi=(214)
cfn=(704)
calls=1 -5 
* 24
* 1
+1 2
207 12
43 7
fi=(215)
-14 2
fe=(213)
+23 1
-3 4
+6 2
+4 2
+3 3
+50 7
+66 1
+2 4
cob=(4)
cfi=(175)
cfn=(790)
calls=1 0 
* 218
* 1
+1 2
+7 4
cfi=(249) ./nptl/./nptl/pthread_getaffinity.c
cfn=(854) pthread_getaffinity_np@@GLIBC_2.32
calls=1 30 
* 35
+3 2
+2 7
+1 6
cfi=(251)
cfn=(860)
calls=1 29 
* 531
+4 1
-4 1
+4 1
cob=(4)
cfi=(175)
cfn=(828)
calls=1 0 
* 87
+3 6
+2 2
85 4
cfi=(216) ./libio/./libio/iofopen.c
cfn=(708) fopen@@GLIBC_2.2.5
calls=1 * 
* 2267
+1 2
-1 1
+1 1
+5 4
cfi=(172) ./resource/../sysdeps/unix/sysv/linux/getrlimit64.c
cfn=(552) getrlimit
calls=1 -53 
* 10
* 3
+74 4
cfi=(247)
cfn=(834)
calls=1 34 
* 479
* 2
+4 1
+2 2
-63 1
+9 3
-14 1
+17 1
-17 1
-1 2
+6 3
+6 1
+1 1
+5 9
+7 294
cfi=(238)
cfn=(806)
calls=49 24 
* 96274
* 98
+2 98
+1 49
-1 98
+1 98
+28 48
-38 96
+2 196
cfi=(230)
cfn=(760)
calls=49 -95 
* 9019
* 98
+40 4
cob=(4)
cfi=(175)
cfn=(828)
calls=1 0 
* 87
* 3
-59 9
+2 1
+30 1
-2 1
+12 1
-10 3
+6 1
+3 2
-4 2

fl=(131)
fn=(406)
29 1
fi=(93)
+28 3
-1 2
+4 3
+14 2
+3 2
+8 2
+8 2
+3 5
fe=(131)

fl=(317)
fn=(1124)
35 1
+3 1
-1 2
+4 1
+2 1
+1 1

fl=(119)
fn=(366)
31 1
fi=(114)
+6 2
-1 4
fe=(119)
-5 2
fi=(114)
+7 3
+3 2
+4 3
+3 4
fe=(119)

fl=(216)
fn=(708)
85 7
-20 1
+20 2
-20 1
cob=(4)
cfi=(175)
cfn=(710)
calls=1 -65 
* 1822
+2 3
+3 1
+2 2
-2 1
+2 5
cfi=(224)
cfn=(736)
calls=1 563 
* 56
+1 1
+1 1
-1 1
+1 1
cfi=(225)
cfn=(740)
calls=1 +32 
* 102
+1 5
cfi=(225)
cfn=(748)
calls=1 213 
* 244
* 2
-38 2
+50 7

fl=(324)
fn=(1140)
49 5
+4 1
+9 1
-9 1
+9 1
-13 1
+15 6
cfi=(325)
cfn=(1142)
calls=1 -12 
* 19
+5 2

fl=(112)
fn=(352)
67 1
-23 2
-1 4
+24 2
-22 3
+3 2
+4 3
+3 4

fl=(176) ./nptl/../sysdeps/unix/sysv/linux/x86/elision-conf.c
fn=(560) __lll_elision_init
92 2
+4 1
-4 2
+4 2
-4 1
+4 1
-4 3
+4 1
cob=(4)
cfi=(175)
cfn=(558)
calls=1 -96 
* 26
+2 4
cob=(4)
cfi=(175)
cfn=(558)
calls=1 -98 
* 26
+2 4
cob=(4)
cfi=(175)
cfn=(558)
calls=1 0 
* 26
+2 4
cob=(4)
cfi=(175)
cfn=(558)
calls=1 0 
* 26
+2 4
cob=(4)
cfi=(175)
cfn=(558)
calls=1 0 
* 26
+3 3
+1 1
+1 6

fl=(245)
fn=(824)
238 490
+54 98
-54 98
+19 98
-19 392
+14 98
-14 294
+26 196
+31 392
+9 588
+2 196
+5 196
-1 98
+6 196
+4 196
+15 68
+55 102
+1 102
+4 34
+56 170
+26 34
+1 34
-84 34
-1 34
+96 68
-12 64
+1 64
-84 64
-1 64
+96 128
-5 1664
+5 832
+1 2496
-41 1664
+2 3328
+2 2496
+7 140
+17 140
+1 140
+3 2496
+3 1664
+11 196
+5 294
+1 98
+12 196
+11 490
+22 882
342 68
+48 34
258 34
387 68
-65 448
+5 128
+63 64
+1 128
-1 64
+1 192
+4 128
-63 320

fl=(121)
fn=(374)
29 3
fi=(122) ./string/../sysdeps/x86_64/multiarch/ifunc-memcmp.h
+5 15
+1 6
+1 6
+1 9
+3 6
+4 9
+3 12
fe=(121)
-18 6

fl=(81)
fn=(280)
86 1
fi=(82) ./string/../sysdeps/x86/cacheinfo.h
-27 1
+3 3
+2 1
+1 1
-1 2
+7 3
+2 1
+1 1
-1 2
+5 2
+2 2
+1 2
+1 2
+2 2
+2 2
fe=(81)

fl=(220) ./malloc/./malloc/morecore.c
fn=(726) __glibc_morecore
25 8
+1 16
-1 16
+4 8
cfi=(221)
cfn=(728)
calls=8 +8 
* 281
+1 16
+4 16

fl=(477)
fn=(3304)
30 8
+3 8
-3 32
+3 20
+3 16
+4 28
-4 12
+57 16
+4 24
-4 12
+12 8
cfi=(478)
cfn=(3306)
calls=4 -23 
* 80
+1 16
+1 32

fl=(172)
fn=(552)
38 16
+1 56
+1 8

fl=(192) ./setjmp/./setjmp/sigjmp.c
fn=(656) __sigjmp_save
28 6
+2 2
-1 1
+5 4

fl=(222)
fn=(730)
36 6
fi=(514) ./misc/../sysdeps/unix/sysv/linux/brk_call.h
-12 12
fe=(222)
+13 12
+1 12
+6 6
+1 6

fl=(170)
fn=(548)
33 9
+2 1
cfi=(171)
cfn=(550)
calls=1 -6 
* 17
+3 1
fi=(173) ./elf/../sysdeps/nptl/pthread_early_init.h
-5 2
fe=(170)
+8 1
-3 1
+3 1
fi=(173)
-8 1
cfi=(172)
cfn=(552)
calls=1 +5 
* 10
* 3
+1 1
+4 5
+7 1
fi=(515) ./elf/../nptl/nptl-stack.h
+16 3
fi=(173)
-16 1
fi=(515)
+16 2
fi=(173)
-7 1
fi=(515)
+7 3
fi=(173)
-9 1
-6 1
+2 2
+4 4
+1 1
+3 1
cfi=(174)
cfn=(556)
calls=1 -1 
* 104
fe=(170)
-9 3
+2 2
-2 1
cfi=(176)
cfn=(560)
calls=1 +45 
* 169

fl=(179)
fn=(592)
46 6
+5 2
+4 5
+8 1
-2 1
+10 1
-9 1
+1 1
+9 3
-1 1
cfi=(180) ./misc/./misc/init-misc.c
cfn=(594) __init_misc
calls=1 -41 
* 90

fl=(210)
fn=(696)
27 2
+1 8
+2 2

fl=(201)
fn=(676)
30 2
+4 1
-4 5
+4 4
fi=(202)
+19 1
fe=(201)
-18 2
fi=(203)
+67 1
fe=(201)
-61 1
+4 2
fi=(203)
+57 1
+2 1
-8 1
fe=(201)
-52 4
+1 1
cfi=(204)
cfn=(682)
calls=1 -19 
* 84
* 1
+3 1
-3 2
+4 5

fl=(85)
fn=(288)
29 1
fi=(508)
+7 5
fe=(85)
-7 1

fl=(236)
fn=(788)
61 53
+7 53
+2 53
+3 53
+1 53
+2 53
+1 53
+1 53
+1 53
+3 53
+1 53
+3 53
+1 53
+2 51
+1 51
+1 2
+1 2
+2 4
+7 2
+5 2
+7 2
+1 2
+7 9
+1 9
+1 9
+1 18
+4 2
+1 2
+4 8
+1 8
+1 8
+1 16
+4 10
+1 10
+1 10
+1 20
+5 18
+1 18
+1 18
+1 36
+10 49
+1 49
+1 49
+2 49
+10 49
+1 49
+3 49
+1 49
+2 45
+1 45
+2 36
+1 36
+1 36
+1 36
+2 28
+1 28
+1 28
+1 28
+2 18
+1 18
+1 18
+1 18
+59 4
+1 4
+3 4
+1 4
366 4
+1 4
+1 4
+1 4
+2 4
+1 4
+3 4
+1 4
+3 4
+1 4
+4 3
+1 3
+2 1
+1 1
+2 1
+1 1
+1 1
+1 1
+1 1
+1 1
+2 6
+4 1
+1 1
+1 1
+1 2

fl=(249)
fn=(854)
30 2
+3 6
+2 2
-5 2
+9 4
fi=(215)
+20 1
fe=(249)
-29 1
fi=(215)
+29 1
cob=(4)
cfi=(175)
cfn=(856)
calls=1 -59 
* 13
fe=(249)
-18 1
+1 2

fl=(313)
fn=(1108)
26 12
+6 6
-6 30
+6 12
cfi=(172)
cfn=(552)
calls=6 +6 
* 60
* 30
+1 30

fl=(229)
fn=(758)
53 1
+2 1
+1 1
+1 1
+1 1
+1 1
+3 1
+1 1
+4 1
+1 1
+1 1
+1 1
+1 1
+1 1
+1 1
+1 1
+3 1
+8 1
+8 1
+1 2

fl=(453)
fn=(2838)
30 16
+8 32
+2 32
+28 32
+1 32
-25 32

fl=(475)
fn=(3292)
367 1
51 3
+1 2
367 3
57 2
+8 1
-3 1
-23 1
+1 4
+1 1
+29 1
+2 1
369 2
74 2
+6 4
+4 3
+3 2

fl=(191)
fn=(654)
31 1
+2 1
+9 1
+1 2
+1 1
+4 1
+1 1
+1 1
+1 1
+1 1
+2 2
+2 1
+1 1
+1 1
+2 2
+2 1
+5 1
+1 1
+17 1
cfi=(192)
cfn=(656)
calls=1 -57 
* 13

fl=(260)
fn=(886)
47 6
+3 12
-3 36
+6 12
+5 36
+2 24
-7 30

fl=(327)
fn=(1148)
23 1
+3 2

fl=(438)
fn=(2596)
24 14
+3 4
cfi=(439)
cfn=(2598)
calls=2 +7 
* 50
* 4
+1 12

fl=(103)
fn=(330)
65 1
-22 2
+1 1
-2 4
+2 2
+3 2
+4 3
+3 3
+11 1

fl=(217)
fn=(1560) unlink_chunk.isra.0
1608 481
+2 1443
-2 481
+2 962
+3 481
+1 962
+2 1924
-3 481
+6 481
+1 481
+1 1448
+2 88
+1 132
+3 88
+14 44
+1 44
+3 962

fn=(732) alloc_perturb
1985 1731
+2 577

fn=(2658) malloc_consolidate
4811 7
+17 7
-17 35
+28 7
-28 21
+15 7
+2 7
+13 14
+1 14
-1 126
+1 126
+62 210
+1 56
-31 840
+4 222
+2 111
+1 222
+1 222
+2 222
-4 309
+1 618
+1 618
+2 618
+1 240
+4 120
+2 120
-2 240
+3 120
+9 240
-12 300
+2 300
-2 600
+3 300
+9 1003
-56 840
+4 1260
+1 1680
+8 420
-3 840
+3 420
-3 420
+4 420
-4 420
+5 420
-5 420
+5 840
+2 840
+1 75
+2 75
-1 75
+2 300
+2 525
cfn=(1560)
calls=75 1608 
* 1593
* 375
+3 840
+4 309
+1 927
+16 618
-16 309
cfn=(1560)
calls=309 1608 
* 6840
* 1236

fn=(712)
3294 6456
+7 1614
1326 1612
+19 3952
3311 1448
+2 3228
+3 1612
+10 1226
+28 3678
3248 4
cfn=(722) tcache_init.part.0
calls=1 -6 
* 473
+68 2
+1 4
+1 2400
3178 388
+4 388
+4 194
+4 194
-4 582
+4 194
+1 194
3354 1164
-26 2452
cfn=(724) _int_malloc
calls=613 3846 
* 107996
+1 3065
fi=(218)
153 1220
264 1
cfn=(716)
calls=1 -2 
* 1151
fe=(217)
1326 2

fn=(1556) _int_free_merge_chunk
4665 375
+1 75
-1 225
+5 450
+3 150
+5 225
+3 150
+1 150
+1 150
1992 225
4689 150
+2 2
+2 2
-1 2
+2 8
+2 4
cfn=(1560)
calls=2 1608 
* 48
+18 150
+6 138
+4 63
+9 63
-1 63
+1 189
+1 126
-1 6
-1 6
+1 18
+1 12
+2 69
+2 138
+5 69
+1 69
+2 207
+1 69
-45 69
-1 138
+1 414
-1 69
cfn=(1558) _int_free_maybe_consolidate
calls=69 +69 
* 1668
+1 6
-1 12
+1 36
-1 6
cfn=(1558)
calls=6 +69 
* 11553
+39 105
+16 6
+1 18
+1 12
-37 6
+1 6
-1 6
cfn=(1560)
calls=6 1608 
* 168
+1 6
-47 225
-2 150

fn=(1558)
4770 825
+6 150
+22 814
-20 24
+3 18
-2 2
cfn=(2658)
calls=2 +32 
* 11174
* 2
+5 30
+1 4
+13 7
-13 1
cfn=(3026) systrim.constprop.0
calls=1 2957 
* 170

fn=(724)
3846 7414
1326 1348
+19 3984
3887 1228
1794 614
3914 1228
+65 976
-63 1952
+3 488
+2 976
+56 252
+62 419
+1 114
+20 661
-1 661
-1 661
+1 1322
+1 1322
-2 1320
+12 3305
-1 610
+4 610
+1 305
+2 610
-3 118
+1 59
+2 118
+1 1092
+2 364
+1 1456
+2 1456
-10 364
+12 728
+1 728
+2 728
+11 1338
+29 98
+1 98
+4 196
+29 192
+8 285
+1 9
+1 9
-1 9
+4 18
-4 37
+1 37
-1 37
+4 74
+5 2
-2 2
+2 6
+1 4
3887 120
+27 120
+66 636
+2 636
-2 636
+2 1272
+2 13
+1 26
+6 13
-4 13
+1 13
+1 13
+2 26
+7 52
-1 26
+1 26
+5 116
+1 56
+2 34
-92 180
1345 60
3919 120
+2 120
+9 1644
4041 10
cfn=(2658)
calls=5 4811 
* 20385
* 5
+93 10
+1 10
-1 10
+1 20
-14 10
+19 20
+1 60
4487 8088
1985 13
4020 13
1985 26
4163 144
+1 216
+1 72
-1 72
+57 144
+9 72
-9 144
+9 72
-9 216
+1 72
+1 72
+1 72
+1 72
+6 144
-10 92
+9 46
-9 92
+9 46
-9 138
+1 46
+1 46
+1 46
+1 46
+6 92
4070 354
4246 120
+11 1248
+2 114
+3 38
-3 38
+3 76
+1 417
+71 1245
-4 415
+1 415
+1 415
-1 415
+1 415
+1 830
+1 1245
+5 1827
+16 864
+2 1728
-4 2010
+8 141
+3 282
+2 66
+1 66
+1 66
-2 264
-27 66
-99 472
3163 10
+4 10
-4 10
+2 80
+1 20
+1 10
4070 21
+74 2
-45 572
+2 266
-1 532
+27 30
+1 30
+4 60
+29 76
+8 160
4008 17
+1 17
+1 34
3159 17
4012 17
3167 17
-8 17
+4 17
4013 17
3163 17
+2 68
+1 17
+2 17
-2 17
+1 17
+1 17
4218 44
-48 44
+48 132
4343 1152
+3 1464
-3 1017
+3 1316
-3 942
+3 1220
-3 606
4443 340
+1 680
+2 680
+3 1020
+17 32
4070 88
-91 528
4169 50
+23 6
+1 4
+6 2
+13 2
+1 4
-11 4
4343 44
+5 176
+1 88
+24 300
+3 150
+2 75
+3 150
-3 150
+3 75
cfn=(1560)
calls=75 1608 
* 1995
+3 300
+15 126
-5 63
+5 126
+1 126
+3 63
+1 63
+1 63
+3 126
+1 48
+1 126
+2 60
+3 240
+2 90
+1 30
1985 30
4421 30
1985 60
4415 264
+2 99
+1 33
1985 33
4421 33
1985 78
4421 12
1985 24
4387 12
-1 12
+1 24
4070 9
3199 9
-21 9
+4 18
+8 9
-4 36
+4 9
+1 18
4248 9
4105 236
-1 236
+3 236
-1 236
+1 472
+1 708
+1 472
+2 216
+4 108
+6 108
-6 108
+7 108
-7 648
+2 324
+5 108
-4 108
+4 108
cfn=(732)
calls=108 1985 
* 432
-7 128
+6 128
-6 128
+7 128
-7 768
+2 384
+5 128
-4 128
+4 128
cfn=(732)
calls=128 1985 
* 512
+1 236
2552 8
+12 8
-12 40
+12 8
+1 12
+3 16
+8 20
cfn=(2660) sysmalloc_mmap.isra.0
calls=4 2400 
* 476
* 4
+1 8
4482 8
-22 1023
cfn=(732)
calls=341 1985 
* 1364
+1 341
-9 664
+2 664
-1 332
+1 332
-3 332
+3 332
+2 332
-2 1328
+2 332
+3 666
4266 1
+1 6
+6 2
+5 1
+1 2
-1 2
+1 1
cfn=(1560)
calls=1 1608 
* 33
+3 4
2553 4
+36 12
+1 4
-1 4
+1 4
+9 34
+6 9
+3 12
2921 12
+1 4
+4 4
+4 20
+5 4
-2 4
+5 4
-3 8
-3 4
+2 4
+1 4
+1 4
-1 12
+1 4
4482 4
2669 12
+8 8
+1 12
+13 4
+2 4
-2 8
+8 20
+8 8
+48 4
+40 3
+19 2
+3 2
+1 6
+2 1
+1 5
cfi=(220)
cfn=(726)
calls=1 25 
* 33
+12 4
-12 1
+12 1
2008 4
3882 1
2873 1
+3 1
-1 1
+1 4
+12 1
-11 1
+11 2
2783 1
-1 2
2017 2
2745 1
+1 1
+6 3
-6 1
+6 3
-6 3
+6 9
-6 3
+6 15
+1 18
-44 12
cfi=(220)
cfn=(726)
calls=4 25 
* 211
+1 8
-1 4
+1 4
2008 4
2711 4
2008 12
2712 4
+3 8
+29 24
4285 1
-1 1
+1 2

fn=(866)
3699 2
+10 1
-10 7
+10 8
+8 2
+3 3
+2 2
+34 5
fi=(218)
153 2
fe=(217)
3732 1
+1 1
+21 2
-21 2
+21 1
cfn=(724)
calls=1 +92 
* 140
+2 2
+40 1
-12 1
+12 2
+3 5
+8 1
+2 2
+2 2
-55 3
+3 3
+78 1
fi=(223) ./malloc/../string/bits/string_fortified.h
59 2
fe=(217)
3837 6
fi=(223)
59 1
cob=(4)
cfi=(175)
cfn=(856)
calls=1 -59 
* 28
fe=(217)

fn=(3026)
2957 6
+9 3
+2 1
+1 2
+5 1
+1 1
-1 2
+4 5
+2 2
+40 6
-33 2
cfi=(220)
cfn=(726)
calls=1 25 
* 33
* 1
+1 4
+12 3
cfi=(220)
cfn=(726)
calls=1 25 
* 51
+1 2
cfi=(220)
cfn=(726)
calls=1 25 
* 33
+2 1
+2 2
+4 2
+4 2
-1 1
+1 2
+2 2

fn=(722)
3242 4
+9 8
+1 3
cfn=(724)
calls=1 3846 
* 359
+1 2
+8 4
+9 1
fi=(223)
59 2
fe=(217)
3270 1
fi=(223)
59 86
fe=(217)
3274 3

fn=(830)
3359 806
+4 1612
-4 2418
+14 806
-14 2418
+12 806
+4 806
-4 806
+4 1612
+17 2406
fi=(218)
153 2406
fe=(217)
3398 2406
cfn=(802) _int_free
calls=802 4495 
* 69953
+3 802
+1 4812
-23 12
+2 14
+2 3
+1 3
-1 3
+1 3
+1 3
+3 6
cfn=(2912) munmap_chunk
calls=3 3024 
* 108
* 2
cfn=(2912)
calls=1 3024 
* 36
+13 4
+1 24

fn=(2660)
2400 20
+13 12
-13 4
+18 8
+3 36
cfi=(260)
cfn=(886)
calls=4 47 
* 104
* 4
+3 8
+4 8
2008 16
2432 16
cfi=(441)
cfn=(2662)
calls=4 33 
* 122
+16 12
+19 4
-1 4
+5 4
-4 8
+4 8
+1 18
+3 12
+1 20
+5 28

fn=(802)
4495 6097
+4 2613
+6 3484
+1 1742
+4 4355
+8 3484
-1 1742
+1 1742
+29 831
-20 831
-6 831
+6 1662
+20 3324
1792 602
4561 1204
+11 2108
+2 1581
1992 527
4593 527
1992 1054
4595 527
+1 527
+4 1054
+2 527
-2 527
+2 527
+4 1054
+2 1581
+1 527
+19 2070
+30 4776
-21 150
+3 150
+18 75
-12 75
+12 300
-12 75
cfn=(1556)
calls=75 +19 
* 18525
3163 269
+4 269
-4 269
+2 1076
+1 269
+1 269
4550 269

fn=(796) _int_realloc
4914 688
+11 344
+1 430
+1 344
+6 172
+2 172
+1 258
+2 344
+3 172
+14 14
+53 28
-53 28
+57 14
-57 14
+57 28
-2 28
+2 6
+1 3
+16 3
+1 27
-1 11
+1 747
-79 172
+12 140
+12 236
cfn=(724)
calls=59 3846 
* 22617
* 59
+1 118
+9 59
-6 59
+1 59
+5 118
+8 58
-1 58
fi=(223)
29 58
fe=(217)
4993 348
fi=(223)
29 58
cob=(4)
cfi=(175)
cfn=(798)
calls=58 -29 
* 301288
fe=(217)
4997 232
cfn=(802)
calls=58 4495 
* 5101
+2 58
+22 11
-4 11
+3 11
+5 11
-4 11
-1 11
+1 11
+3 11
+1 22
cfn=(802)
calls=11 4495 
* 1024
* 11
-60 21
-1 42
+5 39
cfn=(1560)
calls=13 1608 
* 306
+44 26
-48 26
+15 1
+7 1
+19 2
-13 1
+20 2
-61 16
+1 16
-2 32
+4 56
+2 14
-2 14
+2 14
-2 28
+1 14
-1 28
+4 14
-3 14
+1 14
+2 14

fn=(2912)
3024 4
+2 4
-1 4
+1 8
+2 4
-3 4
-1 4
+4 4
+3 8
+7 4
-8 4
+9 4
-8 4
+1 4
+6 12
+1 16
+3 4
+1 12
+6 4
-1 8
cfi=(261)
cfn=(1144)
calls=4 117 
* 24

fn=(792)
3407 990
+6 180
+4 180
3538 3
3425 3
3538 18
3425 3
cfn=(712)
calls=3 3294 
* 567
-1 180
5241 87
3433 87
5242 261
-1 174
+2 174
3489 1
+49 783
5244 87
3441 174
+2 1
+1 2
+12 258
fi=(218)
153 258
fe=(217)
3464 344
+1 172
1326 172
+19 516
3475 172
+31 172
+2 516
cfn=(796)
calls=86 4914 
* 336671
* 86
+1 430
fi=(218)
153 340
fe=(217)
3509 170

fl=(89)
fn=(296)
29 2
fi=(90) ./string/../sysdeps/x86_64/multiarch/ifunc-memset.h
+25 10
+3 6
+7 4
+9 4
+2 4
+10 4
+8 4
+3 10
fe=(89)

fl=(104)
fn=(332)
29 1
fi=(105) ./debug/../sysdeps/x86_64/multiarch/ifunc-memset.h
+25 5
+3 3
+7 2
+9 2
+2 2
+10 2
+8 2
+3 5
fe=(104)

fl=(132)
fn=(410)
33 1
fi=(118)
+5 2
+1 1
-1 2
+1 2
+3 2
+4 3
+3 3
fe=(132)
-16 1

fl=(180)
fn=(594)
30 1
+1 2
-1 4
+1 4
+2 3
cob=(4)
cfi=(175)
cfn=(596)
calls=1 -33 
* 64
+4 5
+1 3
+2 4

fl=(123)
fn=(378)
31 2
fi=(124) ./wcsmbs/../sysdeps/x86_64/multiarch/ifunc-wmemset.h
+5 10
+1 6
fe=(123)
-6 2

fl=(314)
fn=(1112)
26 1
+1 2
fi=(203)
+27 1
fe=(314)
-20 1
+1 1

fl=(257)
fn=(880)
120 15
+2 3

fl=(120)
fn=(370)
31 1
fi=(84)
+9 3
-2 4
fe=(120)
-7 2
fi=(84)
+10 2
+1 3
+3 2
+4 3
+3 5
fe=(120)

fl=(326)
fn=(1146)
26 6
+2 1
+22 1
-22 4
+3 6
-3 9
+2 9
+1 9
+19 1
cob=(4)
cfi=(175)
cfn=(828)
calls=1 -50 
* 87
+2 5

fl=(83)
fn=(284)
31 2
fi=(84)
+9 6
-2 8
fe=(83)
-7 4
fi=(84)
+10 4
+1 6
+3 4
+4 6
+3 10
fe=(83)

fl=(106)
fn=(336)
28 1
fi=(84)
+12 3
-2 4
fe=(106)
-10 2
fi=(84)
+13 2
+1 3
+3 2
+4 3
+3 5
fe=(106)

fl=(133)
fn=(414)
29 2
fi=(99)
+28 6
-1 4
+4 6
+14 4
+3 4
+8 4
+8 4
+3 10
fe=(133)

fl=(294)
fn=(1034)
30 2
+3 1
-3 10
+3 6
+8 9
+2 8

fl=(186)
fn=(628)
242 13
+69 3
+1 3
cfi=(187)
cfn=(630)
calls=1 67 
* 72
+25 6
+6 2
-3 2
+10 2
cob=(4)
cfi=(175)
cfn=(646)
calls=1 0 
* 7
+2 2
+8 4
cfi=(189)
cfn=(650)
calls=1 29 
* 3492342317
128 2
+6 3
+1 6
cob=(4)
cfi=(175)
cfn=(634)
calls=1 0 
* 7
* 1
+3 1
+1 2
+3 2
+1 2
-1 1
+2 9
+1 4
cob=(7)
cfi=(185)
cfn=(640)
calls=1 0 
* 12
* 4
cob=(7)
cfi=(188)
cfn=(638)
calls=1 -14 
* 4
-1 7

fl=(308)
fn=(1096)
24 1
fi=(309)
+35 1
fe=(308)
-35 1
fi=(309)
+35 49
fe=(308)
-29 1

totals: 3492735821
